time,price
2024-09-30T00:00:00Z,8.4
2024-09-30T01:00:00Z,5.53
2024-09-30T02:00:00Z,5.61
2024-09-30T03:00:00Z,16.98
2024-09-30T04:00:00Z,42.23
2024-09-30T05:00:00Z,80.099998
2024-09-30T06:00:00Z,80.099998
2024-09-30T07:00:00Z,60
2024-09-30T08:00:00Z,36.580002
2024-09-30T09:00:00Z,20.91
2024-09-30T10:00:00Z,9.28
2024-09-30T11:00:00Z,2.06
2024-09-30T12:00:00Z,7.63
2024-09-30T13:00:00Z,21.959999
2024-09-30T14:00:00Z,24.190001
2024-09-30T15:00:00Z,32.720001
2024-09-30T16:00:00Z,35.990002
2024-09-30T17:00:00Z,36.630001
2024-09-30T18:00:00Z,36.299999
2024-09-30T19:00:00Z,21.93
2024-09-30T20:00:00Z,20.01
2024-09-30T21:00:00Z,9.84
2024-09-30T22:00:00Z,3.21
2024-09-30T23:00:00Z,0.07
2024-10-01T00:00:00Z,0.05
2024-10-01T01:00:00Z,0.02
2024-10-01T02:00:00Z,0.09
2024-10-01T03:00:00Z,6.8
2024-10-01T04:00:00Z,33.48
2024-10-01T05:00:00Z,39.419998
2024-10-01T06:00:00Z,41.32
2024-10-01T07:00:00Z,41.509998
2024-10-01T08:00:00Z,38.650002
2024-10-01T09:00:00Z,34.990002
2024-10-01T10:00:00Z,34.959999
2024-10-01T11:00:00Z,34.990002
2024-10-01T12:00:00Z,34.959999
2024-10-01T13:00:00Z,39.709999
2024-10-01T14:00:00Z,43.560001
2024-10-01T15:00:00Z,52.709999
2024-10-01T16:00:00Z,54.400002
2024-10-01T17:00:00Z,56.52
2024-10-01T18:00:00Z,49.200001
2024-10-01T19:00:00Z,46.330002
2024-10-01T20:00:00Z,43.139999
2024-10-01T21:00:00Z,41.57
2024-10-01T22:00:00Z,58.040001
2024-10-01T23:00:00Z,49.259998
2024-10-02T00:00:00Z,50.09
2024-10-02T01:00:00Z,48.990002
2024-10-02T02:00:00Z,48.639999
2024-10-02T03:00:00Z,48.740002
2024-10-02T04:00:00Z,79.980003
2024-10-02T05:00:00Z,92.910004
2024-10-02T06:00:00Z,122.540001
2024-10-02T07:00:00Z,94.029999
2024-10-02T08:00:00Z,65.019997
2024-10-02T09:00:00Z,52.889999
2024-10-02T10:00:00Z,57.799999
2024-10-02T11:00:00Z,80.07
2024-10-02T12:00:00Z,78.400002
2024-10-02T13:00:00Z,81.43
2024-10-02T14:00:00Z,81.510002
2024-10-02T15:00:00Z,100.099998
2024-10-02T16:00:00Z,117.010002
2024-10-02T17:00:00Z,130.070007
2024-10-02T18:00:00Z,114.370003
2024-10-02T19:00:00Z,96.540001
2024-10-02T20:00:00Z,93.300003
2024-10-02T21:00:00Z,85
2024-10-02T22:00:00Z,67.330002
2024-10-02T23:00:00Z,65.860001
2024-10-03T00:00:00Z,65.139999
2024-10-03T01:00:00Z,64.18
2024-10-03T02:00:00Z,63.98
2024-10-03T03:00:00Z,64.400002
2024-10-03T04:00:00Z,65.43
2024-10-03T05:00:00Z,73.370003
2024-10-03T06:00:00Z,76.669998
2024-10-03T07:00:00Z,72.900002
2024-10-03T08:00:00Z,69.279999
2024-10-03T09:00:00Z,63.040001
2024-10-03T10:00:00Z,47.09
2024-10-03T11:00:00Z,33.98
2024-10-03T12:00:00Z,39.139999
2024-10-03T13:00:00Z,51.360001
2024-10-03T14:00:00Z,66.040001
2024-10-03T15:00:00Z,89.699997
2024-10-03T16:00:00Z,110.07
2024-10-03T17:00:00Z,115.32
2024-10-03T18:00:00Z,108.279999
2024-10-03T19:00:00Z,98.760002
2024-10-03T20:00:00Z,90.959999
2024-10-03T21:00:00Z,81.459999
2024-10-03T22:00:00Z,73.900002
2024-10-03T23:00:00Z,72.519997
2024-10-04T00:00:00Z,72.099998
2024-10-04T01:00:00Z,72
2024-10-04T02:00:00Z,72.330002
2024-10-04T03:00:00Z,77.099998
2024-10-04T04:00:00Z,103
2024-10-04T05:00:00Z,126.540001
2024-10-04T06:00:00Z,141.419998
2024-10-04T07:00:00Z,116.269997
2024-10-04T08:00:00Z,100.089996
2024-10-04T09:00:00Z,85
2024-10-04T10:00:00Z,75.07
2024-10-04T11:00:00Z,73.489998
2024-10-04T12:00:00Z,75.82
2024-10-04T13:00:00Z,79.07
2024-10-04T14:00:00Z,89.800003
2024-10-04T15:00:00Z,107.099998
2024-10-04T16:00:00Z,131.970001
2024-10-04T17:00:00Z,149.020004
2024-10-04T18:00:00Z,123.699997
2024-10-04T19:00:00Z,99.900002
2024-10-04T20:00:00Z,99.900002
2024-10-04T21:00:00Z,90
2024-10-04T22:00:00Z,93.099998
2024-10-04T23:00:00Z,84.639999
2024-10-05T00:00:00Z,81.400002
2024-10-05T01:00:00Z,75.540001
2024-10-05T02:00:00Z,75.720001
2024-10-05T03:00:00Z,79.82
2024-10-05T04:00:00Z,86.199997
2024-10-05T05:00:00Z,100.400002
2024-10-05T06:00:00Z,110.620003
2024-10-05T07:00:00Z,103
2024-10-05T08:00:00Z,82.419998
2024-10-05T09:00:00Z,68.269997
2024-10-05T10:00:00Z,51.439999
2024-10-05T11:00:00Z,38.880001
2024-10-05T12:00:00Z,43.490002
2024-10-05T13:00:00Z,56.16
2024-10-05T14:00:00Z,72.980003
2024-10-05T15:00:00Z,92.550003
2024-10-05T16:00:00Z,138.070007
2024-10-05T17:00:00Z,137.970001
2024-10-05T18:00:00Z,107.230003
2024-10-05T19:00:00Z,94.57
2024-10-05T20:00:00Z,84.970001
2024-10-05T21:00:00Z,67
2024-10-05T22:00:00Z,65.120003
2024-10-05T23:00:00Z,60.650002
2024-10-06T00:00:00Z,59.099998
2024-10-06T01:00:00Z,58.130001
2024-10-06T02:00:00Z,56.93
2024-10-06T03:00:00Z,58.130001
2024-10-06T04:00:00Z,57.93
2024-10-06T05:00:00Z,70.419998
2024-10-06T06:00:00Z,65.870003
2024-10-06T07:00:00Z,60.060001
2024-10-06T08:00:00Z,35.279999
2024-10-06T09:00:00Z,16.68
2024-10-06T10:00:00Z,10.69
2024-10-06T11:00:00Z,5.62
2024-10-06T12:00:00Z,2.18
2024-10-06T13:00:00Z,1.79
2024-10-06T14:00:00Z,53.099998
2024-10-06T15:00:00Z,82.779999
2024-10-06T16:00:00Z,106.300003
2024-10-06T17:00:00Z,97.220001
2024-10-06T18:00:00Z,72.980003
2024-10-06T19:00:00Z,59.369999
2024-10-06T20:00:00Z,58.689999
2024-10-06T21:00:00Z,51.709999
2024-10-06T22:00:00Z,34.580002
2024-10-06T23:00:00Z,35.34
2024-10-07T00:00:00Z,33.25
2024-10-07T01:00:00Z,30.15
2024-10-07T02:00:00Z,34.950001
2024-10-07T03:00:00Z,39.16
2024-10-07T04:00:00Z,44.990002
2024-10-07T05:00:00Z,50.75
2024-10-07T06:00:00Z,55.549999
2024-10-07T07:00:00Z,51.48
2024-10-07T08:00:00Z,49.959999
2024-10-07T09:00:00Z,47.799999
2024-10-07T10:00:00Z,45.73
2024-10-07T11:00:00Z,43.200001
2024-10-07T12:00:00Z,48.080002
2024-10-07T13:00:00Z,61.450001
2024-10-07T14:00:00Z,88.790001
2024-10-07T15:00:00Z,117.199997
2024-10-07T16:00:00Z,188.490005
2024-10-07T17:00:00Z,188.529999
2024-10-07T18:00:00Z,121.980003
2024-10-07T19:00:00Z,99.93
2024-10-07T20:00:00Z,91.910004
2024-10-07T21:00:00Z,79.120003
2024-10-07T22:00:00Z,72.330002
2024-10-07T23:00:00Z,67.07
2024-10-08T00:00:00Z,63.990002
2024-10-08T01:00:00Z,59.669998
2024-10-08T02:00:00Z,59.689999
2024-10-08T03:00:00Z,67.43
2024-10-08T04:00:00Z,85.970001
2024-10-08T05:00:00Z,110.370003
2024-10-08T06:00:00Z,106.239998
2024-10-08T07:00:00Z,85
2024-10-08T08:00:00Z,80.330002
2024-10-08T09:00:00Z,73.419998
2024-10-08T10:00:00Z,66.510002
2024-10-08T11:00:00Z,70.970001
2024-10-08T12:00:00Z,75.790001
2024-10-08T13:00:00Z,77.529999
2024-10-08T14:00:00Z,93.129997
2024-10-08T15:00:00Z,114
2024-10-08T16:00:00Z,144
2024-10-08T17:00:00Z,153.089996
2024-10-08T18:00:00Z,114.410004
2024-10-08T19:00:00Z,94.900002
2024-10-08T20:00:00Z,86.599998
2024-10-08T21:00:00Z,67.599998
2024-10-08T22:00:00Z,61.93
2024-10-08T23:00:00Z,60
2024-10-09T00:00:00Z,57.48
2024-10-09T01:00:00Z,54.32
2024-10-09T02:00:00Z,57.32
2024-10-09T03:00:00Z,63.869999
2024-10-09T04:00:00Z,86.699997
2024-10-09T05:00:00Z,110.800003
2024-10-09T06:00:00Z,110.980003
2024-10-09T07:00:00Z,87
2024-10-09T08:00:00Z,72.089996
2024-10-09T09:00:00Z,59.900002
2024-10-09T10:00:00Z,59.799999
2024-10-09T11:00:00Z,59.849998
2024-10-09T12:00:00Z,67.629997
2024-10-09T13:00:00Z,77.169998
2024-10-09T14:00:00Z,95
2024-10-09T15:00:00Z,117.449997
2024-10-09T16:00:00Z,122.529999
2024-10-09T17:00:00Z,127.120003
2024-10-09T18:00:00Z,111.050003
2024-10-09T19:00:00Z,95.800003
2024-10-09T20:00:00Z,95.099998
2024-10-09T21:00:00Z,82.339996
2024-10-09T22:00:00Z,61.189999
2024-10-09T23:00:00Z,46.889999
2024-10-10T00:00:00Z,37.75
2024-10-10T01:00:00Z,32
2024-10-10T02:00:00Z,29.639999
2024-10-10T03:00:00Z,39.599998
2024-10-10T04:00:00Z,62.099998
2024-10-10T05:00:00Z,84.900002
2024-10-10T06:00:00Z,80.459999
2024-10-10T07:00:00Z,67.5
2024-10-10T08:00:00Z,52.009998
2024-10-10T09:00:00Z,38.93
2024-10-10T10:00:00Z,21.889999
2024-10-10T11:00:00Z,15.94
2024-10-10T12:00:00Z,20.01
2024-10-10T13:00:00Z,37.18
2024-10-10T14:00:00Z,37.18
2024-10-10T15:00:00Z,38.23
2024-10-10T16:00:00Z,39.48
2024-10-10T17:00:00Z,38.639999
2024-10-10T18:00:00Z,36.82
2024-10-10T19:00:00Z,35.380001
2024-10-10T20:00:00Z,30
2024-10-10T21:00:00Z,31.68
2024-10-10T22:00:00Z,34.709999
2024-10-10T23:00:00Z,34.720001
2024-10-11T00:00:00Z,35.09
2024-10-11T01:00:00Z,35.880001
2024-10-11T02:00:00Z,35.91
2024-10-11T03:00:00Z,36.759998
2024-10-11T04:00:00Z,41.32
2024-10-11T05:00:00Z,58.889999
2024-10-11T06:00:00Z,79.629997
2024-10-11T07:00:00Z,53.720001
2024-10-11T08:00:00Z,49.32
2024-10-11T09:00:00Z,43.57
2024-10-11T10:00:00Z,42.43
2024-10-11T11:00:00Z,41.59
2024-10-11T12:00:00Z,40.130001
2024-10-11T13:00:00Z,39.970001
2024-10-11T14:00:00Z,40.07
2024-10-11T15:00:00Z,66.589996
2024-10-11T16:00:00Z,125.940002
2024-10-11T17:00:00Z,161.970001
2024-10-11T18:00:00Z,120
2024-10-11T19:00:00Z,99.790001
2024-10-11T20:00:00Z,98.410004
2024-10-11T21:00:00Z,87.830002
2024-10-11T22:00:00Z,90.089996
2024-10-11T23:00:00Z,79.419998
2024-10-12T00:00:00Z,75.580002
2024-10-12T01:00:00Z,75.019997
2024-10-12T02:00:00Z,71.919998
2024-10-12T03:00:00Z,67.900002
2024-10-12T04:00:00Z,71.629997
2024-10-12T05:00:00Z,53.630001
2024-10-12T06:00:00Z,50.709999
2024-10-12T07:00:00Z,41.669998
2024-10-12T08:00:00Z,35.299999
2024-10-12T09:00:00Z,34.279999
2024-10-12T10:00:00Z,24.790001
2024-10-12T11:00:00Z,14.33
2024-10-12T12:00:00Z,23.34
2024-10-12T13:00:00Z,35.310001
2024-10-12T14:00:00Z,29.35
2024-10-12T15:00:00Z,56.799999
2024-10-12T16:00:00Z,48.509998
2024-10-12T17:00:00Z,40.080002
2024-10-12T18:00:00Z,38.779999
2024-10-12T19:00:00Z,38.639999
2024-10-12T20:00:00Z,34.869999
2024-10-12T21:00:00Z,25.370001
2024-10-12T22:00:00Z,0
2024-10-12T23:00:00Z,-0.01
2024-10-13T00:00:00Z,-0.07
2024-10-13T01:00:00Z,-0.37
2024-10-13T02:00:00Z,-0.51
2024-10-13T03:00:00Z,-0.09
2024-10-13T04:00:00Z,-0.01
2024-10-13T05:00:00Z,1.72
2024-10-13T06:00:00Z,17.959999
2024-10-13T07:00:00Z,9.85
2024-10-13T08:00:00Z,4.91
2024-10-13T09:00:00Z,6.21
2024-10-13T10:00:00Z,6.38
2024-10-13T11:00:00Z,7.1
2024-10-13T12:00:00Z,7.92
2024-10-13T13:00:00Z,12.68
2024-10-13T14:00:00Z,15.85
2024-10-13T15:00:00Z,22.25
2024-10-13T16:00:00Z,35.830002
2024-10-13T17:00:00Z,54.049999
2024-10-13T18:00:00Z,39.509998
2024-10-13T19:00:00Z,38.43
2024-10-13T20:00:00Z,40.130001
2024-10-13T21:00:00Z,36.810001
2024-10-13T22:00:00Z,37.099998
2024-10-13T23:00:00Z,35.25
2024-10-14T00:00:00Z,35.169998
2024-10-14T01:00:00Z,34.360001
2024-10-14T02:00:00Z,39.330002
2024-10-14T03:00:00Z,62.200001
2024-10-14T04:00:00Z,98.739998
2024-10-14T05:00:00Z,130.529999
2024-10-14T06:00:00Z,153.119995
2024-10-14T07:00:00Z,117.940002
2024-10-14T08:00:00Z,100.949997
2024-10-14T09:00:00Z,93.230003
2024-10-14T10:00:00Z,86.239998
2024-10-14T11:00:00Z,82.599998
2024-10-14T12:00:00Z,74.160004
2024-10-14T13:00:00Z,87.080002
2024-10-14T14:00:00Z,105.790001
2024-10-14T15:00:00Z,158.509995
2024-10-14T16:00:00Z,250
2024-10-14T17:00:00Z,263.269989
2024-10-14T18:00:00Z,158
2024-10-14T19:00:00Z,114.120003
2024-10-14T20:00:00Z,99.660004
2024-10-14T21:00:00Z,94.800003
2024-10-14T22:00:00Z,91.230003
2024-10-14T23:00:00Z,86.489998
2024-10-15T00:00:00Z,88.349998
2024-10-15T01:00:00Z,84.040001
2024-10-15T02:00:00Z,80.800003
2024-10-15T03:00:00Z,89.510002
2024-10-15T04:00:00Z,114.529999
2024-10-15T05:00:00Z,185.389999
2024-10-15T06:00:00Z,176.610001
2024-10-15T07:00:00Z,110.540001
2024-10-15T08:00:00Z,92.75
2024-10-15T09:00:00Z,83.050003
2024-10-15T10:00:00Z,78.470001
2024-10-15T11:00:00Z,71.75
2024-10-15T12:00:00Z,75.900002
2024-10-15T13:00:00Z,83.360001
2024-10-15T14:00:00Z,89.029999
2024-10-15T15:00:00Z,120.690002
2024-10-15T16:00:00Z,136.789993
2024-10-15T17:00:00Z,97.309998
2024-10-15T18:00:00Z,76.260002
2024-10-15T19:00:00Z,66.650002
2024-10-15T20:00:00Z,59.650002
2024-10-15T21:00:00Z,40.779999
2024-10-15T22:00:00Z,23.35
2024-10-15T23:00:00Z,12.8
2024-10-16T00:00:00Z,5.3
2024-10-16T01:00:00Z,3.61
2024-10-16T02:00:00Z,3.16
2024-10-16T03:00:00Z,8.2
2024-10-16T04:00:00Z,40.349998
2024-10-16T05:00:00Z,47.41
2024-10-16T06:00:00Z,54.450001
2024-10-16T07:00:00Z,47.549999
2024-10-16T08:00:00Z,26.68
2024-10-16T09:00:00Z,14.16
2024-10-16T10:00:00Z,4.09
2024-10-16T11:00:00Z,2.04
2024-10-16T12:00:00Z,4
2024-10-16T13:00:00Z,14.18
2024-10-16T14:00:00Z,33
2024-10-16T15:00:00Z,35.25
2024-10-16T16:00:00Z,37.189999
2024-10-16T17:00:00Z,36.52
2024-10-16T18:00:00Z,35.849998
2024-10-16T19:00:00Z,34.529999
2024-10-16T20:00:00Z,32.439999
2024-10-16T21:00:00Z,26.540001
2024-10-16T22:00:00Z,17.040001
2024-10-16T23:00:00Z,12.15
2024-10-17T00:00:00Z,10.48
2024-10-17T01:00:00Z,5.61
2024-10-17T02:00:00Z,10.01
2024-10-17T03:00:00Z,28.969999
2024-10-17T04:00:00Z,35.080002
2024-10-17T05:00:00Z,40.029999
2024-10-17T06:00:00Z,41.119999
2024-10-17T07:00:00Z,40.459999
2024-10-17T08:00:00Z,38.459999
2024-10-17T09:00:00Z,38.48
2024-10-17T10:00:00Z,38.959999
2024-10-17T11:00:00Z,40.919998
2024-10-17T12:00:00Z,43.290001
2024-10-17T13:00:00Z,63.549999
2024-10-17T14:00:00Z,92.68
2024-10-17T15:00:00Z,119.699997
2024-10-17T16:00:00Z,173.210007
2024-10-17T17:00:00Z,171
2024-10-17T18:00:00Z,117.5
2024-10-17T19:00:00Z,97.809998
2024-10-17T20:00:00Z,89.050003
2024-10-17T21:00:00Z,82.209999
2024-10-17T22:00:00Z,80.949997
2024-10-17T23:00:00Z,81.160004
2024-10-18T00:00:00Z,82.730003
2024-10-18T01:00:00Z,78.839996
2024-10-18T02:00:00Z,81.190002
2024-10-18T03:00:00Z,84.339996
2024-10-18T04:00:00Z,98.889999
2024-10-18T05:00:00Z,149.779999
2024-10-18T06:00:00Z,156.240005
2024-10-18T07:00:00Z,111
2024-10-18T08:00:00Z,95.760002
2024-10-18T09:00:00Z,85.300003
2024-10-18T10:00:00Z,82.959999
2024-10-18T11:00:00Z,80.199997
2024-10-18T12:00:00Z,81.190002
2024-10-18T13:00:00Z,84.339996
2024-10-18T14:00:00Z,103.290001
2024-10-18T15:00:00Z,133.669998
2024-10-18T16:00:00Z,181.279999
2024-10-18T17:00:00Z,142.580002
2024-10-18T18:00:00Z,103.25
2024-10-18T19:00:00Z,96.830002
2024-10-18T20:00:00Z,93.260002
2024-10-18T21:00:00Z,85.540001
2024-10-18T22:00:00Z,87.059998
2024-10-18T23:00:00Z,83.029999
2024-10-19T00:00:00Z,79.910004
2024-10-19T01:00:00Z,75.260002
2024-10-19T02:00:00Z,75.870003
2024-10-19T03:00:00Z,76.769997
2024-10-19T04:00:00Z,80
2024-10-19T05:00:00Z,91.910004
2024-10-19T06:00:00Z,89.660004
2024-10-19T07:00:00Z,84.599998
2024-10-19T08:00:00Z,78.800003
2024-10-19T09:00:00Z,73.32
2024-10-19T10:00:00Z,66.160004
2024-10-19T11:00:00Z,60.959999
2024-10-19T12:00:00Z,63.889999
2024-10-19T13:00:00Z,79.07
2024-10-19T14:00:00Z,98.089996
2024-10-19T15:00:00Z,109.139999
2024-10-19T16:00:00Z,135.820007
2024-10-19T17:00:00Z,118.93
2024-10-19T18:00:00Z,96.800003
2024-10-19T19:00:00Z,90.18
2024-10-19T20:00:00Z,83.830002
2024-10-19T21:00:00Z,73.330002
2024-10-19T22:00:00Z,54.040001
2024-10-19T23:00:00Z,54.900002
2024-10-20T00:00:00Z,54.580002
2024-10-20T01:00:00Z,55.91
2024-10-20T02:00:00Z,59.59
2024-10-20T03:00:00Z,32.43
2024-10-20T04:00:00Z,32.23
2024-10-20T05:00:00Z,39.060001
2024-10-20T06:00:00Z,48.259998
2024-10-20T07:00:00Z,45.75
2024-10-20T08:00:00Z,6.37
2024-10-20T09:00:00Z,0.08
2024-10-20T10:00:00Z,0
2024-10-20T11:00:00Z,-0.98
2024-10-20T12:00:00Z,-2.01
2024-10-20T13:00:00Z,0
2024-10-20T14:00:00Z,5.1
2024-10-20T15:00:00Z,55.450001
2024-10-20T16:00:00Z,42.669998
2024-10-20T17:00:00Z,36.060001
2024-10-20T18:00:00Z,33.91
2024-10-20T19:00:00Z,20.950001
2024-10-20T20:00:00Z,12.15
2024-10-20T21:00:00Z,1.93
2024-10-20T22:00:00Z,-0.1
2024-10-20T23:00:00Z,-0.1
2024-10-21T00:00:00Z,-0.14
2024-10-21T01:00:00Z,-0.08
2024-10-21T02:00:00Z,-0.04
2024-10-21T03:00:00Z,3.25
2024-10-21T04:00:00Z,4.37
2024-10-21T05:00:00Z,40.380001
2024-10-21T06:00:00Z,39.16
2024-10-21T07:00:00Z,32.200001
2024-10-21T08:00:00Z,28.879999
2024-10-21T09:00:00Z,27.98
2024-10-21T10:00:00Z,25.27
2024-10-21T11:00:00Z,28.120001
2024-10-21T12:00:00Z,22.620001
2024-10-21T13:00:00Z,58.27
2024-10-21T14:00:00Z,89.870003
2024-10-21T15:00:00Z,130.039993
2024-10-21T16:00:00Z,212.149994
2024-10-21T17:00:00Z,188.350006
2024-10-21T18:00:00Z,128.440002
2024-10-21T19:00:00Z,100.599998
2024-10-21T20:00:00Z,97.800003
2024-10-21T21:00:00Z,92.970001
2024-10-21T22:00:00Z,89.419998
2024-10-21T23:00:00Z,87.519997
2024-10-22T00:00:00Z,85.690002
2024-10-22T01:00:00Z,83.599998
2024-10-22T02:00:00Z,83.019997
2024-10-22T03:00:00Z,86
2024-10-22T04:00:00Z,98.139999
2024-10-22T05:00:00Z,150
2024-10-22T06:00:00Z,162.940002
2024-10-22T07:00:00Z,113.440002
2024-10-22T08:00:00Z,98.790001
2024-10-22T09:00:00Z,85.690002
2024-10-22T10:00:00Z,33.080002
2024-10-22T11:00:00Z,31.18
2024-10-22T12:00:00Z,30.24
2024-10-22T13:00:00Z,30.809999
2024-10-22T14:00:00Z,35.279999
2024-10-22T15:00:00Z,101.779999
2024-10-22T16:00:00Z,139.919998
2024-10-22T17:00:00Z,157.75
2024-10-22T18:00:00Z,114.019997
2024-10-22T19:00:00Z,93.550003
2024-10-22T20:00:00Z,95.720001
2024-10-22T21:00:00Z,88.349998
2024-10-22T22:00:00Z,80.830002
2024-10-22T23:00:00Z,83.230003
2024-10-23T00:00:00Z,82.019997
2024-10-23T01:00:00Z,83.209999
2024-10-23T02:00:00Z,85.800003
2024-10-23T03:00:00Z,90.639999
2024-10-23T04:00:00Z,104.720001
2024-10-23T05:00:00Z,137.490005
2024-10-23T06:00:00Z,161.679993
2024-10-23T07:00:00Z,128.419998
2024-10-23T08:00:00Z,104.099998
2024-10-23T09:00:00Z,93.019997
2024-10-23T10:00:00Z,80.580002
2024-10-23T11:00:00Z,77.07
2024-10-23T12:00:00Z,75.419998
2024-10-23T13:00:00Z,88.209999
2024-10-23T14:00:00Z,93.360001
2024-10-23T15:00:00Z,135.389999
2024-10-23T16:00:00Z,191.600006
2024-10-23T17:00:00Z,176
2024-10-23T18:00:00Z,111.709999
2024-10-23T19:00:00Z,101.220001
2024-10-23T20:00:00Z,102.93
2024-10-23T21:00:00Z,93.160004
2024-10-23T22:00:00Z,86.760002
2024-10-23T23:00:00Z,80.110001
2024-10-24T00:00:00Z,78.099998
2024-10-24T01:00:00Z,75.669998
2024-10-24T02:00:00Z,71.360001
2024-10-24T03:00:00Z,80.169998
2024-10-24T04:00:00Z,100.349998
2024-10-24T05:00:00Z,141.860001
2024-10-24T06:00:00Z,165.389999
2024-10-24T07:00:00Z,117.300003
2024-10-24T08:00:00Z,101.910004
2024-10-24T09:00:00Z,93.050003
2024-10-24T10:00:00Z,83.959999
2024-10-24T11:00:00Z,79.150002
2024-10-24T12:00:00Z,81.510002
2024-10-24T13:00:00Z,95.699997
2024-10-24T14:00:00Z,108.589996
2024-10-24T15:00:00Z,123.580002
2024-10-24T16:00:00Z,138.699997
2024-10-24T17:00:00Z,114.190002
2024-10-24T18:00:00Z,96.610001
2024-10-24T19:00:00Z,93.639999
2024-10-24T20:00:00Z,89.900002
2024-10-24T21:00:00Z,83.610001
2024-10-24T22:00:00Z,82.5
2024-10-24T23:00:00Z,82.07
2024-10-25T00:00:00Z,79.690002
2024-10-25T01:00:00Z,82.599998
2024-10-25T02:00:00Z,84.470001
2024-10-25T03:00:00Z,94.589996
2024-10-25T04:00:00Z,108.940002
2024-10-25T05:00:00Z,123.75
2024-10-25T06:00:00Z,150.589996
2024-10-25T07:00:00Z,122.43
2024-10-25T08:00:00Z,108.150002
2024-10-25T09:00:00Z,93.900002
2024-10-25T10:00:00Z,81.080002
2024-10-25T11:00:00Z,78.18
2024-10-25T12:00:00Z,82.470001
2024-10-25T13:00:00Z,99.330002
2024-10-25T14:00:00Z,118.029999
2024-10-25T15:00:00Z,158.729996
2024-10-25T16:00:00Z,227.320007
2024-10-25T17:00:00Z,184.850006
2024-10-25T18:00:00Z,123.860001
2024-10-25T19:00:00Z,116.290001
2024-10-25T20:00:00Z,113.959999
2024-10-25T21:00:00Z,107.400002
2024-10-25T22:00:00Z,115.290001
2024-10-25T23:00:00Z,109.639999
2024-10-26T00:00:00Z,106.949997
2024-10-26T01:00:00Z,107.790001
2024-10-26T02:00:00Z,105.699997
2024-10-26T03:00:00Z,106.82
2024-10-26T04:00:00Z,113.93
2024-10-26T05:00:00Z,125.709999
2024-10-26T06:00:00Z,126
2024-10-26T07:00:00Z,117.57
2024-10-26T08:00:00Z,101.389999
2024-10-26T09:00:00Z,81.480003
2024-10-26T10:00:00Z,68.349998
2024-10-26T11:00:00Z,63.299999
2024-10-26T12:00:00Z,64.550003
2024-10-26T13:00:00Z,81.440002
2024-10-26T14:00:00Z,100.599998
2024-10-26T15:00:00Z,125.730003
2024-10-26T16:00:00Z,150.899994
2024-10-26T17:00:00Z,118.739998
2024-10-26T18:00:00Z,96.480003
2024-10-26T19:00:00Z,88.760002
2024-10-26T20:00:00Z,87.5
2024-10-26T21:00:00Z,76.629997
2024-10-26T22:00:00Z,92.220001
2024-10-26T23:00:00Z,84
2024-10-27T00:00:00Z,82.230003
2024-10-27T01:00:00Z,80.43
2024-10-27T02:00:00Z,79.410004
2024-10-27T03:00:00Z,78.790001
2024-10-27T04:00:00Z,85.139999
2024-10-27T05:00:00Z,89.209999
2024-10-27T06:00:00Z,88.050003
2024-10-27T07:00:00Z,84.339996
2024-10-27T08:00:00Z,66.480003
2024-10-27T09:00:00Z,54.720001
2024-10-27T10:00:00Z,42.5
2024-10-27T11:00:00Z,39.990002
2024-10-27T12:00:00Z,40
2024-10-27T13:00:00Z,64.330002
2024-10-27T14:00:00Z,100.93
2024-10-27T15:00:00Z,117.800003
2024-10-27T16:00:00Z,148.300003
2024-10-27T17:00:00Z,145.710007
2024-10-27T18:00:00Z,130.470001
2024-10-27T19:00:00Z,118.110001
2024-10-27T20:00:00Z,111.389999
2024-10-27T21:00:00Z,109.959999
2024-10-27T22:00:00Z,87.260002
2024-10-27T23:00:00Z,95.599998
2024-10-28T00:00:00Z,89.379997
2024-10-28T01:00:00Z,84.139999
2024-10-28T02:00:00Z,79.400002
2024-10-28T03:00:00Z,79.889999
2024-10-28T04:00:00Z,94.120003
2024-10-28T05:00:00Z,98.910004
2024-10-28T06:00:00Z,130.009995
2024-10-28T07:00:00Z,127.379997
2024-10-28T08:00:00Z,116.18
2024-10-28T09:00:00Z,97.610001
2024-10-28T10:00:00Z,98.309998
2024-10-28T11:00:00Z,94.93
2024-10-28T12:00:00Z,101.330002
2024-10-28T13:00:00Z,113.93
2024-10-28T14:00:00Z,121.360001
2024-10-28T15:00:00Z,124.199997
2024-10-28T16:00:00Z,141.110001
2024-10-28T17:00:00Z,148.800003
2024-10-28T18:00:00Z,146.119995
2024-10-28T19:00:00Z,124.190002
2024-10-28T20:00:00Z,115.589996
2024-10-28T21:00:00Z,109.959999
2024-10-28T22:00:00Z,102.410004
2024-10-28T23:00:00Z,101.339996
2024-10-29T00:00:00Z,100.040001
2024-10-29T01:00:00Z,98.830002
2024-10-29T02:00:00Z,98.169998
2024-10-29T03:00:00Z,100.019997
2024-10-29T04:00:00Z,113.099998
2024-10-29T05:00:00Z,127.379997
2024-10-29T06:00:00Z,157.729996
2024-10-29T07:00:00Z,151.320007
2024-10-29T08:00:00Z,129.690002
2024-10-29T09:00:00Z,120.699997
2024-10-29T10:00:00Z,112.970001
2024-10-29T11:00:00Z,105.449997
2024-10-29T12:00:00Z,117.730003
2024-10-29T13:00:00Z,135.940002
2024-10-29T14:00:00Z,172.259995
2024-10-29T15:00:00Z,212.720001
2024-10-29T16:00:00Z,285.799988
2024-10-29T17:00:00Z,257.440002
2024-10-29T18:00:00Z,203.820007
2024-10-29T19:00:00Z,140.600006
2024-10-29T20:00:00Z,122.75
2024-10-29T21:00:00Z,116.18
2024-10-29T22:00:00Z,103.089996
2024-10-29T23:00:00Z,99.730003
2024-10-30T00:00:00Z,98.610001
2024-10-30T01:00:00Z,86.610001
2024-10-30T02:00:00Z,67.120003
2024-10-30T03:00:00Z,64.089996
2024-10-30T04:00:00Z,66.32
2024-10-30T05:00:00Z,72.779999
2024-10-30T06:00:00Z,99.68
2024-10-30T07:00:00Z,103.68
2024-10-30T08:00:00Z,97.690002
2024-10-30T09:00:00Z,62.900002
2024-10-30T10:00:00Z,59.169998
2024-10-30T11:00:00Z,55.66
2024-10-30T12:00:00Z,52.09
2024-10-30T13:00:00Z,84.849998
2024-10-30T14:00:00Z,100.650002
2024-10-30T15:00:00Z,142.360001
2024-10-30T16:00:00Z,183.199997
2024-10-30T17:00:00Z,192.889999
2024-10-30T18:00:00Z,159.440002
2024-10-30T19:00:00Z,109.489998
2024-10-30T20:00:00Z,103.709999
2024-10-30T21:00:00Z,108.660004
2024-10-30T22:00:00Z,99.839996
2024-10-30T23:00:00Z,105.160004
2024-10-31T00:00:00Z,98.510002
2024-10-31T01:00:00Z,96.580002
2024-10-31T02:00:00Z,94.809998
2024-10-31T03:00:00Z,88.199997
2024-10-31T04:00:00Z,85.25
2024-10-31T05:00:00Z,87.910004
2024-10-31T06:00:00Z,99.07
2024-10-31T07:00:00Z,86.629997
2024-10-31T08:00:00Z,40.310001
2024-10-31T09:00:00Z,20.790001
2024-10-31T10:00:00Z,14.73
2024-10-31T11:00:00Z,12.41
2024-10-31T12:00:00Z,15.92
2024-10-31T13:00:00Z,15.87
2024-10-31T14:00:00Z,15.52
2024-10-31T15:00:00Z,15.59
2024-10-31T16:00:00Z,19.129999
2024-10-31T17:00:00Z,16.719999
2024-10-31T18:00:00Z,14.59
2024-10-31T19:00:00Z,12.49
2024-10-31T20:00:00Z,8.81
2024-10-31T21:00:00Z,7.07
2024-10-31T22:00:00Z,5.58
2024-10-31T23:00:00Z,3.24
2024-11-01T00:00:00Z,2.18
2024-11-01T01:00:00Z,1.75
2024-11-01T02:00:00Z,1.56
2024-11-01T03:00:00Z,1.52
2024-11-01T04:00:00Z,1.71
2024-11-01T05:00:00Z,3.23
2024-11-01T06:00:00Z,4.01
2024-11-01T07:00:00Z,4.38
2024-11-01T08:00:00Z,3.35
2024-11-01T09:00:00Z,3.25
2024-11-01T10:00:00Z,3.15
2024-11-01T11:00:00Z,3.22
2024-11-01T12:00:00Z,3.24
2024-11-01T13:00:00Z,3.27
2024-11-01T14:00:00Z,3.29
2024-11-01T15:00:00Z,10.36
2024-11-01T16:00:00Z,13.83
2024-11-01T17:00:00Z,19.99
2024-11-01T18:00:00Z,13.18
2024-11-01T19:00:00Z,14.56
2024-11-01T20:00:00Z,15.25
2024-11-01T21:00:00Z,20
2024-11-01T22:00:00Z,24.58
2024-11-01T23:00:00Z,61.939999
2024-11-02T00:00:00Z,79.910004
2024-11-02T01:00:00Z,88.760002
2024-11-02T02:00:00Z,86
2024-11-02T03:00:00Z,86.849998
2024-11-02T04:00:00Z,90.760002
2024-11-02T05:00:00Z,96.5
2024-11-02T06:00:00Z,100.110001
2024-11-02T07:00:00Z,101.160004
2024-11-02T08:00:00Z,109.639999
2024-11-02T09:00:00Z,91.190002
2024-11-02T10:00:00Z,94.440002
2024-11-02T11:00:00Z,88.68
2024-11-02T12:00:00Z,91.510002
2024-11-02T13:00:00Z,103.419998
2024-11-02T14:00:00Z,122.300003
2024-11-02T15:00:00Z,137.610001
2024-11-02T16:00:00Z,158.559998
2024-11-02T17:00:00Z,149.919998
2024-11-02T18:00:00Z,134.960007
2024-11-02T19:00:00Z,122.790001
2024-11-02T20:00:00Z,111.260002
2024-11-02T21:00:00Z,106.279999
2024-11-02T22:00:00Z,100.610001
2024-11-02T23:00:00Z,101.190002
2024-11-03T00:00:00Z,96.290001
2024-11-03T01:00:00Z,88.580002
2024-11-03T02:00:00Z,85.080002
2024-11-03T03:00:00Z,76.470001
2024-11-03T04:00:00Z,63.900002
2024-11-03T05:00:00Z,55.939999
2024-11-03T06:00:00Z,45.73
2024-11-03T07:00:00Z,40.02
2024-11-03T08:00:00Z,38.900002
2024-11-03T09:00:00Z,33.459999
2024-11-03T10:00:00Z,31.860001
2024-11-03T11:00:00Z,31.469999
2024-11-03T12:00:00Z,33.299999
2024-11-03T13:00:00Z,58.650002
2024-11-03T14:00:00Z,68.489998
2024-11-03T15:00:00Z,89.410004
2024-11-03T16:00:00Z,96.730003
2024-11-03T17:00:00Z,96.379997
2024-11-03T18:00:00Z,94.550003
2024-11-03T19:00:00Z,88.040001
2024-11-03T20:00:00Z,86.769997
2024-11-03T21:00:00Z,89.209999
2024-11-03T22:00:00Z,92.410004
2024-11-03T23:00:00Z,92.040001
2024-11-04T00:00:00Z,89.959999
2024-11-04T01:00:00Z,90.07
2024-11-04T02:00:00Z,89.860001
2024-11-04T03:00:00Z,90.800003
2024-11-04T04:00:00Z,98.519997
2024-11-04T05:00:00Z,124.889999
2024-11-04T06:00:00Z,144.910004
2024-11-04T07:00:00Z,137.339996
2024-11-04T08:00:00Z,120.129997
2024-11-04T09:00:00Z,104.220001
2024-11-04T10:00:00Z,93.629997
2024-11-04T11:00:00Z,95.160004
2024-11-04T12:00:00Z,98.470001
2024-11-04T13:00:00Z,99.980003
2024-11-04T14:00:00Z,128.679993
2024-11-04T15:00:00Z,177.350006
2024-11-04T16:00:00Z,269.76001
2024-11-04T17:00:00Z,237.580002
2024-11-04T18:00:00Z,161.779999
2024-11-04T19:00:00Z,123
2024-11-04T20:00:00Z,110.099998
2024-11-04T21:00:00Z,105
2024-11-04T22:00:00Z,92.720001
2024-11-04T23:00:00Z,83.629997
2024-11-05T00:00:00Z,94
2024-11-05T01:00:00Z,90.68
2024-11-05T02:00:00Z,91.300003
2024-11-05T03:00:00Z,94
2024-11-05T04:00:00Z,96.089996
2024-11-05T05:00:00Z,106
2024-11-05T06:00:00Z,137.059998
2024-11-05T07:00:00Z,136.210007
2024-11-05T08:00:00Z,118.230003
2024-11-05T09:00:00Z,105.870003
2024-11-05T10:00:00Z,95.279999
2024-11-05T11:00:00Z,94.919998
2024-11-05T12:00:00Z,99.25
2024-11-05T13:00:00Z,109.510002
2024-11-05T14:00:00Z,153.869995
2024-11-05T15:00:00Z,321.779999
2024-11-05T16:00:00Z,472.98999
2024-11-05T17:00:00Z,431.019989
2024-11-05T18:00:00Z,320.329987
2024-11-05T19:00:00Z,169.699997
2024-11-05T20:00:00Z,129.899994
2024-11-05T21:00:00Z,117.769997
2024-11-05T22:00:00Z,101.860001
2024-11-05T23:00:00Z,99.830002
2024-11-06T00:00:00Z,99.050003
2024-11-06T01:00:00Z,95.400002
2024-11-06T02:00:00Z,95.830002
2024-11-06T03:00:00Z,96.160004
2024-11-06T04:00:00Z,92.910004
2024-11-06T05:00:00Z,121
2024-11-06T06:00:00Z,215.779999
2024-11-06T07:00:00Z,194
2024-11-06T08:00:00Z,141.970001
2024-11-06T09:00:00Z,131.729996
2024-11-06T10:00:00Z,122.150002
2024-11-06T11:00:00Z,121.849998
2024-11-06T12:00:00Z,124.110001
2024-11-06T13:00:00Z,136.880005
2024-11-06T14:00:00Z,190.699997
2024-11-06T15:00:00Z,300.859985
2024-11-06T16:00:00Z,550
2024-11-06T17:00:00Z,335.049988
2024-11-06T18:00:00Z,246.479996
2024-11-06T19:00:00Z,160.770004
2024-11-06T20:00:00Z,128.970001
2024-11-06T21:00:00Z,113
2024-11-06T22:00:00Z,95.699997
2024-11-06T23:00:00Z,90.019997
2024-11-07T00:00:00Z,88.82
2024-11-07T01:00:00Z,87.540001
2024-11-07T02:00:00Z,87.010002
2024-11-07T03:00:00Z,68.190002
2024-11-07T04:00:00Z,91.199997
2024-11-07T05:00:00Z,101.900002
2024-11-07T06:00:00Z,173
2024-11-07T07:00:00Z,190.940002
2024-11-07T08:00:00Z,152.919998
2024-11-07T09:00:00Z,148.899994
2024-11-07T10:00:00Z,134.809998
2024-11-07T11:00:00Z,135.059998
2024-11-07T12:00:00Z,132.910004
2024-11-07T13:00:00Z,139.940002
2024-11-07T14:00:00Z,178.889999
2024-11-07T15:00:00Z,242.919998
2024-11-07T16:00:00Z,371.140015
2024-11-07T17:00:00Z,277.73999
2024-11-07T18:00:00Z,171.850006
2024-11-07T19:00:00Z,129.410004
2024-11-07T20:00:00Z,113.919998
2024-11-07T21:00:00Z,111.669998
2024-11-07T22:00:00Z,99.870003
2024-11-07T23:00:00Z,70.050003
2024-11-08T00:00:00Z,65.68
2024-11-08T01:00:00Z,58.16
2024-11-08T02:00:00Z,57.73
2024-11-08T03:00:00Z,43.59
2024-11-08T04:00:00Z,69.830002
2024-11-08T05:00:00Z,101.080002
2024-11-08T06:00:00Z,127.550003
2024-11-08T07:00:00Z,132.910004
2024-11-08T08:00:00Z,126.519997
2024-11-08T09:00:00Z,117.339996
2024-11-08T10:00:00Z,110.279999
2024-11-08T11:00:00Z,105.589996
2024-11-08T12:00:00Z,95.93
2024-11-08T13:00:00Z,95.639999
2024-11-08T14:00:00Z,95.849998
2024-11-08T15:00:00Z,129.100006
2024-11-08T16:00:00Z,128.559998
2024-11-08T17:00:00Z,101.040001
2024-11-08T18:00:00Z,77.339996
2024-11-08T19:00:00Z,40.040001
2024-11-08T20:00:00Z,38.810001
2024-11-08T21:00:00Z,38.779999
2024-11-08T22:00:00Z,37.75
2024-11-08T23:00:00Z,105.099998
2024-11-09T00:00:00Z,99.959999
2024-11-09T01:00:00Z,98
2024-11-09T02:00:00Z,96.68
2024-11-09T03:00:00Z,98.410004
2024-11-09T04:00:00Z,100.690002
2024-11-09T05:00:00Z,104.309998
2024-11-09T06:00:00Z,109.870003
2024-11-09T07:00:00Z,114.099998
2024-11-09T08:00:00Z,114.599998
2024-11-09T09:00:00Z,109.970001
2024-11-09T10:00:00Z,106.400002
2024-11-09T11:00:00Z,106.879997
2024-11-09T12:00:00Z,108
2024-11-09T13:00:00Z,110.18
2024-11-09T14:00:00Z,121.459999
2024-11-09T15:00:00Z,137.229996
2024-11-09T16:00:00Z,146.929993
2024-11-09T17:00:00Z,147.800003
2024-11-09T18:00:00Z,139.899994
2024-11-09T19:00:00Z,128.320007
2024-11-09T20:00:00Z,117.959999
2024-11-09T21:00:00Z,114.529999
2024-11-09T22:00:00Z,110.099998
2024-11-09T23:00:00Z,104.989998
2024-11-10T00:00:00Z,102.279999
2024-11-10T01:00:00Z,102.010002
2024-11-10T02:00:00Z,100.860001
2024-11-10T03:00:00Z,100.879997
2024-11-10T04:00:00Z,101.980003
2024-11-10T05:00:00Z,100.32
2024-11-10T06:00:00Z,102.449997
2024-11-10T07:00:00Z,105.379997
2024-11-10T08:00:00Z,110.989998
2024-11-10T09:00:00Z,112.620003
2024-11-10T10:00:00Z,110.129997
2024-11-10T11:00:00Z,110.919998
2024-11-10T12:00:00Z,108.599998
2024-11-10T13:00:00Z,112.360001
2024-11-10T14:00:00Z,126.220001
2024-11-10T15:00:00Z,134.020004
2024-11-10T16:00:00Z,148.720001
2024-11-10T17:00:00Z,146.009995
2024-11-10T18:00:00Z,138.610001
2024-11-10T19:00:00Z,125.309998
2024-11-10T20:00:00Z,115.279999
2024-11-10T21:00:00Z,111.099998
2024-11-10T22:00:00Z,108.019997
2024-11-10T23:00:00Z,109.650002
2024-11-11T00:00:00Z,103.68
2024-11-11T01:00:00Z,100
2024-11-11T02:00:00Z,97.860001
2024-11-11T03:00:00Z,97.5
2024-11-11T04:00:00Z,103.889999
2024-11-11T05:00:00Z,115.690002
2024-11-11T06:00:00Z,128.350006
2024-11-11T07:00:00Z,135.059998
2024-11-11T08:00:00Z,132.940002
2024-11-11T09:00:00Z,128.5
2024-11-11T10:00:00Z,124.209999
2024-11-11T11:00:00Z,119.839996
2024-11-11T12:00:00Z,129.020004
2024-11-11T13:00:00Z,130.440002
2024-11-11T14:00:00Z,139.050003
2024-11-11T15:00:00Z,140.940002
2024-11-11T16:00:00Z,153.179993
2024-11-11T17:00:00Z,147.089996
2024-11-11T18:00:00Z,133.699997
2024-11-11T19:00:00Z,121.940002
2024-11-11T20:00:00Z,112.879997
2024-11-11T21:00:00Z,111.559998
2024-11-11T22:00:00Z,105.400002
2024-11-11T23:00:00Z,110.309998
2024-11-12T00:00:00Z,104.639999
2024-11-12T01:00:00Z,102.690002
2024-11-12T02:00:00Z,103.989998
2024-11-12T03:00:00Z,107.5
2024-11-12T04:00:00Z,118.010002
2024-11-12T05:00:00Z,147.669998
2024-11-12T06:00:00Z,185.520004
2024-11-12T07:00:00Z,201.639999
2024-11-12T08:00:00Z,220.869995
2024-11-12T09:00:00Z,190.240005
2024-11-12T10:00:00Z,171.080002
2024-11-12T11:00:00Z,161.589996
2024-11-12T12:00:00Z,156.470001
2024-11-12T13:00:00Z,174.369995
2024-11-12T14:00:00Z,218.779999
2024-11-12T15:00:00Z,272.730011
2024-11-12T16:00:00Z,317.890015
2024-11-12T17:00:00Z,225.330002
2024-11-12T18:00:00Z,171.350006
2024-11-12T19:00:00Z,149.119995
2024-11-12T20:00:00Z,131.899994
2024-11-12T21:00:00Z,125.209999
2024-11-12T22:00:00Z,115.589996
2024-11-12T23:00:00Z,117.150002
2024-11-13T00:00:00Z,111.709999
2024-11-13T01:00:00Z,107.849998
2024-11-13T02:00:00Z,107.449997
2024-11-13T03:00:00Z,107.870003
2024-11-13T04:00:00Z,114.300003
2024-11-13T05:00:00Z,130.309998
2024-11-13T06:00:00Z,164.779999
2024-11-13T07:00:00Z,225.449997
2024-11-13T08:00:00Z,213.910004
2024-11-13T09:00:00Z,189.779999
2024-11-13T10:00:00Z,169.789993
2024-11-13T11:00:00Z,156.179993
2024-11-13T12:00:00Z,154.190002
2024-11-13T13:00:00Z,153.419998
2024-11-13T14:00:00Z,162.070007
2024-11-13T15:00:00Z,169.589996
2024-11-13T16:00:00Z,177.520004
2024-11-13T17:00:00Z,173.899994
2024-11-13T18:00:00Z,149.25
2024-11-13T19:00:00Z,92.940002
2024-11-13T20:00:00Z,73.639999
2024-11-13T21:00:00Z,50.369999
2024-11-13T22:00:00Z,40.060001
2024-11-13T23:00:00Z,51.490002
2024-11-14T00:00:00Z,48.389999
2024-11-14T01:00:00Z,48.919998
2024-11-14T02:00:00Z,49.450001
2024-11-14T03:00:00Z,42.720001
2024-11-14T04:00:00Z,50.84
2024-11-14T05:00:00Z,82.150002
2024-11-14T06:00:00Z,100.949997
2024-11-14T07:00:00Z,116.589996
2024-11-14T08:00:00Z,112.199997
2024-11-14T09:00:00Z,108.529999
2024-11-14T10:00:00Z,111.610001
2024-11-14T11:00:00Z,114.019997
2024-11-14T12:00:00Z,127.400002
2024-11-14T13:00:00Z,134.009995
2024-11-14T14:00:00Z,142.179993
2024-11-14T15:00:00Z,147.410004
2024-11-14T16:00:00Z,155.910004
2024-11-14T17:00:00Z,154.089996
2024-11-14T18:00:00Z,148.289993
2024-11-14T19:00:00Z,138.580002
2024-11-14T20:00:00Z,129.440002
2024-11-14T21:00:00Z,122.889999
2024-11-14T22:00:00Z,112.480003
2024-11-14T23:00:00Z,103.809998
2024-11-15T00:00:00Z,102.190002
2024-11-15T01:00:00Z,100.18
2024-11-15T02:00:00Z,99.959999
2024-11-15T03:00:00Z,89.389999
2024-11-15T04:00:00Z,89.379997
2024-11-15T05:00:00Z,94.279999
2024-11-15T06:00:00Z,127.769997
2024-11-15T07:00:00Z,147.020004
2024-11-15T08:00:00Z,137.490005
2024-11-15T09:00:00Z,133.75
2024-11-15T10:00:00Z,107.160004
2024-11-15T11:00:00Z,102.169998
2024-11-15T12:00:00Z,96.32
2024-11-15T13:00:00Z,95.089996
2024-11-15T14:00:00Z,95.099998
2024-11-15T15:00:00Z,95.169998
2024-11-15T16:00:00Z,99.599998
2024-11-15T17:00:00Z,76.82
2024-11-15T18:00:00Z,40.009998
2024-11-15T19:00:00Z,39.349998
2024-11-15T20:00:00Z,35.889999
2024-11-15T21:00:00Z,34.779999
2024-11-15T22:00:00Z,32.139999
2024-11-15T23:00:00Z,19.01
2024-11-16T00:00:00Z,5.43
2024-11-16T01:00:00Z,4.81
2024-11-16T02:00:00Z,4.74
2024-11-16T03:00:00Z,4.84
2024-11-16T04:00:00Z,4.83
2024-11-16T05:00:00Z,5.1
2024-11-16T06:00:00Z,16.75
2024-11-16T07:00:00Z,22.23
2024-11-16T08:00:00Z,28.98
2024-11-16T09:00:00Z,35
2024-11-16T10:00:00Z,24
2024-11-16T11:00:00Z,21.870001
2024-11-16T12:00:00Z,20
2024-11-16T13:00:00Z,24.07
2024-11-16T14:00:00Z,34.68
2024-11-16T15:00:00Z,38.959999
2024-11-16T16:00:00Z,47.029999
2024-11-16T17:00:00Z,45.130001
2024-11-16T18:00:00Z,39.82
2024-11-16T19:00:00Z,35.009998
2024-11-16T20:00:00Z,38.310001
2024-11-16T21:00:00Z,29.57
2024-11-16T22:00:00Z,19.860001
2024-11-16T23:00:00Z,16.49
2024-11-17T00:00:00Z,17.360001
2024-11-17T01:00:00Z,30
2024-11-17T02:00:00Z,27.299999
2024-11-17T03:00:00Z,21.719999
2024-11-17T04:00:00Z,24.99
2024-11-17T05:00:00Z,30.309999
2024-11-17T06:00:00Z,30.92
2024-11-17T07:00:00Z,26.879999
2024-11-17T08:00:00Z,27.540001
2024-11-17T09:00:00Z,19.49
2024-11-17T10:00:00Z,14.85
2024-11-17T11:00:00Z,15.08
2024-11-17T12:00:00Z,14.93
2024-11-17T13:00:00Z,31.58
2024-11-17T14:00:00Z,32.310001
2024-11-17T15:00:00Z,37.959999
2024-11-17T16:00:00Z,39.34
2024-11-17T17:00:00Z,38.630001
2024-11-17T18:00:00Z,37.529999
2024-11-17T19:00:00Z,35.970001
2024-11-17T20:00:00Z,34.810001
2024-11-17T21:00:00Z,33.02
2024-11-17T22:00:00Z,28.68
2024-11-17T23:00:00Z,54.549999
2024-11-18T00:00:00Z,53.77
2024-11-18T01:00:00Z,42.599998
2024-11-18T02:00:00Z,42.290001
2024-11-18T03:00:00Z,42.790001
2024-11-18T04:00:00Z,35.970001
2024-11-18T05:00:00Z,59.209999
2024-11-18T06:00:00Z,94.18
2024-11-18T07:00:00Z,115.889999
2024-11-18T08:00:00Z,101.019997
2024-11-18T09:00:00Z,84.510002
2024-11-18T10:00:00Z,79.889999
2024-11-18T11:00:00Z,74.889999
2024-11-18T12:00:00Z,67.940002
2024-11-18T13:00:00Z,79.339996
2024-11-18T14:00:00Z,105.199997
2024-11-18T15:00:00Z,121.57
2024-11-18T16:00:00Z,147.029999
2024-11-18T17:00:00Z,161.820007
2024-11-18T18:00:00Z,151.75
2024-11-18T19:00:00Z,127.580002
2024-11-18T20:00:00Z,117.620003
2024-11-18T21:00:00Z,116.989998
2024-11-18T22:00:00Z,108.410004
2024-11-18T23:00:00Z,107.059998
2024-11-19T00:00:00Z,101.400002
2024-11-19T01:00:00Z,95.580002
2024-11-19T02:00:00Z,91.730003
2024-11-19T03:00:00Z,95.279999
2024-11-19T04:00:00Z,97.589996
2024-11-19T05:00:00Z,116.269997
2024-11-19T06:00:00Z,132.100006
2024-11-19T07:00:00Z,155.25
2024-11-19T08:00:00Z,157.800003
2024-11-19T09:00:00Z,156.259995
2024-11-19T10:00:00Z,152.809998
2024-11-19T11:00:00Z,148.259995
2024-11-19T12:00:00Z,144.259995
2024-11-19T13:00:00Z,140.220001
2024-11-19T14:00:00Z,129.080002
2024-11-19T15:00:00Z,132.889999
2024-11-19T16:00:00Z,140.190002
2024-11-19T17:00:00Z,134.649994
2024-11-19T18:00:00Z,125.93
2024-11-19T19:00:00Z,117.099998
2024-11-19T20:00:00Z,109.370003
2024-11-19T21:00:00Z,105.25
2024-11-19T22:00:00Z,89.839996
2024-11-19T23:00:00Z,100.139999
2024-11-20T00:00:00Z,92
2024-11-20T01:00:00Z,86.599998
2024-11-20T02:00:00Z,81.519997
2024-11-20T03:00:00Z,81.959999
2024-11-20T04:00:00Z,93.290001
2024-11-20T05:00:00Z,107.550003
2024-11-20T06:00:00Z,133.779999
2024-11-20T07:00:00Z,142.869995
2024-11-20T08:00:00Z,140
2024-11-20T09:00:00Z,120.349998
2024-11-20T10:00:00Z,107.769997
2024-11-20T11:00:00Z,97.260002
2024-11-20T12:00:00Z,97.360001
2024-11-20T13:00:00Z,106.160004
2024-11-20T14:00:00Z,127.800003
2024-11-20T15:00:00Z,133.839996
2024-11-20T16:00:00Z,142
2024-11-20T17:00:00Z,142.580002
2024-11-20T18:00:00Z,140.259995
2024-11-20T19:00:00Z,135.979996
2024-11-20T20:00:00Z,123.050003
2024-11-20T21:00:00Z,116.419998
2024-11-20T22:00:00Z,103.5
2024-11-20T23:00:00Z,93.959999
2024-11-21T00:00:00Z,90.400002
2024-11-21T01:00:00Z,86.800003
2024-11-21T02:00:00Z,84.150002
2024-11-21T03:00:00Z,84.230003
2024-11-21T04:00:00Z,92.480003
2024-11-21T05:00:00Z,107.169998
2024-11-21T06:00:00Z,121.440002
2024-11-21T07:00:00Z,132.990005
2024-11-21T08:00:00Z,134.979996
2024-11-21T09:00:00Z,127.330002
2024-11-21T10:00:00Z,115.470001
2024-11-21T11:00:00Z,113.57
2024-11-21T12:00:00Z,120.830002
2024-11-21T13:00:00Z,141.619995
2024-11-21T14:00:00Z,154.850006
2024-11-21T15:00:00Z,174.970001
2024-11-21T16:00:00Z,182.259995
2024-11-21T17:00:00Z,161.339996
2024-11-21T18:00:00Z,154.050003
2024-11-21T19:00:00Z,131.330002
2024-11-21T20:00:00Z,123.050003
2024-11-21T21:00:00Z,122.900002
2024-11-21T22:00:00Z,107.459999
2024-11-21T23:00:00Z,116.120003
2024-11-22T00:00:00Z,106.209999
2024-11-22T01:00:00Z,97.849998
2024-11-22T02:00:00Z,91.370003
2024-11-22T03:00:00Z,88.650002
2024-11-22T04:00:00Z,92.160004
2024-11-22T05:00:00Z,117.059998
2024-11-22T06:00:00Z,135.300003
2024-11-22T07:00:00Z,149.440002
2024-11-22T08:00:00Z,144.229996
2024-11-22T09:00:00Z,137.25
2024-11-22T10:00:00Z,120.080002
2024-11-22T11:00:00Z,105.769997
2024-11-22T12:00:00Z,95.239998
2024-11-22T13:00:00Z,96.18
2024-11-22T14:00:00Z,106.239998
2024-11-22T15:00:00Z,111.209999
2024-11-22T16:00:00Z,128.440002
2024-11-22T17:00:00Z,134.279999
2024-11-22T18:00:00Z,128.800003
2024-11-22T19:00:00Z,106.209999
2024-11-22T20:00:00Z,99.470001
2024-11-22T21:00:00Z,87.110001
2024-11-22T22:00:00Z,76.550003
2024-11-22T23:00:00Z,61.439999
2024-11-23T00:00:00Z,52.540001
2024-11-23T01:00:00Z,50.669998
2024-11-23T02:00:00Z,47.919998
2024-11-23T03:00:00Z,49.27
2024-11-23T04:00:00Z,49.360001
2024-11-23T05:00:00Z,50.540001
2024-11-23T06:00:00Z,67.18
2024-11-23T07:00:00Z,87.349998
2024-11-23T08:00:00Z,85.620003
2024-11-23T09:00:00Z,78.540001
2024-11-23T10:00:00Z,73.5
2024-11-23T11:00:00Z,71.199997
2024-11-23T12:00:00Z,75.849998
2024-11-23T13:00:00Z,85.68
2024-11-23T14:00:00Z,100.620003
2024-11-23T15:00:00Z,86.040001
2024-11-23T16:00:00Z,95.169998
2024-11-23T17:00:00Z,84.720001
2024-11-23T18:00:00Z,71
2024-11-23T19:00:00Z,59.549999
2024-11-23T20:00:00Z,48.029999
2024-11-23T21:00:00Z,39.099998
2024-11-23T22:00:00Z,18.459999
2024-11-23T23:00:00Z,1.55
2024-11-24T00:00:00Z,1.77
2024-11-24T01:00:00Z,0.27
2024-11-24T02:00:00Z,0.37
2024-11-24T03:00:00Z,0.27
2024-11-24T04:00:00Z,0.3
2024-11-24T05:00:00Z,0.42
2024-11-24T06:00:00Z,0.51
2024-11-24T07:00:00Z,1.72
2024-11-24T08:00:00Z,3.79
2024-11-24T09:00:00Z,2.28
2024-11-24T10:00:00Z,2.67
2024-11-24T11:00:00Z,2.22
2024-11-24T12:00:00Z,2.62
2024-11-24T13:00:00Z,3.11
2024-11-24T14:00:00Z,6.61
2024-11-24T15:00:00Z,13.99
2024-11-24T16:00:00Z,15.52
2024-11-24T17:00:00Z,16.18
2024-11-24T18:00:00Z,12.02
2024-11-24T19:00:00Z,7.4
2024-11-24T20:00:00Z,4.5
2024-11-24T21:00:00Z,3.27
2024-11-24T22:00:00Z,0.01
2024-11-24T23:00:00Z,-1.25
2024-11-25T00:00:00Z,-1.59
2024-11-25T01:00:00Z,-1.42
2024-11-25T02:00:00Z,-1.86
2024-11-25T03:00:00Z,-1.42
2024-11-25T04:00:00Z,-0.28
2024-11-25T05:00:00Z,0
2024-11-25T06:00:00Z,54.380001
2024-11-25T07:00:00Z,60.610001
2024-11-25T08:00:00Z,40.52
2024-11-25T09:00:00Z,42.549999
2024-11-25T10:00:00Z,41.369999
2024-11-25T11:00:00Z,40
2024-11-25T12:00:00Z,48.849998
2024-11-25T13:00:00Z,46.549999
2024-11-25T14:00:00Z,40.360001
2024-11-25T15:00:00Z,42.009998
2024-11-25T16:00:00Z,47.369999
2024-11-25T17:00:00Z,46.529999
2024-11-25T18:00:00Z,40.889999
2024-11-25T19:00:00Z,38.869999
2024-11-25T20:00:00Z,30.51
2024-11-25T21:00:00Z,26.42
2024-11-25T22:00:00Z,40
2024-11-25T23:00:00Z,16.1
2024-11-26T00:00:00Z,18.5
2024-11-26T01:00:00Z,20.09
2024-11-26T02:00:00Z,18.43
2024-11-26T03:00:00Z,18.57
2024-11-26T04:00:00Z,19.67
2024-11-26T05:00:00Z,38.060001
2024-11-26T06:00:00Z,39.57
2024-11-26T07:00:00Z,41.09
2024-11-26T08:00:00Z,40
2024-11-26T09:00:00Z,40.279999
2024-11-26T10:00:00Z,39.970001
2024-11-26T11:00:00Z,39.950001
2024-11-26T12:00:00Z,40.189999
2024-11-26T13:00:00Z,41.060001
2024-11-26T14:00:00Z,47.25
2024-11-26T15:00:00Z,47.549999
2024-11-26T16:00:00Z,47.669998
2024-11-26T17:00:00Z,47.66
2024-11-26T18:00:00Z,41.709999
2024-11-26T19:00:00Z,47.330002
2024-11-26T20:00:00Z,47.610001
2024-11-26T21:00:00Z,42.650002
2024-11-26T22:00:00Z,51.330002
2024-11-26T23:00:00Z,104.739998
2024-11-27T00:00:00Z,106.279999
2024-11-27T01:00:00Z,110
2024-11-27T02:00:00Z,103.209999
2024-11-27T03:00:00Z,100.870003
2024-11-27T04:00:00Z,112.110001
2024-11-27T05:00:00Z,109.5
2024-11-27T06:00:00Z,148.199997
2024-11-27T07:00:00Z,170.479996
2024-11-27T08:00:00Z,158.740005
2024-11-27T09:00:00Z,153.100006
2024-11-27T10:00:00Z,150
2024-11-27T11:00:00Z,145.660004
2024-11-27T12:00:00Z,140.490005
2024-11-27T13:00:00Z,130.089996
2024-11-27T14:00:00Z,131.699997
2024-11-27T15:00:00Z,117.739998
2024-11-27T16:00:00Z,111.25
2024-11-27T17:00:00Z,112.290001
2024-11-27T18:00:00Z,101.839996
2024-11-27T19:00:00Z,78.139999
2024-11-27T20:00:00Z,71.860001
2024-11-27T21:00:00Z,67.050003
2024-11-27T22:00:00Z,48.779999
2024-11-27T23:00:00Z,49.209999
2024-11-28T00:00:00Z,41.209999
2024-11-28T01:00:00Z,32.950001
2024-11-28T02:00:00Z,32.080002
2024-11-28T03:00:00Z,31.690001
2024-11-28T04:00:00Z,52.290001
2024-11-28T05:00:00Z,63.27
2024-11-28T06:00:00Z,87.559998
2024-11-28T07:00:00Z,102.019997
2024-11-28T08:00:00Z,95.790001
2024-11-28T09:00:00Z,88.93
2024-11-28T10:00:00Z,86.790001
2024-11-28T11:00:00Z,84.059998
2024-11-28T12:00:00Z,83.760002
2024-11-28T13:00:00Z,95.169998
2024-11-28T14:00:00Z,106.57
2024-11-28T15:00:00Z,132.619995
2024-11-28T16:00:00Z,149.330002
2024-11-28T17:00:00Z,158.229996
2024-11-28T18:00:00Z,153.910004
2024-11-28T19:00:00Z,143.970001
2024-11-28T20:00:00Z,132.490005
2024-11-28T21:00:00Z,122.160004
2024-11-28T22:00:00Z,112.599998
2024-11-28T23:00:00Z,110.300003
2024-11-29T00:00:00Z,107.010002
2024-11-29T01:00:00Z,103.470001
2024-11-29T02:00:00Z,102.800003
2024-11-29T03:00:00Z,105.300003
2024-11-29T04:00:00Z,115.279999
2024-11-29T05:00:00Z,135.990005
2024-11-29T06:00:00Z,163.860001
2024-11-29T07:00:00Z,173.559998
2024-11-29T08:00:00Z,157.369995
2024-11-29T09:00:00Z,138.350006
2024-11-29T10:00:00Z,120.059998
2024-11-29T11:00:00Z,110.050003
2024-11-29T12:00:00Z,114.260002
2024-11-29T13:00:00Z,109.300003
2024-11-29T14:00:00Z,122.720001
2024-11-29T15:00:00Z,122.68
2024-11-29T16:00:00Z,144.380005
2024-11-29T17:00:00Z,142.029999
2024-11-29T18:00:00Z,130.809998
2024-11-29T19:00:00Z,119.900002
2024-11-29T20:00:00Z,112.099998
2024-11-29T21:00:00Z,113.730003
2024-11-29T22:00:00Z,103.279999
2024-11-29T23:00:00Z,79.989998
2024-11-30T00:00:00Z,60.669998
2024-11-30T01:00:00Z,51.740002
2024-11-30T02:00:00Z,39.470001
2024-11-30T03:00:00Z,38.740002
2024-11-30T04:00:00Z,37.169998
2024-11-30T05:00:00Z,38
2024-11-30T06:00:00Z,40.060001
2024-11-30T07:00:00Z,41.07
2024-11-30T08:00:00Z,42.009998
2024-11-30T09:00:00Z,41.900002
2024-11-30T10:00:00Z,42.509998
2024-11-30T11:00:00Z,42.080002
2024-11-30T12:00:00Z,55.009998
2024-11-30T13:00:00Z,89.25
2024-11-30T14:00:00Z,99.550003
2024-11-30T15:00:00Z,114.989998
2024-11-30T16:00:00Z,136.940002
2024-11-30T17:00:00Z,135.899994
2024-11-30T18:00:00Z,129.940002
2024-11-30T19:00:00Z,116.419998
2024-11-30T20:00:00Z,112.18
2024-11-30T21:00:00Z,114.779999
2024-11-30T22:00:00Z,106.669998
2024-11-30T23:00:00Z,95.199997
2024-12-01T00:00:00Z,90.010002
2024-12-01T01:00:00Z,88.139999
2024-12-01T02:00:00Z,85.699997
2024-12-01T03:00:00Z,84.269997
2024-12-01T04:00:00Z,80
2024-12-01T05:00:00Z,83.230003
2024-12-01T06:00:00Z,89.190002
2024-12-01T07:00:00Z,99.190002
2024-12-01T08:00:00Z,94.599998
2024-12-01T09:00:00Z,89.300003
2024-12-01T10:00:00Z,82.379997
2024-12-01T11:00:00Z,85.25
2024-12-01T12:00:00Z,83.080002
2024-12-01T13:00:00Z,90.610001
2024-12-01T14:00:00Z,102.809998
2024-12-01T15:00:00Z,117.449997
2024-12-01T16:00:00Z,109.949997
2024-12-01T17:00:00Z,101.550003
2024-12-01T18:00:00Z,83.519997
2024-12-01T19:00:00Z,67.290001
2024-12-01T20:00:00Z,58.810001
2024-12-01T21:00:00Z,50.16
2024-12-01T22:00:00Z,45.389999
2024-12-01T23:00:00Z,22.299999
2024-12-02T00:00:00Z,27.040001
2024-12-02T01:00:00Z,31.540001
2024-12-02T02:00:00Z,31.48
2024-12-02T03:00:00Z,31.809999
2024-12-02T04:00:00Z,38.16
2024-12-02T05:00:00Z,53.509998
2024-12-02T06:00:00Z,56.700001
2024-12-02T07:00:00Z,66.540001
2024-12-02T08:00:00Z,65.309998
2024-12-02T09:00:00Z,65.010002
2024-12-02T10:00:00Z,64.989998
2024-12-02T11:00:00Z,67.110001
2024-12-02T12:00:00Z,70.160004
2024-12-02T13:00:00Z,90.970001
2024-12-02T14:00:00Z,108.279999
2024-12-02T15:00:00Z,133.699997
2024-12-02T16:00:00Z,147.070007
2024-12-02T17:00:00Z,147.899994
2024-12-02T18:00:00Z,138
2024-12-02T19:00:00Z,115.43
2024-12-02T20:00:00Z,100.050003
2024-12-02T21:00:00Z,95.339996
2024-12-02T22:00:00Z,88.690002
2024-12-02T23:00:00Z,95.489998
2024-12-03T00:00:00Z,90.900002
2024-12-03T01:00:00Z,88
2024-12-03T02:00:00Z,86.800003
2024-12-03T03:00:00Z,94.959999
2024-12-03T04:00:00Z,95.57
2024-12-03T05:00:00Z,119.940002
2024-12-03T06:00:00Z,142
2024-12-03T07:00:00Z,148.660004
2024-12-03T08:00:00Z,128.919998
2024-12-03T09:00:00Z,101.059998
2024-12-03T10:00:00Z,94.970001
2024-12-03T11:00:00Z,94.919998
2024-12-03T12:00:00Z,95.199997
2024-12-03T13:00:00Z,144.339996
2024-12-03T14:00:00Z,163.960007
2024-12-03T15:00:00Z,199.279999
2024-12-03T16:00:00Z,209.139999
2024-12-03T17:00:00Z,197.880005
2024-12-03T18:00:00Z,189.830002
2024-12-03T19:00:00Z,168.440002
2024-12-03T20:00:00Z,153.130005
2024-12-03T21:00:00Z,142.080002
2024-12-03T22:00:00Z,130.809998
2024-12-03T23:00:00Z,120.989998
2024-12-04T00:00:00Z,116.660004
2024-12-04T01:00:00Z,112.790001
2024-12-04T02:00:00Z,110
2024-12-04T03:00:00Z,111.639999
2024-12-04T04:00:00Z,119.599998
2024-12-04T05:00:00Z,140.539993
2024-12-04T06:00:00Z,204.75
2024-12-04T07:00:00Z,268.820007
2024-12-04T08:00:00Z,244.050003
2024-12-04T09:00:00Z,212.210007
2024-12-04T10:00:00Z,198.949997
2024-12-04T11:00:00Z,192.25
2024-12-04T12:00:00Z,192.679993
2024-12-04T13:00:00Z,207.539993
2024-12-04T14:00:00Z,227.830002
2024-12-04T15:00:00Z,251.690002
2024-12-04T16:00:00Z,287.76001
2024-12-04T17:00:00Z,230.220001
2024-12-04T18:00:00Z,194
2024-12-04T19:00:00Z,158.800003
2024-12-04T20:00:00Z,133
2024-12-04T21:00:00Z,120
2024-12-04T22:00:00Z,111
2024-12-04T23:00:00Z,114.769997
2024-12-05T00:00:00Z,105.739998
2024-12-05T01:00:00Z,100.099998
2024-12-05T02:00:00Z,87.139999
2024-12-05T03:00:00Z,76.940002
2024-12-05T04:00:00Z,77.699997
2024-12-05T05:00:00Z,91.300003
2024-12-05T06:00:00Z,115
2024-12-05T07:00:00Z,128
2024-12-05T08:00:00Z,99.910004
2024-12-05T09:00:00Z,91.870003
2024-12-05T10:00:00Z,80.139999
2024-12-05T11:00:00Z,75.349998
2024-12-05T12:00:00Z,70.889999
2024-12-05T13:00:00Z,62.93
2024-12-05T14:00:00Z,61.790001
2024-12-05T15:00:00Z,54.419998
2024-12-05T16:00:00Z,60.400002
2024-12-05T17:00:00Z,53.639999
2024-12-05T18:00:00Z,44.59
2024-12-05T19:00:00Z,40.75
2024-12-05T20:00:00Z,46.549999
2024-12-05T21:00:00Z,41.84
2024-12-05T22:00:00Z,43.139999
2024-12-05T23:00:00Z,10.64
2024-12-06T00:00:00Z,4.6
2024-12-06T01:00:00Z,3.87
2024-12-06T02:00:00Z,2.31
2024-12-06T03:00:00Z,2.99
2024-12-06T04:00:00Z,10.35
2024-12-06T05:00:00Z,62.700001
2024-12-06T06:00:00Z,92.709999
2024-12-06T07:00:00Z,110.169998
2024-12-06T08:00:00Z,110.160004
2024-12-06T09:00:00Z,104.080002
2024-12-06T10:00:00Z,98.370003
2024-12-06T11:00:00Z,91.900002
2024-12-06T12:00:00Z,100.699997
2024-12-06T13:00:00Z,109
2024-12-06T14:00:00Z,116.919998
2024-12-06T15:00:00Z,131.550003
2024-12-06T16:00:00Z,142.990005
2024-12-06T17:00:00Z,151.070007
2024-12-06T18:00:00Z,142.479996
2024-12-06T19:00:00Z,130
2024-12-06T20:00:00Z,119.419998
2024-12-06T21:00:00Z,121.080002
2024-12-06T22:00:00Z,102.139999
2024-12-06T23:00:00Z,86.650002
2024-12-07T00:00:00Z,74.32
2024-12-07T01:00:00Z,68
2024-12-07T02:00:00Z,62.360001
2024-12-07T03:00:00Z,49.099998
2024-12-07T04:00:00Z,37.41
2024-12-07T05:00:00Z,38.259998
2024-12-07T06:00:00Z,41.48
2024-12-07T07:00:00Z,54.169998
2024-12-07T08:00:00Z,59.099998
2024-12-07T09:00:00Z,53.709999
2024-12-07T10:00:00Z,51.330002
2024-12-07T11:00:00Z,54.130001
2024-12-07T12:00:00Z,54.439999
2024-12-07T13:00:00Z,57.380001
2024-12-07T14:00:00Z,59.110001
2024-12-07T15:00:00Z,60.950001
2024-12-07T16:00:00Z,63
2024-12-07T17:00:00Z,62.09
2024-12-07T18:00:00Z,69.099998
2024-12-07T19:00:00Z,75
2024-12-07T20:00:00Z,76.339996
2024-12-07T21:00:00Z,73.989998
2024-12-07T22:00:00Z,68.730003
2024-12-07T23:00:00Z,43.619999
2024-12-08T00:00:00Z,43.619999
2024-12-08T01:00:00Z,50.759998
2024-12-08T02:00:00Z,41.400002
2024-12-08T03:00:00Z,40.599998
2024-12-08T04:00:00Z,40.02
2024-12-08T05:00:00Z,40.939999
2024-12-08T06:00:00Z,44.080002
2024-12-08T07:00:00Z,45.759998
2024-12-08T08:00:00Z,67.110001
2024-12-08T09:00:00Z,88.910004
2024-12-08T10:00:00Z,103.919998
2024-12-08T11:00:00Z,86.080002
2024-12-08T12:00:00Z,96.550003
2024-12-08T13:00:00Z,85.139999
2024-12-08T14:00:00Z,79.449997
2024-12-08T15:00:00Z,83.269997
2024-12-08T16:00:00Z,82.849998
2024-12-08T17:00:00Z,78.309998
2024-12-08T18:00:00Z,64.809998
2024-12-08T19:00:00Z,57.939999
2024-12-08T20:00:00Z,54.66
2024-12-08T21:00:00Z,42.57
2024-12-08T22:00:00Z,40.779999
2024-12-08T23:00:00Z,42.91
2024-12-09T00:00:00Z,45.200001
2024-12-09T01:00:00Z,35.060001
2024-12-09T02:00:00Z,34.25
2024-12-09T03:00:00Z,32.59
2024-12-09T04:00:00Z,38.259998
2024-12-09T05:00:00Z,42.720001
2024-12-09T06:00:00Z,69.029999
2024-12-09T07:00:00Z,81.559998
2024-12-09T08:00:00Z,66.790001
2024-12-09T09:00:00Z,67.120003
2024-12-09T10:00:00Z,68.459999
2024-12-09T11:00:00Z,69.82
2024-12-09T12:00:00Z,78.940002
2024-12-09T13:00:00Z,92.639999
2024-12-09T14:00:00Z,112.760002
2024-12-09T15:00:00Z,115.160004
2024-12-09T16:00:00Z,118.940002
2024-12-09T17:00:00Z,116.910004
2024-12-09T18:00:00Z,122.209999
2024-12-09T19:00:00Z,113.160004
2024-12-09T20:00:00Z,100.980003
2024-12-09T21:00:00Z,98.480003
2024-12-09T22:00:00Z,92.389999
2024-12-09T23:00:00Z,77.269997
2024-12-10T00:00:00Z,85
2024-12-10T01:00:00Z,86.5
2024-12-10T02:00:00Z,83.699997
2024-12-10T03:00:00Z,87.209999
2024-12-10T04:00:00Z,89.07
2024-12-10T05:00:00Z,112.059998
2024-12-10T06:00:00Z,135.179993
2024-12-10T07:00:00Z,169.759995
2024-12-10T08:00:00Z,182.139999
2024-12-10T09:00:00Z,184.75
2024-12-10T10:00:00Z,186.5
2024-12-10T11:00:00Z,180.619995
2024-12-10T12:00:00Z,190.779999
2024-12-10T13:00:00Z,189.410004
2024-12-10T14:00:00Z,197.639999
2024-12-10T15:00:00Z,199.089996
2024-12-10T16:00:00Z,199.339996
2024-12-10T17:00:00Z,181
2024-12-10T18:00:00Z,180.169998
2024-12-10T19:00:00Z,166.600006
2024-12-10T20:00:00Z,151.149994
2024-12-10T21:00:00Z,137.940002
2024-12-10T22:00:00Z,121.370003
2024-12-10T23:00:00Z,115.940002
2024-12-11T00:00:00Z,108.220001
2024-12-11T01:00:00Z,107.309998
2024-12-11T02:00:00Z,106.169998
2024-12-11T03:00:00Z,108.690002
2024-12-11T04:00:00Z,125.309998
2024-12-11T05:00:00Z,163.419998
2024-12-11T06:00:00Z,249.589996
2024-12-11T07:00:00Z,356.179993
2024-12-11T08:00:00Z,364.970001
2024-12-11T09:00:00Z,338.579987
2024-12-11T10:00:00Z,344.350006
2024-12-11T11:00:00Z,334
2024-12-11T12:00:00Z,333.149994
2024-12-11T13:00:00Z,362.220001
2024-12-11T14:00:00Z,377
2024-12-11T15:00:00Z,437.869995
2024-12-11T16:00:00Z,434.859985
2024-12-11T17:00:00Z,359.920013
2024-12-11T18:00:00Z,341.25
2024-12-11T19:00:00Z,206.820007
2024-12-11T20:00:00Z,171.199997
2024-12-11T21:00:00Z,150
2024-12-11T22:00:00Z,135.960007
2024-12-11T23:00:00Z,122.239998
2024-12-12T00:00:00Z,115.300003
2024-12-12T01:00:00Z,109.959999
2024-12-12T02:00:00Z,107.349998
2024-12-12T03:00:00Z,112.510002
2024-12-12T04:00:00Z,123.669998
2024-12-12T05:00:00Z,176.179993
2024-12-12T06:00:00Z,599.98999
2024-12-12T07:00:00Z,655.599976
2024-12-12T08:00:00Z,646.76001
2024-12-12T09:00:00Z,543.830017
2024-12-12T10:00:00Z,465.359985
2024-12-12T11:00:00Z,404.98999
2024-12-12T12:00:00Z,415.299988
2024-12-12T13:00:00Z,490.339996
2024-12-12T14:00:00Z,668.48999
2024-12-12T15:00:00Z,818.97998
2024-12-12T16:00:00Z,936.280029
2024-12-12T17:00:00Z,674.179993
2024-12-12T18:00:00Z,551.01001
2024-12-12T19:00:00Z,295.660004
2024-12-12T20:00:00Z,169.399994
2024-12-12T21:00:00Z,150
2024-12-12T22:00:00Z,134.75
2024-12-12T23:00:00Z,130.070007
2024-12-13T00:00:00Z,122.900002
2024-12-13T01:00:00Z,118.970001
2024-12-13T02:00:00Z,114.949997
2024-12-13T03:00:00Z,115.639999
2024-12-13T04:00:00Z,125.830002
2024-12-13T05:00:00Z,156.529999
2024-12-13T06:00:00Z,187.710007
2024-12-13T07:00:00Z,253
2024-12-13T08:00:00Z,245.740005
2024-12-13T09:00:00Z,208.419998
2024-12-13T10:00:00Z,174.399994
2024-12-13T11:00:00Z,166.059998
2024-12-13T12:00:00Z,165
2024-12-13T13:00:00Z,184.5
2024-12-13T14:00:00Z,220.770004
2024-12-13T15:00:00Z,250.059998
2024-12-13T16:00:00Z,284.209991
2024-12-13T17:00:00Z,260
2024-12-13T18:00:00Z,225.600006
2024-12-13T19:00:00Z,175
2024-12-13T20:00:00Z,146.220001
2024-12-13T21:00:00Z,135.089996
2024-12-13T22:00:00Z,116.519997
2024-12-13T23:00:00Z,116.940002
2024-12-14T00:00:00Z,111.360001
2024-12-14T01:00:00Z,108.040001
2024-12-14T02:00:00Z,99.019997
2024-12-14T03:00:00Z,93.440002
2024-12-14T04:00:00Z,88.110001
2024-12-14T05:00:00Z,69.459999
2024-12-14T06:00:00Z,78.019997
2024-12-14T07:00:00Z,88.769997
2024-12-14T08:00:00Z,74.300003
2024-12-14T09:00:00Z,40.209999
2024-12-14T10:00:00Z,37.16
2024-12-14T11:00:00Z,37.57
2024-12-14T12:00:00Z,36.669998
2024-12-14T13:00:00Z,35.599998
2024-12-14T14:00:00Z,35.110001
2024-12-14T15:00:00Z,36.77
2024-12-14T16:00:00Z,37.360001
2024-12-14T17:00:00Z,33.52
2024-12-14T18:00:00Z,35.119999
2024-12-14T19:00:00Z,31.08
2024-12-14T20:00:00Z,25.959999
2024-12-14T21:00:00Z,29.58
2024-12-14T22:00:00Z,29.48
2024-12-14T23:00:00Z,45.07
2024-12-15T00:00:00Z,35.27
2024-12-15T01:00:00Z,31.17
2024-12-15T02:00:00Z,31.280001
2024-12-15T03:00:00Z,33.75
2024-12-15T04:00:00Z,36.200001
2024-12-15T05:00:00Z,36.439999
2024-12-15T06:00:00Z,45.189999
2024-12-15T07:00:00Z,49.619999
2024-12-15T08:00:00Z,42.509998
2024-12-15T09:00:00Z,40.310001
2024-12-15T10:00:00Z,39.16
2024-12-15T11:00:00Z,39.040001
2024-12-15T12:00:00Z,38.369999
2024-12-15T13:00:00Z,36.599998
2024-12-15T14:00:00Z,35.279999
2024-12-15T15:00:00Z,34.279999
2024-12-15T16:00:00Z,31.32
2024-12-15T17:00:00Z,25.99
2024-12-15T18:00:00Z,22.379999
2024-12-15T19:00:00Z,18.549999
2024-12-15T20:00:00Z,13.96
2024-12-15T21:00:00Z,10.08
2024-12-15T22:00:00Z,2.29
2024-12-15T23:00:00Z,0.09
2024-12-16T00:00:00Z,0.1
2024-12-16T01:00:00Z,0.05
2024-12-16T02:00:00Z,0.07
2024-12-16T03:00:00Z,0.02
2024-12-16T04:00:00Z,1.75
2024-12-16T05:00:00Z,7.73
2024-12-16T06:00:00Z,29.5
2024-12-16T07:00:00Z,34.5
2024-12-16T08:00:00Z,31.790001
2024-12-16T09:00:00Z,30.790001
2024-12-16T10:00:00Z,30.09
2024-12-16T11:00:00Z,29.41
2024-12-16T12:00:00Z,29.09
2024-12-16T13:00:00Z,28.58
2024-12-16T14:00:00Z,33
2024-12-16T15:00:00Z,32.330002
2024-12-16T16:00:00Z,30.959999
2024-12-16T17:00:00Z,32.439999
2024-12-16T18:00:00Z,29.690001
2024-12-16T19:00:00Z,25.469999
2024-12-16T20:00:00Z,22.33
2024-12-16T21:00:00Z,16.790001
2024-12-16T22:00:00Z,16.59
2024-12-16T23:00:00Z,14.24
2024-12-17T00:00:00Z,20.059999
2024-12-17T01:00:00Z,19.75
2024-12-17T02:00:00Z,20.620001
2024-12-17T03:00:00Z,16.99
2024-12-17T04:00:00Z,16.559999
2024-12-17T05:00:00Z,35.130001
2024-12-17T06:00:00Z,44.810001
2024-12-17T07:00:00Z,51.5
2024-12-17T08:00:00Z,56.419998
2024-12-17T09:00:00Z,52.990002
2024-12-17T10:00:00Z,51.16
2024-12-17T11:00:00Z,60.740002
2024-12-17T12:00:00Z,63.810001
2024-12-17T13:00:00Z,85.889999
2024-12-17T14:00:00Z,107.360001
2024-12-17T15:00:00Z,112.510002
2024-12-17T16:00:00Z,127.330002
2024-12-17T17:00:00Z,121.599998
2024-12-17T18:00:00Z,108.099998
2024-12-17T19:00:00Z,98.510002
2024-12-17T20:00:00Z,95.839996
2024-12-17T21:00:00Z,80.489998
2024-12-17T22:00:00Z,60.740002
2024-12-17T23:00:00Z,22.530001
2024-12-18T00:00:00Z,30.549999
2024-12-18T01:00:00Z,27.15
2024-12-18T02:00:00Z,16.32
2024-12-18T03:00:00Z,14.55
2024-12-18T04:00:00Z,9.03
2024-12-18T05:00:00Z,6.05
2024-12-18T06:00:00Z,39.049999
2024-12-18T07:00:00Z,49.68
2024-12-18T08:00:00Z,43.279999
2024-12-18T09:00:00Z,33.490002
2024-12-18T10:00:00Z,32.759998
2024-12-18T11:00:00Z,31.790001
2024-12-18T12:00:00Z,31.35
2024-12-18T13:00:00Z,30.84
2024-12-18T14:00:00Z,32.880001
2024-12-18T15:00:00Z,28.370001
2024-12-18T16:00:00Z,29.34
2024-12-18T17:00:00Z,19.67
2024-12-18T18:00:00Z,17.299999
2024-12-18T19:00:00Z,15.97
2024-12-18T20:00:00Z,17.860001
2024-12-18T21:00:00Z,20.66
2024-12-18T22:00:00Z,21.440001
2024-12-18T23:00:00Z,11.28
2024-12-19T00:00:00Z,13.23
2024-12-19T01:00:00Z,5.47
2024-12-19T02:00:00Z,1.82
2024-12-19T03:00:00Z,0.31
2024-12-19T04:00:00Z,2
2024-12-19T05:00:00Z,8.57
2024-12-19T06:00:00Z,53.950001
2024-12-19T07:00:00Z,66.480003
2024-12-19T08:00:00Z,67.459999
2024-12-19T09:00:00Z,64.989998
2024-12-19T10:00:00Z,57.41
2024-12-19T11:00:00Z,37.139999
2024-12-19T12:00:00Z,31.26
2024-12-19T13:00:00Z,30.530001
2024-12-19T14:00:00Z,30.950001
2024-12-19T15:00:00Z,31.4
2024-12-19T16:00:00Z,30.879999
2024-12-19T17:00:00Z,21.450001
2024-12-19T18:00:00Z,7.95
2024-12-19T19:00:00Z,6.45
2024-12-19T20:00:00Z,6.96
2024-12-19T21:00:00Z,6.55
2024-12-19T22:00:00Z,10.92
2024-12-19T23:00:00Z,11.17
2024-12-20T00:00:00Z,18.02
2024-12-20T01:00:00Z,16.309999
2024-12-20T02:00:00Z,17.43
2024-12-20T03:00:00Z,13.83
2024-12-20T04:00:00Z,9.04
2024-12-20T05:00:00Z,5.31
2024-12-20T06:00:00Z,27.17
2024-12-20T07:00:00Z,20.24
2024-12-20T08:00:00Z,30.200001
2024-12-20T09:00:00Z,31.25
2024-12-20T10:00:00Z,31.940001
2024-12-20T11:00:00Z,33.59
2024-12-20T12:00:00Z,33.490002
2024-12-20T13:00:00Z,35.07
2024-12-20T14:00:00Z,44.169998
2024-12-20T15:00:00Z,71.910004
2024-12-20T16:00:00Z,87.879997
2024-12-20T17:00:00Z,78.120003
2024-12-20T18:00:00Z,49.200001
2024-12-20T19:00:00Z,33.57
2024-12-20T20:00:00Z,30.950001
2024-12-20T21:00:00Z,24.75
2024-12-20T22:00:00Z,19.91
2024-12-20T23:00:00Z,11.67
2024-12-21T00:00:00Z,22.360001
2024-12-21T01:00:00Z,21.559999
2024-12-21T02:00:00Z,19.41
2024-12-21T03:00:00Z,18.110001
2024-12-21T04:00:00Z,20.040001
2024-12-21T05:00:00Z,20
2024-12-21T06:00:00Z,21.209999
2024-12-21T07:00:00Z,22.870001
2024-12-21T08:00:00Z,29.33
2024-12-21T09:00:00Z,31.43
2024-12-21T10:00:00Z,30.92
2024-12-21T11:00:00Z,31.120001
2024-12-21T12:00:00Z,29.83
2024-12-21T13:00:00Z,25.92
2024-12-21T14:00:00Z,27.280001
2024-12-21T15:00:00Z,29.309999
2024-12-21T16:00:00Z,29.27
2024-12-21T17:00:00Z,27.950001
2024-12-21T18:00:00Z,20.73
2024-12-21T19:00:00Z,15.3
2024-12-21T20:00:00Z,5.17
2024-12-21T21:00:00Z,4.23
2024-12-21T22:00:00Z,3.98
2024-12-21T23:00:00Z,1.83
2024-12-22T00:00:00Z,1.41
2024-12-22T01:00:00Z,0.23
2024-12-22T02:00:00Z,-0.09
2024-12-22T03:00:00Z,-0.77
2024-12-22T04:00:00Z,-0.03
2024-12-22T05:00:00Z,-0.04
2024-12-22T06:00:00Z,2.29
2024-12-22T07:00:00Z,6.07
2024-12-22T08:00:00Z,20.6
2024-12-22T09:00:00Z,20.17
2024-12-22T10:00:00Z,23
2024-12-22T11:00:00Z,21.190001
2024-12-22T12:00:00Z,21.389999
2024-12-22T13:00:00Z,28.02
2024-12-22T14:00:00Z,41.77
2024-12-22T15:00:00Z,46.93
2024-12-22T16:00:00Z,65.470001
2024-12-22T17:00:00Z,60.790001
2024-12-22T18:00:00Z,58.209999
2024-12-22T19:00:00Z,46.93
2024-12-22T20:00:00Z,36.66
2024-12-22T21:00:00Z,36.200001
2024-12-22T22:00:00Z,24.5
2024-12-22T23:00:00Z,29.190001
2024-12-23T00:00:00Z,20.129999
2024-12-23T01:00:00Z,14.31
2024-12-23T02:00:00Z,9.12
2024-12-23T03:00:00Z,9.78
2024-12-23T04:00:00Z,14.8
2024-12-23T05:00:00Z,17.389999
2024-12-23T06:00:00Z,52.009998
2024-12-23T07:00:00Z,59.34
2024-12-23T08:00:00Z,59.619999
2024-12-23T09:00:00Z,52.73
2024-12-23T10:00:00Z,52
2024-12-23T11:00:00Z,54.169998
2024-12-23T12:00:00Z,54.810001
2024-12-23T13:00:00Z,61.560001
2024-12-23T14:00:00Z,73.690002
2024-12-23T15:00:00Z,82.559998
2024-12-23T16:00:00Z,98.25
2024-12-23T17:00:00Z,101.75
2024-12-23T18:00:00Z,97.470001
2024-12-23T19:00:00Z,92.589996
2024-12-23T20:00:00Z,108.290001
2024-12-23T21:00:00Z,105.82
2024-12-23T22:00:00Z,96.989998
2024-12-23T23:00:00Z,86.029999
2024-12-24T00:00:00Z,82.839996
2024-12-24T01:00:00Z,81.889999
2024-12-24T02:00:00Z,78
2024-12-24T03:00:00Z,78.779999
2024-12-24T04:00:00Z,80.599998
2024-12-24T05:00:00Z,85.07
2024-12-24T06:00:00Z,100.830002
2024-12-24T07:00:00Z,115.089996
2024-12-24T08:00:00Z,120.949997
2024-12-24T09:00:00Z,120
2024-12-24T10:00:00Z,118.160004
2024-12-24T11:00:00Z,117.489998
2024-12-24T12:00:00Z,115.379997
2024-12-24T13:00:00Z,117.980003
2024-12-24T14:00:00Z,119.5
2024-12-24T15:00:00Z,120.209999
2024-12-24T16:00:00Z,118
2024-12-24T17:00:00Z,110.980003
2024-12-24T18:00:00Z,104.089996
2024-12-24T19:00:00Z,102.559998
2024-12-24T20:00:00Z,94.629997
2024-12-24T21:00:00Z,99.040001
2024-12-24T22:00:00Z,88.190002
2024-12-24T23:00:00Z,91.370003
2024-12-25T00:00:00Z,86.440002
2024-12-25T01:00:00Z,85.07
2024-12-25T02:00:00Z,68.620003
2024-12-25T03:00:00Z,61.810001
2024-12-25T04:00:00Z,62.75
2024-12-25T05:00:00Z,62.540001
2024-12-25T06:00:00Z,84.940002
2024-12-25T07:00:00Z,90.209999
2024-12-25T08:00:00Z,99.239998
2024-12-25T09:00:00Z,93.559998
2024-12-25T10:00:00Z,92.550003
2024-12-25T11:00:00Z,94.410004
2024-12-25T12:00:00Z,91.029999
2024-12-25T13:00:00Z,99.169998
2024-12-25T14:00:00Z,112.690002
2024-12-25T15:00:00Z,116.709999
2024-12-25T16:00:00Z,120.519997
2024-12-25T17:00:00Z,119.099998
2024-12-25T18:00:00Z,118
2024-12-25T19:00:00Z,118.32
2024-12-25T20:00:00Z,113.010002
2024-12-25T21:00:00Z,114.07
2024-12-25T22:00:00Z,104.220001
2024-12-25T23:00:00Z,102.169998
2024-12-26T00:00:00Z,95.059998
2024-12-26T01:00:00Z,94.610001
2024-12-26T02:00:00Z,89.639999
2024-12-26T03:00:00Z,90.870003
2024-12-26T04:00:00Z,95.099998
2024-12-26T05:00:00Z,99
2024-12-26T06:00:00Z,112.610001
2024-12-26T07:00:00Z,119.099998
2024-12-26T08:00:00Z,118.230003
2024-12-26T09:00:00Z,113.25
2024-12-26T10:00:00Z,106.010002
2024-12-26T11:00:00Z,107.709999
2024-12-26T12:00:00Z,103.900002
2024-12-26T13:00:00Z,109.639999
2024-12-26T14:00:00Z,120.75
2024-12-26T15:00:00Z,129.639999
2024-12-26T16:00:00Z,137.899994
2024-12-26T17:00:00Z,138.050003
2024-12-26T18:00:00Z,135.710007
2024-12-26T19:00:00Z,129.130005
2024-12-26T20:00:00Z,120.849998
2024-12-26T21:00:00Z,123.5
2024-12-26T22:00:00Z,116.980003
2024-12-26T23:00:00Z,106.790001
2024-12-27T00:00:00Z,101.519997
2024-12-27T01:00:00Z,101.029999
2024-12-27T02:00:00Z,99.739998
2024-12-27T03:00:00Z,99.580002
2024-12-27T04:00:00Z,106.199997
2024-12-27T05:00:00Z,115.699997
2024-12-27T06:00:00Z,124.290001
2024-12-27T07:00:00Z,131.850006
2024-12-27T08:00:00Z,130.149994
2024-12-27T09:00:00Z,120.099998
2024-12-27T10:00:00Z,107.940002
2024-12-27T11:00:00Z,107.809998
2024-12-27T12:00:00Z,107.940002
2024-12-27T13:00:00Z,121.650002
2024-12-27T14:00:00Z,136.460007
2024-12-27T15:00:00Z,146.25
2024-12-27T16:00:00Z,151.800003
2024-12-27T17:00:00Z,158.399994
2024-12-27T18:00:00Z,146.429993
2024-12-27T19:00:00Z,133.139999
2024-12-27T20:00:00Z,125.419998
2024-12-27T21:00:00Z,126.760002
2024-12-27T22:00:00Z,114
2024-12-27T23:00:00Z,126.400002
2024-12-28T00:00:00Z,116.629997
2024-12-28T01:00:00Z,110.150002
2024-12-28T02:00:00Z,105.919998
2024-12-28T03:00:00Z,102.93
2024-12-28T04:00:00Z,105.580002
2024-12-28T05:00:00Z,109.709999
2024-12-28T06:00:00Z,124.239998
2024-12-28T07:00:00Z,128
2024-12-28T08:00:00Z,128.300003
2024-12-28T09:00:00Z,122.830002
2024-12-28T10:00:00Z,113.400002
2024-12-28T11:00:00Z,108.970001
2024-12-28T12:00:00Z,110.010002
2024-12-28T13:00:00Z,117.830002
2024-12-28T14:00:00Z,134.800003
2024-12-28T15:00:00Z,139.320007
2024-12-28T16:00:00Z,150.770004
2024-12-28T17:00:00Z,147.509995
2024-12-28T18:00:00Z,140.479996
2024-12-28T19:00:00Z,129.259995
2024-12-28T20:00:00Z,125.900002
2024-12-28T21:00:00Z,121.25
2024-12-28T22:00:00Z,114.93
2024-12-28T23:00:00Z,127.389999
2024-12-29T00:00:00Z,114.089996
2024-12-29T01:00:00Z,107.709999
2024-12-29T02:00:00Z,101.699997
2024-12-29T03:00:00Z,97.730003
2024-12-29T04:00:00Z,98.599998
2024-12-29T05:00:00Z,67.099998
2024-12-29T06:00:00Z,57.549999
2024-12-29T07:00:00Z,53.700001
2024-12-29T08:00:00Z,40.860001
2024-12-29T09:00:00Z,25.52
2024-12-29T10:00:00Z,24.030001
2024-12-29T11:00:00Z,29.219999
2024-12-29T12:00:00Z,28.360001
2024-12-29T13:00:00Z,24.719999
2024-12-29T14:00:00Z,24.65
2024-12-29T15:00:00Z,27.530001
2024-12-29T16:00:00Z,28.110001
2024-12-29T17:00:00Z,24.98
2024-12-29T18:00:00Z,24.219999
2024-12-29T19:00:00Z,23.530001
2024-12-29T20:00:00Z,23.200001
2024-12-29T21:00:00Z,20.01
2024-12-29T22:00:00Z,12.21
2024-12-29T23:00:00Z,3.59
2024-12-30T00:00:00Z,13.44
2024-12-30T01:00:00Z,13.46
2024-12-30T02:00:00Z,16.559999
2024-12-30T03:00:00Z,19.51
2024-12-30T04:00:00Z,17.379999
2024-12-30T05:00:00Z,25.620001
2024-12-30T06:00:00Z,34.119999
2024-12-30T07:00:00Z,37.32
2024-12-30T08:00:00Z,36.380001
2024-12-30T09:00:00Z,38.43
2024-12-30T10:00:00Z,38.349998
2024-12-30T11:00:00Z,36.32
2024-12-30T12:00:00Z,34.610001
2024-12-30T13:00:00Z,36.060001
2024-12-30T14:00:00Z,37.43
2024-12-30T15:00:00Z,39.73
2024-12-30T16:00:00Z,39.169998
2024-12-30T17:00:00Z,36.860001
2024-12-30T18:00:00Z,33
2024-12-30T19:00:00Z,31.5
2024-12-30T20:00:00Z,31.41
2024-12-30T21:00:00Z,29.49
2024-12-30T22:00:00Z,35.66
2024-12-30T23:00:00Z,50.490002
2024-12-31T00:00:00Z,45.900002
2024-12-31T01:00:00Z,56.43
2024-12-31T02:00:00Z,34.900002
2024-12-31T03:00:00Z,30.879999
2024-12-31T04:00:00Z,30.209999
2024-12-31T05:00:00Z,40
2024-12-31T06:00:00Z,51.880001
2024-12-31T07:00:00Z,78.43
2024-12-31T08:00:00Z,83.459999
2024-12-31T09:00:00Z,47.919998
2024-12-31T10:00:00Z,42.459999
2024-12-31T11:00:00Z,37.110001
2024-12-31T12:00:00Z,36.34
2024-12-31T13:00:00Z,19.98
2024-12-31T14:00:00Z,17
2024-12-31T15:00:00Z,18.67
2024-12-31T16:00:00Z,20.950001
2024-12-31T17:00:00Z,25.98
2024-12-31T18:00:00Z,25.02
2024-12-31T19:00:00Z,19
2024-12-31T20:00:00Z,15.7
2024-12-31T21:00:00Z,9.06
2024-12-31T22:00:00Z,0.52
2024-12-31T23:00:00Z,2.16
2025-01-01T00:00:00Z,1.6
2025-01-01T01:00:00Z,1.63
2025-01-01T02:00:00Z,1.09
2025-01-01T03:00:00Z,0.47
2025-01-01T04:00:00Z,0
2025-01-01T05:00:00Z,0.76
2025-01-01T06:00:00Z,0.79
2025-01-01T07:00:00Z,1.89
2025-01-01T08:00:00Z,2.12
2025-01-01T09:00:00Z,3.54
2025-01-01T10:00:00Z,3.7
2025-01-01T11:00:00Z,3.75
2025-01-01T12:00:00Z,3.81
2025-01-01T13:00:00Z,5.37
2025-01-01T14:00:00Z,12.28
2025-01-01T15:00:00Z,19.719999
2025-01-01T16:00:00Z,22.18
2025-01-01T17:00:00Z,17.440001
2025-01-01T18:00:00Z,10.2
2025-01-01T19:00:00Z,8
2025-01-01T20:00:00Z,6.73
2025-01-01T21:00:00Z,10.05
2025-01-01T22:00:00Z,7.01
2025-01-01T23:00:00Z,2.83
2025-01-02T00:00:00Z,2.7
2025-01-02T01:00:00Z,3.57
2025-01-02T02:00:00Z,7.02
2025-01-02T03:00:00Z,12.75
2025-01-02T04:00:00Z,30.07
2025-01-02T05:00:00Z,67.129997
2025-01-02T06:00:00Z,98.830002
2025-01-02T07:00:00Z,121.529999
2025-01-02T08:00:00Z,127.230003
2025-01-02T09:00:00Z,124.529999
2025-01-02T10:00:00Z,111.580002
2025-01-02T11:00:00Z,100.400002
2025-01-02T12:00:00Z,105.099998
2025-01-02T13:00:00Z,111.209999
2025-01-02T14:00:00Z,126.18
2025-01-02T15:00:00Z,135.259995
2025-01-02T16:00:00Z,149.729996
2025-01-02T17:00:00Z,145.270004
2025-01-02T18:00:00Z,107.370003
2025-01-02T19:00:00Z,102.599998
2025-01-02T20:00:00Z,77.940002
2025-01-02T21:00:00Z,65.660004
2025-01-02T22:00:00Z,49.77
2025-01-02T23:00:00Z,42.689999
2025-01-03T00:00:00Z,38.130001
2025-01-03T01:00:00Z,35.209999
2025-01-03T02:00:00Z,33.43
2025-01-03T03:00:00Z,28.73
2025-01-03T04:00:00Z,31.280001
2025-01-03T05:00:00Z,38.439999
2025-01-03T06:00:00Z,52.119999
2025-01-03T07:00:00Z,80.279999
2025-01-03T08:00:00Z,75.010002
2025-01-03T09:00:00Z,75.43
2025-01-03T10:00:00Z,62.360001
2025-01-03T11:00:00Z,53.889999
2025-01-03T12:00:00Z,52.389999
2025-01-03T13:00:00Z,53.650002
2025-01-03T14:00:00Z,72.379997
2025-01-03T15:00:00Z,100.309998
2025-01-03T16:00:00Z,105.43
2025-01-03T17:00:00Z,108.089996
2025-01-03T18:00:00Z,100.360001
2025-01-03T19:00:00Z,81.779999
2025-01-03T20:00:00Z,80.489998
2025-01-03T21:00:00Z,67.120003
2025-01-03T22:00:00Z,74.949997
2025-01-03T23:00:00Z,90.43
2025-01-04T00:00:00Z,90.290001
2025-01-04T01:00:00Z,90.199997
2025-01-04T02:00:00Z,91.519997
2025-01-04T03:00:00Z,95.949997
2025-01-04T04:00:00Z,102.110001
2025-01-04T05:00:00Z,110.660004
2025-01-04T06:00:00Z,119.959999
2025-01-04T07:00:00Z,128.389999
2025-01-04T08:00:00Z,130.75
2025-01-04T09:00:00Z,130.339996
2025-01-04T10:00:00Z,128.289993
2025-01-04T11:00:00Z,130.029999
2025-01-04T12:00:00Z,129.850006
2025-01-04T13:00:00Z,136.399994
2025-01-04T14:00:00Z,138.720001
2025-01-04T15:00:00Z,142
2025-01-04T16:00:00Z,151.240005
2025-01-04T17:00:00Z,143.850006
2025-01-04T18:00:00Z,137.960007
2025-01-04T19:00:00Z,129.490005
2025-01-04T20:00:00Z,122.830002
2025-01-04T21:00:00Z,118.290001
2025-01-04T22:00:00Z,109.489998
2025-01-04T23:00:00Z,113.839996
2025-01-05T00:00:00Z,100.330002
2025-01-05T01:00:00Z,93.610001
2025-01-05T02:00:00Z,93.870003
2025-01-05T03:00:00Z,89.379997
2025-01-05T04:00:00Z,83.550003
2025-01-05T05:00:00Z,83.919998
2025-01-05T06:00:00Z,82.529999
2025-01-05T07:00:00Z,84.050003
2025-01-05T08:00:00Z,88.099998
2025-01-05T09:00:00Z,82.949997
2025-01-05T10:00:00Z,88.82
2025-01-05T11:00:00Z,81.660004
2025-01-05T12:00:00Z,77.529999
2025-01-05T13:00:00Z,68
2025-01-05T14:00:00Z,50.639999
2025-01-05T15:00:00Z,49.91
2025-01-05T16:00:00Z,63.389999
2025-01-05T17:00:00Z,61.830002
2025-01-05T18:00:00Z,50.650002
2025-01-05T19:00:00Z,36.849998
2025-01-05T20:00:00Z,36.720001
2025-01-05T21:00:00Z,34.68
2025-01-05T22:00:00Z,28.139999
2025-01-05T23:00:00Z,27.52
2025-01-06T00:00:00Z,19.26
2025-01-06T01:00:00Z,11.35
2025-01-06T02:00:00Z,9.2
2025-01-06T03:00:00Z,10
2025-01-06T04:00:00Z,14.81
2025-01-06T05:00:00Z,23.82
2025-01-06T06:00:00Z,31.719999
2025-01-06T07:00:00Z,39.580002
2025-01-06T08:00:00Z,36.080002
2025-01-06T09:00:00Z,34.689999
2025-01-06T10:00:00Z,32.830002
2025-01-06T11:00:00Z,31.280001
2025-01-06T12:00:00Z,28.6
2025-01-06T13:00:00Z,25.610001
2025-01-06T14:00:00Z,26.32
2025-01-06T15:00:00Z,26.870001
2025-01-06T16:00:00Z,31.66
2025-01-06T17:00:00Z,31.58
2025-01-06T18:00:00Z,28.01
2025-01-06T19:00:00Z,24.860001
2025-01-06T20:00:00Z,13.82
2025-01-06T21:00:00Z,20.42
2025-01-06T22:00:00Z,10.11
2025-01-06T23:00:00Z,13.6
2025-01-07T00:00:00Z,8.71
2025-01-07T01:00:00Z,8.9
2025-01-07T02:00:00Z,5.01
2025-01-07T03:00:00Z,5.13
2025-01-07T04:00:00Z,5.8
2025-01-07T05:00:00Z,44.810001
2025-01-07T06:00:00Z,38.029999
2025-01-07T07:00:00Z,37.200001
2025-01-07T08:00:00Z,35.009998
2025-01-07T09:00:00Z,34.27
2025-01-07T10:00:00Z,34.650002
2025-01-07T11:00:00Z,33.330002
2025-01-07T12:00:00Z,33.27
2025-01-07T13:00:00Z,33.279999
2025-01-07T14:00:00Z,33.25
2025-01-07T15:00:00Z,35.049999
2025-01-07T16:00:00Z,38.450001
2025-01-07T17:00:00Z,35.009998
2025-01-07T18:00:00Z,33.18
2025-01-07T19:00:00Z,25.200001
2025-01-07T20:00:00Z,20.02
2025-01-07T21:00:00Z,22.6
2025-01-07T22:00:00Z,37.18
2025-01-07T23:00:00Z,20.5
2025-01-08T00:00:00Z,23.34
2025-01-08T01:00:00Z,23.93
2025-01-08T02:00:00Z,23.07
2025-01-08T03:00:00Z,26.379999
2025-01-08T04:00:00Z,28.459999
2025-01-08T05:00:00Z,30.99
2025-01-08T06:00:00Z,46.5
2025-01-08T07:00:00Z,58.98
2025-01-08T08:00:00Z,67.110001
2025-01-08T09:00:00Z,71.349998
2025-01-08T10:00:00Z,74.059998
2025-01-08T11:00:00Z,72.660004
2025-01-08T12:00:00Z,77.980003
2025-01-08T13:00:00Z,85
2025-01-08T14:00:00Z,105.400002
2025-01-08T15:00:00Z,125.519997
2025-01-08T16:00:00Z,152.779999
2025-01-08T17:00:00Z,149.229996
2025-01-08T18:00:00Z,145.259995
2025-01-08T19:00:00Z,118.300003
2025-01-08T20:00:00Z,100.68
2025-01-08T21:00:00Z,91.910004
2025-01-08T22:00:00Z,91.410004
2025-01-08T23:00:00Z,101.440002
2025-01-09T00:00:00Z,100
2025-01-09T01:00:00Z,98.769997
2025-01-09T02:00:00Z,95.220001
2025-01-09T03:00:00Z,98.279999
2025-01-09T04:00:00Z,102.650002
2025-01-09T05:00:00Z,133.539993
2025-01-09T06:00:00Z,148.800003
2025-01-09T07:00:00Z,164.880005
2025-01-09T08:00:00Z,156.149994
2025-01-09T09:00:00Z,147.639999
2025-01-09T10:00:00Z,140.210007
2025-01-09T11:00:00Z,128.179993
2025-01-09T12:00:00Z,121.150002
2025-01-09T13:00:00Z,123.949997
2025-01-09T14:00:00Z,127.860001
2025-01-09T15:00:00Z,127.360001
2025-01-09T16:00:00Z,132.169998
2025-01-09T17:00:00Z,136.080002
2025-01-09T18:00:00Z,129.440002
2025-01-09T19:00:00Z,119.230003
2025-01-09T20:00:00Z,104.989998
2025-01-09T21:00:00Z,101.099998
2025-01-09T22:00:00Z,88.190002
2025-01-09T23:00:00Z,84.790001
2025-01-10T00:00:00Z,80.230003
2025-01-10T01:00:00Z,71.290001
2025-01-10T02:00:00Z,69.050003
2025-01-10T03:00:00Z,69.889999
2025-01-10T04:00:00Z,83.900002
2025-01-10T05:00:00Z,99.089996
2025-01-10T06:00:00Z,123.919998
2025-01-10T07:00:00Z,139.470001
2025-01-10T08:00:00Z,136.919998
2025-01-10T09:00:00Z,123.57
2025-01-10T10:00:00Z,113.589996
2025-01-10T11:00:00Z,107.43
2025-01-10T12:00:00Z,105.010002
2025-01-10T13:00:00Z,110.010002
2025-01-10T14:00:00Z,128.690002
2025-01-10T15:00:00Z,134.869995
2025-01-10T16:00:00Z,142.559998
2025-01-10T17:00:00Z,144.119995
2025-01-10T18:00:00Z,141.050003
2025-01-10T19:00:00Z,128.809998
2025-01-10T20:00:00Z,109.699997
2025-01-10T21:00:00Z,116.330002
2025-01-10T22:00:00Z,109.879997
2025-01-10T23:00:00Z,99.309998
2025-01-11T00:00:00Z,101.639999
2025-01-11T01:00:00Z,94.419998
2025-01-11T02:00:00Z,89.449997
2025-01-11T03:00:00Z,76.260002
2025-01-11T04:00:00Z,67.099998
2025-01-11T05:00:00Z,77.139999
2025-01-11T06:00:00Z,94.68
2025-01-11T07:00:00Z,107.650002
2025-01-11T08:00:00Z,103.139999
2025-01-11T09:00:00Z,101.129997
2025-01-11T10:00:00Z,91.059998
2025-01-11T11:00:00Z,91.059998
2025-01-11T12:00:00Z,91.029999
2025-01-11T13:00:00Z,89.300003
2025-01-11T14:00:00Z,102.559998
2025-01-11T15:00:00Z,112.120003
2025-01-11T16:00:00Z,119.800003
2025-01-11T17:00:00Z,122.339996
2025-01-11T18:00:00Z,114.849998
2025-01-11T19:00:00Z,108.099998
2025-01-11T20:00:00Z,104.800003
2025-01-11T21:00:00Z,103.07
2025-01-11T22:00:00Z,105.690002
2025-01-11T23:00:00Z,83.580002
2025-01-12T00:00:00Z,83.790001
2025-01-12T01:00:00Z,86.75
2025-01-12T02:00:00Z,84.199997
2025-01-12T03:00:00Z,85
2025-01-12T04:00:00Z,83.75
2025-01-12T05:00:00Z,85.900002
2025-01-12T06:00:00Z,101.75
2025-01-12T07:00:00Z,114.669998
2025-01-12T08:00:00Z,120.07
2025-01-12T09:00:00Z,117.769997
2025-01-12T10:00:00Z,105.610001
2025-01-12T11:00:00Z,102.989998
2025-01-12T12:00:00Z,99.610001
2025-01-12T13:00:00Z,104.739998
2025-01-12T14:00:00Z,118.699997
2025-01-12T15:00:00Z,132.919998
2025-01-12T16:00:00Z,141
2025-01-12T17:00:00Z,146.660004
2025-01-12T18:00:00Z,143.660004
2025-01-12T19:00:00Z,134.860001
2025-01-12T20:00:00Z,127.489998
2025-01-12T21:00:00Z,121.199997
2025-01-12T22:00:00Z,114.900002
2025-01-12T23:00:00Z,112.389999
2025-01-13T00:00:00Z,105.07
2025-01-13T01:00:00Z,104.459999
2025-01-13T02:00:00Z,100.370003
2025-01-13T03:00:00Z,90.510002
2025-01-13T04:00:00Z,59.66
2025-01-13T05:00:00Z,85.139999
2025-01-13T06:00:00Z,122
2025-01-13T07:00:00Z,152.850006
2025-01-13T08:00:00Z,115.150002
2025-01-13T09:00:00Z,92.010002
2025-01-13T10:00:00Z,67.440002
2025-01-13T11:00:00Z,57.189999
2025-01-13T12:00:00Z,56.220001
2025-01-13T13:00:00Z,62.57
2025-01-13T14:00:00Z,56.709999
2025-01-13T15:00:00Z,64.669998
2025-01-13T16:00:00Z,67.099998
2025-01-13T17:00:00Z,50.150002
2025-01-13T18:00:00Z,40.389999
2025-01-13T19:00:00Z,24.719999
2025-01-13T20:00:00Z,22.879999
2025-01-13T21:00:00Z,21.09
2025-01-13T22:00:00Z,17.77
2025-01-13T23:00:00Z,36.91
2025-01-14T00:00:00Z,40
2025-01-14T01:00:00Z,41.599998
2025-01-14T02:00:00Z,42.25
2025-01-14T03:00:00Z,40.220001
2025-01-14T04:00:00Z,46.209999
2025-01-14T05:00:00Z,50.400002
2025-01-14T06:00:00Z,60.290001
2025-01-14T07:00:00Z,68.510002
2025-01-14T08:00:00Z,63.02
2025-01-14T09:00:00Z,55.110001
2025-01-14T10:00:00Z,56.130001
2025-01-14T11:00:00Z,48.23
2025-01-14T12:00:00Z,52.189999
2025-01-14T13:00:00Z,60.400002
2025-01-14T14:00:00Z,56.990002
2025-01-14T15:00:00Z,69.459999
2025-01-14T16:00:00Z,73.889999
2025-01-14T17:00:00Z,69.860001
2025-01-14T18:00:00Z,62.029999
2025-01-14T19:00:00Z,58.939999
2025-01-14T20:00:00Z,59.419998
2025-01-14T21:00:00Z,58.84
2025-01-14T22:00:00Z,68.839996
2025-01-14T23:00:00Z,62.029999
2025-01-15T00:00:00Z,63.299999
2025-01-15T01:00:00Z,64.830002
2025-01-15T02:00:00Z,77.540001
2025-01-15T03:00:00Z,105.349998
2025-01-15T04:00:00Z,114.919998
2025-01-15T05:00:00Z,133.490005
2025-01-15T06:00:00Z,191.789993
2025-01-15T07:00:00Z,307.23999
2025-01-15T08:00:00Z,315.019989
2025-01-15T09:00:00Z,311.029999
2025-01-15T10:00:00Z,304.799988
2025-01-15T11:00:00Z,311.019989
2025-01-15T12:00:00Z,309.339996
2025-01-15T13:00:00Z,285.829987
2025-01-15T14:00:00Z,262.480011
2025-01-15T15:00:00Z,260.470001
2025-01-15T16:00:00Z,295.25
2025-01-15T17:00:00Z,270.019989
2025-01-15T18:00:00Z,223.25
2025-01-15T19:00:00Z,171.240005
2025-01-15T20:00:00Z,129.300003
2025-01-15T21:00:00Z,133.490005
2025-01-15T22:00:00Z,88.550003
2025-01-15T23:00:00Z,124.82
2025-01-16T00:00:00Z,110.779999
2025-01-16T01:00:00Z,96.07
2025-01-16T02:00:00Z,58.610001
2025-01-16T03:00:00Z,58.25
2025-01-16T04:00:00Z,67.099998
2025-01-16T05:00:00Z,102.660004
2025-01-16T06:00:00Z,125.790001
2025-01-16T07:00:00Z,150.100006
2025-01-16T08:00:00Z,141.919998
2025-01-16T09:00:00Z,119
2025-01-16T10:00:00Z,74.010002
2025-01-16T11:00:00Z,70.540001
2025-01-16T12:00:00Z,67.970001
2025-01-16T13:00:00Z,70.470001
2025-01-16T14:00:00Z,86.849998
2025-01-16T15:00:00Z,135.080002
2025-01-16T16:00:00Z,161
2025-01-16T17:00:00Z,159.529999
2025-01-16T18:00:00Z,88.519997
2025-01-16T19:00:00Z,76.589996
2025-01-16T20:00:00Z,69.550003
2025-01-16T21:00:00Z,68.849998
2025-01-16T22:00:00Z,63.490002
2025-01-16T23:00:00Z,55.59
2025-01-17T00:00:00Z,57.740002
2025-01-17T01:00:00Z,60.490002
2025-01-17T02:00:00Z,60.470001
2025-01-17T03:00:00Z,64.059998
2025-01-17T04:00:00Z,69.940002
2025-01-17T05:00:00Z,94.870003
2025-01-17T06:00:00Z,108.519997
2025-01-17T07:00:00Z,105.949997
2025-01-17T08:00:00Z,96.599998
2025-01-17T09:00:00Z,77.669998
2025-01-17T10:00:00Z,69.43
2025-01-17T11:00:00Z,64.82
2025-01-17T12:00:00Z,63.759998
2025-01-17T13:00:00Z,67.790001
2025-01-17T14:00:00Z,74.519997
2025-01-17T15:00:00Z,92.010002
2025-01-17T16:00:00Z,167.5
2025-01-17T17:00:00Z,174.990005
2025-01-17T18:00:00Z,167.710007
2025-01-17T19:00:00Z,146.449997
2025-01-17T20:00:00Z,136.869995
2025-01-17T21:00:00Z,119.169998
2025-01-17T22:00:00Z,103.480003
2025-01-17T23:00:00Z,124.949997
2025-01-18T00:00:00Z,121.050003
2025-01-18T01:00:00Z,120.980003
2025-01-18T02:00:00Z,118.849998
2025-01-18T03:00:00Z,116.300003
2025-01-18T04:00:00Z,119.769997
2025-01-18T05:00:00Z,119.519997
2025-01-18T06:00:00Z,105.089996
2025-01-18T07:00:00Z,138.589996
2025-01-18T08:00:00Z,144.100006
2025-01-18T09:00:00Z,131.210007
2025-01-18T10:00:00Z,121.559998
2025-01-18T11:00:00Z,118.870003
2025-01-18T12:00:00Z,115.010002
2025-01-18T13:00:00Z,119.32
2025-01-18T14:00:00Z,133.320007
2025-01-18T15:00:00Z,149.710007
2025-01-18T16:00:00Z,164.589996
2025-01-18T17:00:00Z,167.570007
2025-01-18T18:00:00Z,167.850006
2025-01-18T19:00:00Z,156.119995
2025-01-18T20:00:00Z,143.419998
2025-01-18T21:00:00Z,136.399994
2025-01-18T22:00:00Z,129.360001
2025-01-18T23:00:00Z,129.729996
2025-01-19T00:00:00Z,124.199997
2025-01-19T01:00:00Z,123.050003
2025-01-19T02:00:00Z,121.239998
2025-01-19T03:00:00Z,120.18
2025-01-19T04:00:00Z,120
2025-01-19T05:00:00Z,121.57
2025-01-19T06:00:00Z,123.330002
2025-01-19T07:00:00Z,123.599998
2025-01-19T08:00:00Z,125.160004
2025-01-19T09:00:00Z,125.190002
2025-01-19T10:00:00Z,121.559998
2025-01-19T11:00:00Z,112.25
2025-01-19T12:00:00Z,107.510002
2025-01-19T13:00:00Z,116.809998
2025-01-19T14:00:00Z,126.290001
2025-01-19T15:00:00Z,140.149994
2025-01-19T16:00:00Z,149.669998
2025-01-19T17:00:00Z,159.039993
2025-01-19T18:00:00Z,156.600006
2025-01-19T19:00:00Z,149.059998
2025-01-19T20:00:00Z,139.259995
2025-01-19T21:00:00Z,130.990005
2025-01-19T22:00:00Z,122.940002
2025-01-19T23:00:00Z,122.269997
2025-01-20T00:00:00Z,119.440002
2025-01-20T01:00:00Z,116.559998
2025-01-20T02:00:00Z,114.410004
2025-01-20T03:00:00Z,115.449997
2025-01-20T04:00:00Z,127.540001
2025-01-20T05:00:00Z,161.710007
2025-01-20T06:00:00Z,276.480011
2025-01-20T07:00:00Z,431.98999
2025-01-20T08:00:00Z,291.700012
2025-01-20T09:00:00Z,236.289993
2025-01-20T10:00:00Z,187.479996
2025-01-20T11:00:00Z,176
2025-01-20T12:00:00Z,171.389999
2025-01-20T13:00:00Z,192.729996
2025-01-20T14:00:00Z,277.170013
2025-01-20T15:00:00Z,402.119995
2025-01-20T16:00:00Z,583.400024
2025-01-20T17:00:00Z,473.279999
2025-01-20T18:00:00Z,295.570007
2025-01-20T19:00:00Z,220
2025-01-20T20:00:00Z,170
2025-01-20T21:00:00Z,152.509995
2025-01-20T22:00:00Z,137.979996
2025-01-20T23:00:00Z,127.519997
2025-01-21T00:00:00Z,121.650002
2025-01-21T01:00:00Z,116.669998
2025-01-21T02:00:00Z,113.860001
2025-01-21T03:00:00Z,111.489998
2025-01-21T04:00:00Z,106.599998
2025-01-21T05:00:00Z,106.970001
2025-01-21T06:00:00Z,165.350006
2025-01-21T07:00:00Z,209.5
2025-01-21T08:00:00Z,210.330002
2025-01-21T09:00:00Z,198.050003
2025-01-21T10:00:00Z,161.5
2025-01-21T11:00:00Z,147.440002
2025-01-21T12:00:00Z,142.830002
2025-01-21T13:00:00Z,150.050003
2025-01-21T14:00:00Z,173.429993
2025-01-21T15:00:00Z,202.389999
2025-01-21T16:00:00Z,282.519989
2025-01-21T17:00:00Z,243.960007
2025-01-21T18:00:00Z,199.940002
2025-01-21T19:00:00Z,174.839996
2025-01-21T20:00:00Z,155.190002
2025-01-21T21:00:00Z,138.600006
2025-01-21T22:00:00Z,109.699997
2025-01-21T23:00:00Z,106.889999
2025-01-22T00:00:00Z,101.529999
2025-01-22T01:00:00Z,105.019997
2025-01-22T02:00:00Z,103.860001
2025-01-22T03:00:00Z,93.75
2025-01-22T04:00:00Z,107.449997
2025-01-22T05:00:00Z,129.029999
2025-01-22T06:00:00Z,195.470001
2025-01-22T07:00:00Z,238.600006
2025-01-22T08:00:00Z,199.410004
2025-01-22T09:00:00Z,179.059998
2025-01-22T10:00:00Z,172.940002
2025-01-22T11:00:00Z,165
2025-01-22T12:00:00Z,170
2025-01-22T13:00:00Z,179.919998
2025-01-22T14:00:00Z,195.669998
2025-01-22T15:00:00Z,199.039993
2025-01-22T16:00:00Z,208.990005
2025-01-22T17:00:00Z,180.429993
2025-01-22T18:00:00Z,167.080002
2025-01-22T19:00:00Z,134.490005
2025-01-22T20:00:00Z,127.779999
2025-01-22T21:00:00Z,128.089996
2025-01-22T22:00:00Z,113.129997
2025-01-22T23:00:00Z,112.800003
2025-01-23T00:00:00Z,108.879997
2025-01-23T01:00:00Z,105.580002
2025-01-23T02:00:00Z,100.010002
2025-01-23T03:00:00Z,97.589996
2025-01-23T04:00:00Z,100.010002
2025-01-23T05:00:00Z,106.410004
2025-01-23T06:00:00Z,136.600006
2025-01-23T07:00:00Z,159.029999
2025-01-23T08:00:00Z,155.419998
2025-01-23T09:00:00Z,130.940002
2025-01-23T10:00:00Z,116.099998
2025-01-23T11:00:00Z,94.75
2025-01-23T12:00:00Z,83.459999
2025-01-23T13:00:00Z,72.349998
2025-01-23T14:00:00Z,67.599998
2025-01-23T15:00:00Z,83.690002
2025-01-23T16:00:00Z,91.190002
2025-01-23T17:00:00Z,85.089996
2025-01-23T18:00:00Z,77.879997
2025-01-23T19:00:00Z,65.169998
2025-01-23T20:00:00Z,57.419998
2025-01-23T21:00:00Z,55.950001
2025-01-23T22:00:00Z,44.560001
2025-01-23T23:00:00Z,37.279999
2025-01-24T00:00:00Z,40
2025-01-24T01:00:00Z,41.540001
2025-01-24T02:00:00Z,37.740002
2025-01-24T03:00:00Z,36.110001
2025-01-24T04:00:00Z,36.880001
2025-01-24T05:00:00Z,40.709999
2025-01-24T06:00:00Z,70.279999
2025-01-24T07:00:00Z,80.059998
2025-01-24T08:00:00Z,59.529999
2025-01-24T09:00:00Z,47.060001
2025-01-24T10:00:00Z,41.830002
2025-01-24T11:00:00Z,37.150002
2025-01-24T12:00:00Z,25.120001
2025-01-24T13:00:00Z,23.18
2025-01-24T14:00:00Z,23.389999
2025-01-24T15:00:00Z,20
2025-01-24T16:00:00Z,26.9
2025-01-24T17:00:00Z,28.66
2025-01-24T18:00:00Z,20.620001
2025-01-24T19:00:00Z,21.1
2025-01-24T20:00:00Z,20
2025-01-24T21:00:00Z,13.1
2025-01-24T22:00:00Z,10.12
2025-01-24T23:00:00Z,16.92
2025-01-25T00:00:00Z,21.219999
2025-01-25T01:00:00Z,19.889999
2025-01-25T02:00:00Z,27.26
2025-01-25T03:00:00Z,24.59
2025-01-25T04:00:00Z,21.209999
2025-01-25T05:00:00Z,29.799999
2025-01-25T06:00:00Z,47.139999
2025-01-25T07:00:00Z,59.900002
2025-01-25T08:00:00Z,66.639999
2025-01-25T09:00:00Z,79.169998
2025-01-25T10:00:00Z,72.269997
2025-01-25T11:00:00Z,81.82
2025-01-25T12:00:00Z,81.980003
2025-01-25T13:00:00Z,85.089996
2025-01-25T14:00:00Z,103.540001
2025-01-25T15:00:00Z,124.110001
2025-01-25T16:00:00Z,138.600006
2025-01-25T17:00:00Z,147.100006
2025-01-25T18:00:00Z,144.350006
2025-01-25T19:00:00Z,130.75
2025-01-25T20:00:00Z,126.75
2025-01-25T21:00:00Z,124.5
2025-01-25T22:00:00Z,114.989998
2025-01-25T23:00:00Z,126.209999
2025-01-26T00:00:00Z,115.790001
2025-01-26T01:00:00Z,111.300003
2025-01-26T02:00:00Z,106.849998
2025-01-26T03:00:00Z,105.43
2025-01-26T04:00:00Z,103.059998
2025-01-26T05:00:00Z,99.43
2025-01-26T06:00:00Z,105.82
2025-01-26T07:00:00Z,108.360001
2025-01-26T08:00:00Z,118.510002
2025-01-26T09:00:00Z,105.510002
2025-01-26T10:00:00Z,102.57
2025-01-26T11:00:00Z,96.730003
2025-01-26T12:00:00Z,90.019997
2025-01-26T13:00:00Z,92.519997
2025-01-26T14:00:00Z,111.629997
2025-01-26T15:00:00Z,125.919998
2025-01-26T16:00:00Z,132.770004
2025-01-26T17:00:00Z,109.650002
2025-01-26T18:00:00Z,82.510002
2025-01-26T19:00:00Z,69.510002
2025-01-26T20:00:00Z,59.34
2025-01-26T21:00:00Z,43.279999
2025-01-26T22:00:00Z,23.889999
2025-01-26T23:00:00Z,39.119999
2025-01-27T00:00:00Z,35.259998
2025-01-27T01:00:00Z,26.379999
2025-01-27T02:00:00Z,14.07
2025-01-27T03:00:00Z,10.1
2025-01-27T04:00:00Z,21.52
2025-01-27T05:00:00Z,33.400002
2025-01-27T06:00:00Z,51.349998
2025-01-27T07:00:00Z,60.490002
2025-01-27T08:00:00Z,38.560001
2025-01-27T09:00:00Z,40.759998
2025-01-27T10:00:00Z,36.939999
2025-01-27T11:00:00Z,34.189999
2025-01-27T12:00:00Z,35.919998
2025-01-27T13:00:00Z,39.970001
2025-01-27T14:00:00Z,47.169998
2025-01-27T15:00:00Z,50
2025-01-27T16:00:00Z,54.060001
2025-01-27T17:00:00Z,54.310001
2025-01-27T18:00:00Z,50.310001
2025-01-27T19:00:00Z,45.279999
2025-01-27T20:00:00Z,40.459999
2025-01-27T21:00:00Z,38.529999
2025-01-27T22:00:00Z,37.630001
2025-01-27T23:00:00Z,38.889999
2025-01-28T00:00:00Z,38.029999
2025-01-28T01:00:00Z,35.700001
2025-01-28T02:00:00Z,38.049999
2025-01-28T03:00:00Z,40.860001
2025-01-28T04:00:00Z,42.619999
2025-01-28T05:00:00Z,57.450001
2025-01-28T06:00:00Z,105.870003
2025-01-28T07:00:00Z,118.860001
2025-01-28T08:00:00Z,115
2025-01-28T09:00:00Z,112.870003
2025-01-28T10:00:00Z,108.830002
2025-01-28T11:00:00Z,107.089996
2025-01-28T12:00:00Z,108.989998
2025-01-28T13:00:00Z,112.709999
2025-01-28T14:00:00Z,125.169998
2025-01-28T15:00:00Z,130.279999
2025-01-28T16:00:00Z,139.720001
2025-01-28T17:00:00Z,120.5
2025-01-28T18:00:00Z,110.139999
2025-01-28T19:00:00Z,85.400002
2025-01-28T20:00:00Z,72.089996
2025-01-28T21:00:00Z,62.02
2025-01-28T22:00:00Z,50.84
2025-01-28T23:00:00Z,87.720001
2025-01-29T00:00:00Z,83.389999
2025-01-29T01:00:00Z,78.160004
2025-01-29T02:00:00Z,75.639999
2025-01-29T03:00:00Z,75.809998
2025-01-29T04:00:00Z,80.470001
2025-01-29T05:00:00Z,92.860001
2025-01-29T06:00:00Z,141.419998
2025-01-29T07:00:00Z,142.539993
2025-01-29T08:00:00Z,130.449997
2025-01-29T09:00:00Z,105.050003
2025-01-29T10:00:00Z,89.25
2025-01-29T11:00:00Z,85
2025-01-29T12:00:00Z,85.529999
2025-01-29T13:00:00Z,87.669998
2025-01-29T14:00:00Z,102.75
2025-01-29T15:00:00Z,132.300003
2025-01-29T16:00:00Z,149.570007
2025-01-29T17:00:00Z,150.089996
2025-01-29T18:00:00Z,138.639999
2025-01-29T19:00:00Z,109.160004
2025-01-29T20:00:00Z,102.919998
2025-01-29T21:00:00Z,107.110001
2025-01-29T22:00:00Z,99.330002
2025-01-29T23:00:00Z,85.150002
2025-01-30T00:00:00Z,83.889999
2025-01-30T01:00:00Z,80
2025-01-30T02:00:00Z,76.190002
2025-01-30T03:00:00Z,76.32
2025-01-30T04:00:00Z,94.519997
2025-01-30T05:00:00Z,112.510002
2025-01-30T06:00:00Z,130.089996
2025-01-30T07:00:00Z,143.919998
2025-01-30T08:00:00Z,138.270004
2025-01-30T09:00:00Z,125.010002
2025-01-30T10:00:00Z,107.389999
2025-01-30T11:00:00Z,107.690002
2025-01-30T12:00:00Z,109.57
2025-01-30T13:00:00Z,123.389999
2025-01-30T14:00:00Z,140.740005
2025-01-30T15:00:00Z,146.029999
2025-01-30T16:00:00Z,172.860001
2025-01-30T17:00:00Z,166.460007
2025-01-30T18:00:00Z,152.089996
2025-01-30T19:00:00Z,140.710007
2025-01-30T20:00:00Z,126.07
2025-01-30T21:00:00Z,119.230003
2025-01-30T22:00:00Z,109.849998
2025-01-30T23:00:00Z,107.879997
2025-01-31T00:00:00Z,94.940002
2025-01-31T01:00:00Z,94.900002
2025-01-31T02:00:00Z,93.699997
2025-01-31T03:00:00Z,81.43
2025-01-31T04:00:00Z,74.379997
2025-01-31T05:00:00Z,104.019997
2025-01-31T06:00:00Z,153.979996
2025-01-31T07:00:00Z,163.699997
2025-01-31T08:00:00Z,154.820007
2025-01-31T09:00:00Z,130.100006
2025-01-31T10:00:00Z,126.199997
2025-01-31T11:00:00Z,120.059998
2025-01-31T12:00:00Z,121.190002
2025-01-31T13:00:00Z,119.760002
2025-01-31T14:00:00Z,149.869995
2025-01-31T15:00:00Z,168.259995
2025-01-31T16:00:00Z,185.259995
2025-01-31T17:00:00Z,184.479996
2025-01-31T18:00:00Z,178.990005
2025-01-31T19:00:00Z,162.660004
2025-01-31T20:00:00Z,152.699997
2025-01-31T21:00:00Z,144.309998
2025-01-31T22:00:00Z,131.410004
2025-01-31T23:00:00Z,136.929993
2025-02-01T00:00:00Z,128.910004
2025-02-01T01:00:00Z,124.239998
2025-02-01T02:00:00Z,119.120003
2025-02-01T03:00:00Z,110.459999
2025-02-01T04:00:00Z,99.410004
2025-02-01T05:00:00Z,116.400002
2025-02-01T06:00:00Z,125.459999
2025-02-01T07:00:00Z,147.649994
2025-02-01T08:00:00Z,142.440002
2025-02-01T09:00:00Z,128.399994
2025-02-01T10:00:00Z,120.080002
2025-02-01T11:00:00Z,110.290001
2025-02-01T12:00:00Z,103.400002
2025-02-01T13:00:00Z,113.699997
2025-02-01T14:00:00Z,128.100006
2025-02-01T15:00:00Z,152.110001
2025-02-01T16:00:00Z,166.350006
2025-02-01T17:00:00Z,167.509995
2025-02-01T18:00:00Z,162.979996
2025-02-01T19:00:00Z,155.949997
2025-02-01T20:00:00Z,145.240005
2025-02-01T21:00:00Z,141.729996
2025-02-01T22:00:00Z,131.740005
2025-02-01T23:00:00Z,133.259995
2025-02-02T00:00:00Z,126.910004
2025-02-02T01:00:00Z,122.989998
2025-02-02T02:00:00Z,120.660004
2025-02-02T03:00:00Z,122.339996
2025-02-02T04:00:00Z,123.410004
2025-02-02T05:00:00Z,128.089996
2025-02-02T06:00:00Z,135.899994
2025-02-02T07:00:00Z,137.300003
2025-02-02T08:00:00Z,137.699997
2025-02-02T09:00:00Z,130.039993
2025-02-02T10:00:00Z,129.330002
2025-02-02T11:00:00Z,122.239998
2025-02-02T12:00:00Z,111.879997
2025-02-02T13:00:00Z,116.419998
2025-02-02T14:00:00Z,127.970001
2025-02-02T15:00:00Z,151.210007
2025-02-02T16:00:00Z,164.029999
2025-02-02T17:00:00Z,172.490005
2025-02-02T18:00:00Z,173.949997
2025-02-02T19:00:00Z,165.059998
2025-02-02T20:00:00Z,145.929993
2025-02-02T21:00:00Z,123.150002
2025-02-02T22:00:00Z,121.699997
2025-02-02T23:00:00Z,125.300003
2025-02-03T00:00:00Z,126.629997
2025-02-03T01:00:00Z,124.720001
2025-02-03T02:00:00Z,120.040001
2025-02-03T03:00:00Z,110.910004
2025-02-03T04:00:00Z,116.900002
2025-02-03T05:00:00Z,159.179993
2025-02-03T06:00:00Z,207.880005
2025-02-03T07:00:00Z,243.229996
2025-02-03T08:00:00Z,178.039993
2025-02-03T09:00:00Z,149.949997
2025-02-03T10:00:00Z,126.050003
2025-02-03T11:00:00Z,117.269997
2025-02-03T12:00:00Z,115.290001
2025-02-03T13:00:00Z,124.18
2025-02-03T14:00:00Z,144.740005
2025-02-03T15:00:00Z,170.710007
2025-02-03T16:00:00Z,216
2025-02-03T17:00:00Z,200.729996
2025-02-03T18:00:00Z,200.789993
2025-02-03T19:00:00Z,167.149994
2025-02-03T20:00:00Z,143.580002
2025-02-03T21:00:00Z,122.160004
2025-02-03T22:00:00Z,93.510002
2025-02-03T23:00:00Z,118.669998
2025-02-04T00:00:00Z,120.57
2025-02-04T01:00:00Z,110.309998
2025-02-04T02:00:00Z,97.5
2025-02-04T03:00:00Z,77.690002
2025-02-04T04:00:00Z,80.529999
2025-02-04T05:00:00Z,106.580002
2025-02-04T06:00:00Z,155.199997
2025-02-04T07:00:00Z,197.320007
2025-02-04T08:00:00Z,150.600006
2025-02-04T09:00:00Z,134.720001
2025-02-04T10:00:00Z,112.919998
2025-02-04T11:00:00Z,97.339996
2025-02-04T12:00:00Z,86.059998
2025-02-04T13:00:00Z,78.269997
2025-02-04T14:00:00Z,80.760002
2025-02-04T15:00:00Z,95.410004
2025-02-04T16:00:00Z,99.910004
2025-02-04T17:00:00Z,98.970001
2025-02-04T18:00:00Z,86.07
2025-02-04T19:00:00Z,75.480003
2025-02-04T20:00:00Z,67.93
2025-02-04T21:00:00Z,65.050003
2025-02-04T22:00:00Z,52.790001
2025-02-04T23:00:00Z,59.459999
2025-02-05T00:00:00Z,58.419998
2025-02-05T01:00:00Z,58.779999
2025-02-05T02:00:00Z,58.490002
2025-02-05T03:00:00Z,61.540001
2025-02-05T04:00:00Z,75.93
2025-02-05T05:00:00Z,87.059998
2025-02-05T06:00:00Z,98.769997
2025-02-05T07:00:00Z,107.519997
2025-02-05T08:00:00Z,100.389999
2025-02-05T09:00:00Z,88
2025-02-05T10:00:00Z,68.68
2025-02-05T11:00:00Z,68.110001
2025-02-05T12:00:00Z,68.32
2025-02-05T13:00:00Z,82.68
2025-02-05T14:00:00Z,93.900002
2025-02-05T15:00:00Z,108.620003
2025-02-05T16:00:00Z,130.440002
2025-02-05T17:00:00Z,138.5
2025-02-05T18:00:00Z,137.660004
2025-02-05T19:00:00Z,122.43
2025-02-05T20:00:00Z,115.790001
2025-02-05T21:00:00Z,106.690002
2025-02-05T22:00:00Z,91.279999
2025-02-05T23:00:00Z,109.440002
2025-02-06T00:00:00Z,116.690002
2025-02-06T01:00:00Z,120.559998
2025-02-06T02:00:00Z,122.639999
2025-02-06T03:00:00Z,115.269997
2025-02-06T04:00:00Z,122.260002
2025-02-06T05:00:00Z,119.839996
2025-02-06T06:00:00Z,173.759995
2025-02-06T07:00:00Z,212.990005
2025-02-06T08:00:00Z,177.610001
2025-02-06T09:00:00Z,158.259995
2025-02-06T10:00:00Z,135.300003
2025-02-06T11:00:00Z,118.360001
2025-02-06T12:00:00Z,117.839996
2025-02-06T13:00:00Z,110.959999
2025-02-06T14:00:00Z,130.039993
2025-02-06T15:00:00Z,139.990005
2025-02-06T16:00:00Z,170.169998
2025-02-06T17:00:00Z,170.479996
2025-02-06T18:00:00Z,162.649994
2025-02-06T19:00:00Z,140.779999
2025-02-06T20:00:00Z,131.100006
2025-02-06T21:00:00Z,121.93
2025-02-06T22:00:00Z,115.029999
2025-02-06T23:00:00Z,113.410004
2025-02-07T00:00:00Z,108.550003
2025-02-07T01:00:00Z,108.82
2025-02-07T02:00:00Z,105
2025-02-07T03:00:00Z,87.730003
2025-02-07T04:00:00Z,89.860001
2025-02-07T05:00:00Z,110.43
2025-02-07T06:00:00Z,141.410004
2025-02-07T07:00:00Z,163.889999
2025-02-07T08:00:00Z,149.949997
2025-02-07T09:00:00Z,129.149994
2025-02-07T10:00:00Z,99.989998
2025-02-07T11:00:00Z,89.110001
2025-02-07T12:00:00Z,89.190002
2025-02-07T13:00:00Z,88.879997
2025-02-07T14:00:00Z,86.43
2025-02-07T15:00:00Z,97.790001
2025-02-07T16:00:00Z,107.279999
2025-02-07T17:00:00Z,108.709999
2025-02-07T18:00:00Z,91.68
2025-02-07T19:00:00Z,74.959999
2025-02-07T20:00:00Z,68.839996
2025-02-07T21:00:00Z,63.400002
2025-02-07T22:00:00Z,63.540001
2025-02-07T23:00:00Z,56.759998
2025-02-08T00:00:00Z,56.310001
2025-02-08T01:00:00Z,58.93
2025-02-08T02:00:00Z,58.040001
2025-02-08T03:00:00Z,58.98
2025-02-08T04:00:00Z,58.939999
2025-02-08T05:00:00Z,61.009998
2025-02-08T06:00:00Z,62.950001
2025-02-08T07:00:00Z,69.589996
2025-02-08T08:00:00Z,66.07
2025-02-08T09:00:00Z,62.400002
2025-02-08T10:00:00Z,57.93
2025-02-08T11:00:00Z,58.200001
2025-02-08T12:00:00Z,61.73
2025-02-08T13:00:00Z,71.639999
2025-02-08T14:00:00Z,87.360001
2025-02-08T15:00:00Z,89.800003
2025-02-08T16:00:00Z,112.25
2025-02-08T17:00:00Z,113.099998
2025-02-08T18:00:00Z,107.980003
2025-02-08T19:00:00Z,107.120003
2025-02-08T20:00:00Z,113.07
2025-02-08T21:00:00Z,127.839996
2025-02-08T22:00:00Z,112.639999
2025-02-08T23:00:00Z,135
2025-02-09T00:00:00Z,130.039993
2025-02-09T01:00:00Z,114.629997
2025-02-09T02:00:00Z,119.300003
2025-02-09T03:00:00Z,116.010002
2025-02-09T04:00:00Z,113.129997
2025-02-09T05:00:00Z,115.260002
2025-02-09T06:00:00Z,119.580002
2025-02-09T07:00:00Z,121.940002
2025-02-09T08:00:00Z,120.089996
2025-02-09T09:00:00Z,111
2025-02-09T10:00:00Z,103.919998
2025-02-09T11:00:00Z,90.43
2025-02-09T12:00:00Z,86.949997
2025-02-09T13:00:00Z,91.879997
2025-02-09T14:00:00Z,104.949997
2025-02-09T15:00:00Z,116.910004
2025-02-09T16:00:00Z,130
2025-02-09T17:00:00Z,119.910004
2025-02-09T18:00:00Z,105.5
2025-02-09T19:00:00Z,90.849998
2025-02-09T20:00:00Z,86.370003
2025-02-09T21:00:00Z,81.379997
2025-02-09T22:00:00Z,71.949997
2025-02-09T23:00:00Z,69.07
2025-02-10T00:00:00Z,65.099998
2025-02-10T01:00:00Z,62.919998
2025-02-10T02:00:00Z,63.779999
2025-02-10T03:00:00Z,63.599998
2025-02-10T04:00:00Z,67.110001
2025-02-10T05:00:00Z,85.849998
2025-02-10T06:00:00Z,115.419998
2025-02-10T07:00:00Z,130.729996
2025-02-10T08:00:00Z,121.110001
2025-02-10T09:00:00Z,102.160004
2025-02-10T10:00:00Z,83.25
2025-02-10T11:00:00Z,76.470001
2025-02-10T12:00:00Z,75.800003
2025-02-10T13:00:00Z,79.050003
2025-02-10T14:00:00Z,78.389999
2025-02-10T15:00:00Z,84.550003
2025-02-10T16:00:00Z,87.620003
2025-02-10T17:00:00Z,90.580002
2025-02-10T18:00:00Z,78.120003
2025-02-10T19:00:00Z,69.529999
2025-02-10T20:00:00Z,67.300003
2025-02-10T21:00:00Z,65.110001
2025-02-10T22:00:00Z,63.93
2025-02-10T23:00:00Z,54.09
2025-02-11T00:00:00Z,55.919998
2025-02-11T01:00:00Z,55.720001
2025-02-11T02:00:00Z,56.189999
2025-02-11T03:00:00Z,56.240002
2025-02-11T04:00:00Z,59.919998
2025-02-11T05:00:00Z,69.800003
2025-02-11T06:00:00Z,81.690002
2025-02-11T07:00:00Z,99.410004
2025-02-11T08:00:00Z,86.029999
2025-02-11T09:00:00Z,73.040001
2025-02-11T10:00:00Z,71.160004
2025-02-11T11:00:00Z,70.690002
2025-02-11T12:00:00Z,72.519997
2025-02-11T13:00:00Z,74.510002
2025-02-11T14:00:00Z,77.889999
2025-02-11T15:00:00Z,81.699997
2025-02-11T16:00:00Z,93.889999
2025-02-11T17:00:00Z,105.910004
2025-02-11T18:00:00Z,89.989998
2025-02-11T19:00:00Z,80.980003
2025-02-11T20:00:00Z,79.720001
2025-02-11T21:00:00Z,80.550003
2025-02-11T22:00:00Z,76.800003
2025-02-11T23:00:00Z,79.739998
2025-02-12T00:00:00Z,78.660004
2025-02-12T01:00:00Z,78.050003
2025-02-12T02:00:00Z,77.699997
2025-02-12T03:00:00Z,79.43
2025-02-12T04:00:00Z,81.110001
2025-02-12T05:00:00Z,108.050003
2025-02-12T06:00:00Z,149.080002
2025-02-12T07:00:00Z,164.360001
2025-02-12T08:00:00Z,158.070007
2025-02-12T09:00:00Z,131.029999
2025-02-12T10:00:00Z,113.769997
2025-02-12T11:00:00Z,111.25
2025-02-12T12:00:00Z,117.309998
2025-02-12T13:00:00Z,129.190002
2025-02-12T14:00:00Z,137.619995
2025-02-12T15:00:00Z,168
2025-02-12T16:00:00Z,183.009995
2025-02-12T17:00:00Z,193.809998
2025-02-12T18:00:00Z,191.240005
2025-02-12T19:00:00Z,169.910004
2025-02-12T20:00:00Z,152.110001
2025-02-12T21:00:00Z,146
2025-02-12T22:00:00Z,117.5
2025-02-12T23:00:00Z,140.330002
2025-02-13T00:00:00Z,137.75
2025-02-13T01:00:00Z,140.789993
2025-02-13T02:00:00Z,136.589996
2025-02-13T03:00:00Z,120.010002
2025-02-13T04:00:00Z,119.419998
2025-02-13T05:00:00Z,141.710007
2025-02-13T06:00:00Z,189.789993
2025-02-13T07:00:00Z,219.679993
2025-02-13T08:00:00Z,214.690002
2025-02-13T09:00:00Z,198.600006
2025-02-13T10:00:00Z,178.979996
2025-02-13T11:00:00Z,166.979996
2025-02-13T12:00:00Z,142.119995
2025-02-13T13:00:00Z,140.279999
2025-02-13T14:00:00Z,143.449997
2025-02-13T15:00:00Z,152.100006
2025-02-13T16:00:00Z,198.029999
2025-02-13T17:00:00Z,195.649994
2025-02-13T18:00:00Z,179.100006
2025-02-13T19:00:00Z,157.039993
2025-02-13T20:00:00Z,145.889999
2025-02-13T21:00:00Z,136.800003
2025-02-13T22:00:00Z,125.199997
2025-02-13T23:00:00Z,137.570007
2025-02-14T00:00:00Z,132.800003
2025-02-14T01:00:00Z,128.5
2025-02-14T02:00:00Z,127.650002
2025-02-14T03:00:00Z,127.269997
2025-02-14T04:00:00Z,139.589996
2025-02-14T05:00:00Z,160.899994
2025-02-14T06:00:00Z,227.080002
2025-02-14T07:00:00Z,265.640015
2025-02-14T08:00:00Z,215.110001
2025-02-14T09:00:00Z,181.029999
2025-02-14T10:00:00Z,163.009995
2025-02-14T11:00:00Z,149.860001
2025-02-14T12:00:00Z,148.610001
2025-02-14T13:00:00Z,155.800003
2025-02-14T14:00:00Z,175.050003
2025-02-14T15:00:00Z,200
2025-02-14T16:00:00Z,298.910004
2025-02-14T17:00:00Z,293.059998
2025-02-14T18:00:00Z,225.699997
2025-02-14T19:00:00Z,183.550003
2025-02-14T20:00:00Z,163.789993
2025-02-14T21:00:00Z,153
2025-02-14T22:00:00Z,140.029999
2025-02-14T23:00:00Z,135.289993
2025-02-15T00:00:00Z,130.339996
2025-02-15T01:00:00Z,120
2025-02-15T02:00:00Z,118.239998
2025-02-15T03:00:00Z,118.449997
2025-02-15T04:00:00Z,120.300003
2025-02-15T05:00:00Z,129.539993
2025-02-15T06:00:00Z,145.070007
2025-02-15T07:00:00Z,150.669998
2025-02-15T08:00:00Z,137.009995
2025-02-15T09:00:00Z,124.589996
2025-02-15T10:00:00Z,118.360001
2025-02-15T11:00:00Z,112.389999
2025-02-15T12:00:00Z,110.010002
2025-02-15T13:00:00Z,116.150002
2025-02-15T14:00:00Z,128.830002
2025-02-15T15:00:00Z,140
2025-02-15T16:00:00Z,158.660004
2025-02-15T17:00:00Z,170.529999
2025-02-15T18:00:00Z,163.910004
2025-02-15T19:00:00Z,147.289993
2025-02-15T20:00:00Z,128.059998
2025-02-15T21:00:00Z,131.630005
2025-02-15T22:00:00Z,124.540001
2025-02-15T23:00:00Z,134.110001
2025-02-16T00:00:00Z,128.899994
2025-02-16T01:00:00Z,123.57
2025-02-16T02:00:00Z,119.900002
2025-02-16T03:00:00Z,119.57
2025-02-16T04:00:00Z,120.18
2025-02-16T05:00:00Z,119.919998
2025-02-16T06:00:00Z,127.510002
2025-02-16T07:00:00Z,129.600006
2025-02-16T08:00:00Z,130.490005
2025-02-16T09:00:00Z,127.699997
2025-02-16T10:00:00Z,124.029999
2025-02-16T11:00:00Z,124.669998
2025-02-16T12:00:00Z,118.769997
2025-02-16T13:00:00Z,121.019997
2025-02-16T14:00:00Z,129.550003
2025-02-16T15:00:00Z,137.679993
2025-02-16T16:00:00Z,153.979996
2025-02-16T17:00:00Z,169.979996
2025-02-16T18:00:00Z,160.289993
2025-02-16T19:00:00Z,153.720001
2025-02-16T20:00:00Z,139.339996
2025-02-16T21:00:00Z,137.619995
2025-02-16T22:00:00Z,131.509995
2025-02-16T23:00:00Z,128.050003
2025-02-17T00:00:00Z,121.059998
2025-02-17T01:00:00Z,120.339996
2025-02-17T02:00:00Z,125.519997
2025-02-17T03:00:00Z,128.940002
2025-02-17T04:00:00Z,131.539993
2025-02-17T05:00:00Z,150.669998
2025-02-17T06:00:00Z,204.740005
2025-02-17T07:00:00Z,209.789993
2025-02-17T08:00:00Z,171.300003
2025-02-17T09:00:00Z,139.669998
2025-02-17T10:00:00Z,117.190002
2025-02-17T11:00:00Z,109.470001
2025-02-17T12:00:00Z,106.779999
2025-02-17T13:00:00Z,111.889999
2025-02-17T14:00:00Z,127.32
2025-02-17T15:00:00Z,155.429993
2025-02-17T16:00:00Z,221.610001
2025-02-17T17:00:00Z,271
2025-02-17T18:00:00Z,215.360001
2025-02-17T19:00:00Z,177.860001
2025-02-17T20:00:00Z,155.190002
2025-02-17T21:00:00Z,139.389999
2025-02-17T22:00:00Z,129.570007
2025-02-17T23:00:00Z,132.949997
2025-02-18T00:00:00Z,125
2025-02-18T01:00:00Z,123.559998
2025-02-18T02:00:00Z,117.110001
2025-02-18T03:00:00Z,115.660004
2025-02-18T04:00:00Z,121.519997
2025-02-18T05:00:00Z,140.389999
2025-02-18T06:00:00Z,190.339996
2025-02-18T07:00:00Z,193.800003
2025-02-18T08:00:00Z,143.529999
2025-02-18T09:00:00Z,124.239998
2025-02-18T10:00:00Z,109.709999
2025-02-18T11:00:00Z,96.410004
2025-02-18T12:00:00Z,88.529999
2025-02-18T13:00:00Z,98.349998
2025-02-18T14:00:00Z,110
2025-02-18T15:00:00Z,128.160004
2025-02-18T16:00:00Z,176.820007
2025-02-18T17:00:00Z,174.320007
2025-02-18T18:00:00Z,155.910004
2025-02-18T19:00:00Z,142.419998
2025-02-18T20:00:00Z,129.410004
2025-02-18T21:00:00Z,121.900002
2025-02-18T22:00:00Z,114.449997
2025-02-18T23:00:00Z,104.540001
2025-02-19T00:00:00Z,99.290001
2025-02-19T01:00:00Z,99.599998
2025-02-19T02:00:00Z,97.290001
2025-02-19T03:00:00Z,94.5
2025-02-19T04:00:00Z,97.480003
2025-02-19T05:00:00Z,115
2025-02-19T06:00:00Z,149.5
2025-02-19T07:00:00Z,166.369995
2025-02-19T08:00:00Z,128.759995
2025-02-19T09:00:00Z,107.910004
2025-02-19T10:00:00Z,89.279999
2025-02-19T11:00:00Z,81.519997
2025-02-19T12:00:00Z,82.739998
2025-02-19T13:00:00Z,85.199997
2025-02-19T14:00:00Z,90.629997
2025-02-19T15:00:00Z,110.029999
2025-02-19T16:00:00Z,131.279999
2025-02-19T17:00:00Z,142.979996
2025-02-19T18:00:00Z,136.320007
2025-02-19T19:00:00Z,113.529999
2025-02-19T20:00:00Z,98.68
2025-02-19T21:00:00Z,87.75
2025-02-19T22:00:00Z,81.160004
2025-02-19T23:00:00Z,70.900002
2025-02-20T00:00:00Z,69.730003
2025-02-20T01:00:00Z,68.879997
2025-02-20T02:00:00Z,67.080002
2025-02-20T03:00:00Z,65.379997
2025-02-20T04:00:00Z,64.5
2025-02-20T05:00:00Z,75.769997
2025-02-20T06:00:00Z,102.849998
2025-02-20T07:00:00Z,105.82
2025-02-20T08:00:00Z,65.110001
2025-02-20T09:00:00Z,61.220001
2025-02-20T10:00:00Z,60.32
2025-02-20T11:00:00Z,57.830002
2025-02-20T12:00:00Z,58.470001
2025-02-20T13:00:00Z,65.129997
2025-02-20T14:00:00Z,65.709999
2025-02-20T15:00:00Z,67.739998
2025-02-20T16:00:00Z,71.199997
2025-02-20T17:00:00Z,66.419998
2025-02-20T18:00:00Z,60.34
2025-02-20T19:00:00Z,56.830002
2025-02-20T20:00:00Z,50.029999
2025-02-20T21:00:00Z,44.810001
2025-02-20T22:00:00Z,43.869999
2025-02-20T23:00:00Z,38.990002
2025-02-21T00:00:00Z,41.150002
2025-02-21T01:00:00Z,46.560001
2025-02-21T02:00:00Z,44.41
2025-02-21T03:00:00Z,47.799999
2025-02-21T04:00:00Z,54.220001
2025-02-21T05:00:00Z,67.099998
2025-02-21T06:00:00Z,111.730003
2025-02-21T07:00:00Z,135.020004
2025-02-21T08:00:00Z,112.199997
2025-02-21T09:00:00Z,92.010002
2025-02-21T10:00:00Z,77.93
2025-02-21T11:00:00Z,69
2025-02-21T12:00:00Z,69
2025-02-21T13:00:00Z,69.470001
2025-02-21T14:00:00Z,75.489998
2025-02-21T15:00:00Z,73.190002
2025-02-21T16:00:00Z,84.269997
2025-02-21T17:00:00Z,73.57
2025-02-21T18:00:00Z,61.450001
2025-02-21T19:00:00Z,55.560001
2025-02-21T20:00:00Z,52.040001
2025-02-21T21:00:00Z,49.43
2025-02-21T22:00:00Z,48.599998
2025-02-21T23:00:00Z,40.25
2025-02-22T00:00:00Z,41.830002
2025-02-22T01:00:00Z,42.029999
2025-02-22T02:00:00Z,41.34
2025-02-22T03:00:00Z,39.790001
2025-02-22T04:00:00Z,40.950001
2025-02-22T05:00:00Z,47.400002
2025-02-22T06:00:00Z,52.119999
2025-02-22T07:00:00Z,52.790001
2025-02-22T08:00:00Z,60.389999
2025-02-22T09:00:00Z,53.209999
2025-02-22T10:00:00Z,47.130001
2025-02-22T11:00:00Z,40.400002
2025-02-22T12:00:00Z,52.689999
2025-02-22T13:00:00Z,61.669998
2025-02-22T14:00:00Z,66.110001
2025-02-22T15:00:00Z,90.379997
2025-02-22T16:00:00Z,108.080002
2025-02-22T17:00:00Z,106.980003
2025-02-22T18:00:00Z,105.879997
2025-02-22T19:00:00Z,91.690002
2025-02-22T20:00:00Z,91.769997
2025-02-22T21:00:00Z,94.269997
2025-02-22T22:00:00Z,83.510002
2025-02-22T23:00:00Z,91.099998
2025-02-23T00:00:00Z,84.989998
2025-02-23T01:00:00Z,86.209999
2025-02-23T02:00:00Z,83.629997
2025-02-23T03:00:00Z,84.300003
2025-02-23T04:00:00Z,85.790001
2025-02-23T05:00:00Z,86.620003
2025-02-23T06:00:00Z,85
2025-02-23T07:00:00Z,98.059998
2025-02-23T08:00:00Z,93
2025-02-23T09:00:00Z,76.129997
2025-02-23T10:00:00Z,60.459999
2025-02-23T11:00:00Z,49.810001
2025-02-23T12:00:00Z,48.939999
2025-02-23T13:00:00Z,47.5
2025-02-23T14:00:00Z,52.41
2025-02-23T15:00:00Z,67.099998
2025-02-23T16:00:00Z,92.589996
2025-02-23T17:00:00Z,113.339996
2025-02-23T18:00:00Z,87.269997
2025-02-23T19:00:00Z,67.099998
2025-02-23T20:00:00Z,46.57
2025-02-23T21:00:00Z,48.869999
2025-02-23T22:00:00Z,44.939999
2025-02-23T23:00:00Z,10
2025-02-24T00:00:00Z,11.89
2025-02-24T01:00:00Z,9.02
2025-02-24T02:00:00Z,4.09
2025-02-24T03:00:00Z,3.93
2025-02-24T04:00:00Z,5.06
2025-02-24T05:00:00Z,31.91
2025-02-24T06:00:00Z,48.740002
2025-02-24T07:00:00Z,52.93
2025-02-24T08:00:00Z,50.91
2025-02-24T09:00:00Z,50.330002
2025-02-24T10:00:00Z,45
2025-02-24T11:00:00Z,41.880001
2025-02-24T12:00:00Z,39.990002
2025-02-24T13:00:00Z,40.02
2025-02-24T14:00:00Z,42.630001
2025-02-24T15:00:00Z,49.990002
2025-02-24T16:00:00Z,62.669998
2025-02-24T17:00:00Z,77.75
2025-02-24T18:00:00Z,87.209999
2025-02-24T19:00:00Z,77.199997
2025-02-24T20:00:00Z,99.910004
2025-02-24T21:00:00Z,111.959999
2025-02-24T22:00:00Z,106.480003
2025-02-24T23:00:00Z,86.459999
2025-02-25T00:00:00Z,89.910004
2025-02-25T01:00:00Z,92.419998
2025-02-25T02:00:00Z,92.440002
2025-02-25T03:00:00Z,94.32
2025-02-25T04:00:00Z,103.5
2025-02-25T05:00:00Z,140
2025-02-25T06:00:00Z,162.289993
2025-02-25T07:00:00Z,169.050003
2025-02-25T08:00:00Z,151.160004
2025-02-25T09:00:00Z,134.880005
2025-02-25T10:00:00Z,121.830002
2025-02-25T11:00:00Z,118.5
2025-02-25T12:00:00Z,117.559998
2025-02-25T13:00:00Z,124.389999
2025-02-25T14:00:00Z,134.669998
2025-02-25T15:00:00Z,157.960007
2025-02-25T16:00:00Z,194.929993
2025-02-25T17:00:00Z,215.800003
2025-02-25T18:00:00Z,179.449997
2025-02-25T19:00:00Z,155.270004
2025-02-25T20:00:00Z,138.970001
2025-02-25T21:00:00Z,127.540001
2025-02-25T22:00:00Z,115.129997
2025-02-25T23:00:00Z,122.989998
2025-02-26T00:00:00Z,119.82
2025-02-26T01:00:00Z,116.940002
2025-02-26T02:00:00Z,115.980003
2025-02-26T03:00:00Z,116.559998
2025-02-26T04:00:00Z,117.269997
2025-02-26T05:00:00Z,130.009995
2025-02-26T06:00:00Z,159.929993
2025-02-26T07:00:00Z,175.190002
2025-02-26T08:00:00Z,160.220001
2025-02-26T09:00:00Z,141.369995
2025-02-26T10:00:00Z,125.760002
2025-02-26T11:00:00Z,120.529999
2025-02-26T12:00:00Z,115.330002
2025-02-26T13:00:00Z,114.709999
2025-02-26T14:00:00Z,132.899994
2025-02-26T15:00:00Z,149.75
2025-02-26T16:00:00Z,153.160004
2025-02-26T17:00:00Z,172.570007
2025-02-26T18:00:00Z,162.820007
2025-02-26T19:00:00Z,147.380005
2025-02-26T20:00:00Z,118.440002
2025-02-26T21:00:00Z,120.940002
2025-02-26T22:00:00Z,112.459999
2025-02-26T23:00:00Z,101.480003
2025-02-27T00:00:00Z,103.809998
2025-02-27T01:00:00Z,101.239998
2025-02-27T02:00:00Z,99.599998
2025-02-27T03:00:00Z,100.43
2025-02-27T04:00:00Z,105.620003
2025-02-27T05:00:00Z,115.150002
2025-02-27T06:00:00Z,151.240005
2025-02-27T07:00:00Z,159.050003
2025-02-27T08:00:00Z,142.580002
2025-02-27T09:00:00Z,126.010002
2025-02-27T10:00:00Z,110
2025-02-27T11:00:00Z,101.099998
2025-02-27T12:00:00Z,100.800003
2025-02-27T13:00:00Z,110
2025-02-27T14:00:00Z,118.760002
2025-02-27T15:00:00Z,142.619995
2025-02-27T16:00:00Z,158.690002
2025-02-27T17:00:00Z,174.710007
2025-02-27T18:00:00Z,163.169998
2025-02-27T19:00:00Z,144.610001
2025-02-27T20:00:00Z,136.539993
2025-02-27T21:00:00Z,124.690002
2025-02-27T22:00:00Z,114.889999
2025-02-27T23:00:00Z,115.470001
2025-02-28T00:00:00Z,110.540001
2025-02-28T01:00:00Z,109.379997
2025-02-28T02:00:00Z,106.93
2025-02-28T03:00:00Z,112.029999
2025-02-28T04:00:00Z,112.629997
2025-02-28T05:00:00Z,123.970001
2025-02-28T06:00:00Z,148.830002
2025-02-28T07:00:00Z,161.820007
2025-02-28T08:00:00Z,145.5
2025-02-28T09:00:00Z,127.440002
2025-02-28T10:00:00Z,110
2025-02-28T11:00:00Z,98.339996
2025-02-28T12:00:00Z,91.5
2025-02-28T13:00:00Z,92
2025-02-28T14:00:00Z,101.150002
2025-02-28T15:00:00Z,124.099998
2025-02-28T16:00:00Z,147.720001
2025-02-28T17:00:00Z,156.630005
2025-02-28T18:00:00Z,158
2025-02-28T19:00:00Z,143.960007
2025-02-28T20:00:00Z,131.309998
2025-02-28T21:00:00Z,125.540001
2025-02-28T22:00:00Z,117.209999
2025-02-28T23:00:00Z,128.190002
2025-03-01T00:00:00Z,120.379997
2025-03-01T01:00:00Z,117.089996
2025-03-01T02:00:00Z,112.150002
2025-03-01T03:00:00Z,109.75
2025-03-01T04:00:00Z,111.879997
2025-03-01T05:00:00Z,117.099998
2025-03-01T06:00:00Z,133.820007
2025-03-01T07:00:00Z,138.300003
2025-03-01T08:00:00Z,137.740005
2025-03-01T09:00:00Z,125.080002
2025-03-01T10:00:00Z,112.110001
2025-03-01T11:00:00Z,98.629997
2025-03-01T12:00:00Z,91.449997
2025-03-01T13:00:00Z,89.099998
2025-03-01T14:00:00Z,97.5
2025-03-01T15:00:00Z,120.18
2025-03-01T16:00:00Z,133.860001
2025-03-01T17:00:00Z,152
2025-03-01T18:00:00Z,146.759995
2025-03-01T19:00:00Z,133.410004
2025-03-01T20:00:00Z,125.43
2025-03-01T21:00:00Z,122.029999
2025-03-01T22:00:00Z,119.919998
2025-03-01T23:00:00Z,108.669998
2025-03-02T00:00:00Z,107.540001
2025-03-02T01:00:00Z,99.32
2025-03-02T02:00:00Z,104.839996
2025-03-02T03:00:00Z,94.230003
2025-03-02T04:00:00Z,93.980003
2025-03-02T05:00:00Z,95.889999
2025-03-02T06:00:00Z,102.599998
2025-03-02T07:00:00Z,103.110001
2025-03-02T08:00:00Z,89
2025-03-02T09:00:00Z,68.300003
2025-03-02T10:00:00Z,49
2025-03-02T11:00:00Z,21.370001
2025-03-02T12:00:00Z,3.13
2025-03-02T13:00:00Z,2.85
2025-03-02T14:00:00Z,44
2025-03-02T15:00:00Z,74.25
2025-03-02T16:00:00Z,99.699997
2025-03-02T17:00:00Z,136.580002
2025-03-02T18:00:00Z,117.230003
2025-03-02T19:00:00Z,89.099998
2025-03-02T20:00:00Z,65.169998
2025-03-02T21:00:00Z,52
2025-03-02T22:00:00Z,41.869999
2025-03-02T23:00:00Z,45.040001
2025-03-03T00:00:00Z,45.549999
2025-03-03T01:00:00Z,45.540001
2025-03-03T02:00:00Z,45.580002
2025-03-03T03:00:00Z,31.309999
2025-03-03T04:00:00Z,35.209999
2025-03-03T05:00:00Z,41.810001
2025-03-03T06:00:00Z,58.700001
2025-03-03T07:00:00Z,70.099998
2025-03-03T08:00:00Z,44.599998
2025-03-03T09:00:00Z,23.35
2025-03-03T10:00:00Z,6.4
2025-03-03T11:00:00Z,0.33
2025-03-03T12:00:00Z,0.01
2025-03-03T13:00:00Z,12.47
2025-03-03T14:00:00Z,36.060001
2025-03-03T15:00:00Z,70.650002
2025-03-03T16:00:00Z,121.720001
2025-03-03T17:00:00Z,145.559998
2025-03-03T18:00:00Z,108.5
2025-03-03T19:00:00Z,95.839996
2025-03-03T20:00:00Z,83.910004
2025-03-03T21:00:00Z,82.75
2025-03-03T22:00:00Z,70.620003
2025-03-03T23:00:00Z,65.059998
2025-03-04T00:00:00Z,65.389999
2025-03-04T01:00:00Z,65.949997
2025-03-04T02:00:00Z,60.950001
2025-03-04T03:00:00Z,52.009998
2025-03-04T04:00:00Z,50.790001
2025-03-04T05:00:00Z,51.389999
2025-03-04T06:00:00Z,65.900002
2025-03-04T07:00:00Z,62.849998
2025-03-04T08:00:00Z,61.23
2025-03-04T09:00:00Z,25.299999
2025-03-04T10:00:00Z,13.26
2025-03-04T11:00:00Z,4
2025-03-04T12:00:00Z,4.04
2025-03-04T13:00:00Z,10.11
2025-03-04T14:00:00Z,30.07
2025-03-04T15:00:00Z,50
2025-03-04T16:00:00Z,74.910004
2025-03-04T17:00:00Z,64.540001
2025-03-04T18:00:00Z,42.310001
2025-03-04T19:00:00Z,29.85
2025-03-04T20:00:00Z,25.33
2025-03-04T21:00:00Z,25.52
2025-03-04T22:00:00Z,20.690001
2025-03-04T23:00:00Z,23.209999
2025-03-05T00:00:00Z,22.870001
2025-03-05T01:00:00Z,21.309999
2025-03-05T02:00:00Z,18.559999
2025-03-05T03:00:00Z,19.24
2025-03-05T04:00:00Z,17.879999
2025-03-05T05:00:00Z,31.290001
2025-03-05T06:00:00Z,43.93
2025-03-05T07:00:00Z,47.709999
2025-03-05T08:00:00Z,22
2025-03-05T09:00:00Z,0.02
2025-03-05T10:00:00Z,-0.07
2025-03-05T11:00:00Z,-4.28
2025-03-05T12:00:00Z,-3.7
2025-03-05T13:00:00Z,0.05
2025-03-05T14:00:00Z,3.97
2025-03-05T15:00:00Z,13.23
2025-03-05T16:00:00Z,60.400002
2025-03-05T17:00:00Z,60.41
2025-03-05T18:00:00Z,55.869999
2025-03-05T19:00:00Z,35.080002
2025-03-05T20:00:00Z,33.549999
2025-03-05T21:00:00Z,31.309999
2025-03-05T22:00:00Z,31.16
2025-03-05T23:00:00Z,30.299999
2025-03-06T00:00:00Z,29.530001
2025-03-06T01:00:00Z,35.470001
2025-03-06T02:00:00Z,39.25
2025-03-06T03:00:00Z,47.400002
2025-03-06T04:00:00Z,65.970001
2025-03-06T05:00:00Z,93.150002
2025-03-06T06:00:00Z,129.789993
2025-03-06T07:00:00Z,108.5
2025-03-06T08:00:00Z,78.699997
2025-03-06T09:00:00Z,50.470001
2025-03-06T10:00:00Z,4.02
2025-03-06T11:00:00Z,0.08
2025-03-06T12:00:00Z,0.02
2025-03-06T13:00:00Z,13.16
2025-03-06T14:00:00Z,63.610001
2025-03-06T15:00:00Z,99.190002
2025-03-06T16:00:00Z,129.690002
2025-03-06T17:00:00Z,155.729996
2025-03-06T18:00:00Z,132.330002
2025-03-06T19:00:00Z,112.629997
2025-03-06T20:00:00Z,103.370003
2025-03-06T21:00:00Z,96.400002
2025-03-06T22:00:00Z,86
2025-03-06T23:00:00Z,84.580002
2025-03-07T00:00:00Z,86
2025-03-07T01:00:00Z,87
2025-03-07T02:00:00Z,85.879997
2025-03-07T03:00:00Z,90
2025-03-07T04:00:00Z,101.300003
2025-03-07T05:00:00Z,107.199997
2025-03-07T06:00:00Z,131.369995
2025-03-07T07:00:00Z,122.230003
2025-03-07T08:00:00Z,83
2025-03-07T09:00:00Z,65.300003
2025-03-07T10:00:00Z,31.809999
2025-03-07T11:00:00Z,12.79
2025-03-07T12:00:00Z,8.08
2025-03-07T13:00:00Z,37.060001
2025-03-07T14:00:00Z,90.150002
2025-03-07T15:00:00Z,110
2025-03-07T16:00:00Z,134.830002
2025-03-07T17:00:00Z,195.470001
2025-03-07T18:00:00Z,165.800003
2025-03-07T19:00:00Z,136.110001
2025-03-07T20:00:00Z,118.550003
2025-03-07T21:00:00Z,119.110001
2025-03-07T22:00:00Z,102.419998
2025-03-07T23:00:00Z,124.970001
2025-03-08T00:00:00Z,113.940002
2025-03-08T01:00:00Z,117.220001
2025-03-08T02:00:00Z,116.760002
2025-03-08T03:00:00Z,118.419998
2025-03-08T04:00:00Z,121.300003
2025-03-08T05:00:00Z,114.900002
2025-03-08T06:00:00Z,120.589996
2025-03-08T07:00:00Z,98.040001
2025-03-08T08:00:00Z,72.540001
2025-03-08T09:00:00Z,18.049999
2025-03-08T10:00:00Z,2.07
2025-03-08T11:00:00Z,-0.34
2025-03-08T12:00:00Z,-0.1
2025-03-08T13:00:00Z,0.07
2025-03-08T14:00:00Z,56.200001
2025-03-08T15:00:00Z,100.860001
2025-03-08T16:00:00Z,145.580002
2025-03-08T17:00:00Z,174.050003
2025-03-08T18:00:00Z,140.029999
2025-03-08T19:00:00Z,111.209999
2025-03-08T20:00:00Z,100
2025-03-08T21:00:00Z,99.239998
2025-03-08T22:00:00Z,97.940002
2025-03-08T23:00:00Z,95.190002
2025-03-09T00:00:00Z,94.809998
2025-03-09T01:00:00Z,94.440002
2025-03-09T02:00:00Z,96.510002
2025-03-09T03:00:00Z,98.669998
2025-03-09T04:00:00Z,101.510002
2025-03-09T05:00:00Z,100
2025-03-09T06:00:00Z,93.010002
2025-03-09T07:00:00Z,65.400002
2025-03-09T08:00:00Z,29.27
2025-03-09T09:00:00Z,10.1
2025-03-09T10:00:00Z,0.03
2025-03-09T11:00:00Z,-2.26
2025-03-09T12:00:00Z,-2.04
2025-03-09T13:00:00Z,0.09
2025-03-09T14:00:00Z,17.389999
2025-03-09T15:00:00Z,90.559998
2025-03-09T16:00:00Z,112.059998
2025-03-09T17:00:00Z,134.160004
2025-03-09T18:00:00Z,136.699997
2025-03-09T19:00:00Z,130.199997
2025-03-09T20:00:00Z,121.440002
2025-03-09T21:00:00Z,110.010002
2025-03-09T22:00:00Z,103.639999
2025-03-09T23:00:00Z,95.839996
2025-03-10T00:00:00Z,94.919998
2025-03-10T01:00:00Z,96.699997
2025-03-10T02:00:00Z,96.870003
2025-03-10T03:00:00Z,89.980003
2025-03-10T04:00:00Z,101.139999
2025-03-10T05:00:00Z,144.25
2025-03-10T06:00:00Z,153.419998
2025-03-10T07:00:00Z,133.960007
2025-03-10T08:00:00Z,98.879997
2025-03-10T09:00:00Z,84.379997
2025-03-10T10:00:00Z,77.879997
2025-03-10T11:00:00Z,76.019997
2025-03-10T12:00:00Z,77.32
2025-03-10T13:00:00Z,83.910004
2025-03-10T14:00:00Z,96.510002
2025-03-10T15:00:00Z,103.419998
2025-03-10T16:00:00Z,140.949997
2025-03-10T17:00:00Z,165.350006
2025-03-10T18:00:00Z,156.889999
2025-03-10T19:00:00Z,123.199997
2025-03-10T20:00:00Z,115.82
2025-03-10T21:00:00Z,105.82
2025-03-10T22:00:00Z,97.949997
2025-03-10T23:00:00Z,104.389999
2025-03-11T00:00:00Z,101.800003
2025-03-11T01:00:00Z,99.730003
2025-03-11T02:00:00Z,100.5
2025-03-11T03:00:00Z,102.510002
2025-03-11T04:00:00Z,103.489998
2025-03-11T05:00:00Z,113.550003
2025-03-11T06:00:00Z,152.979996
2025-03-11T07:00:00Z,146.490005
2025-03-11T08:00:00Z,128.529999
2025-03-11T09:00:00Z,102
2025-03-11T10:00:00Z,97.480003
2025-03-11T11:00:00Z,96.440002
2025-03-11T12:00:00Z,98.379997
2025-03-11T13:00:00Z,102.349998
2025-03-11T14:00:00Z,112.839996
2025-03-11T15:00:00Z,124.68
2025-03-11T16:00:00Z,152.339996
2025-03-11T17:00:00Z,183.929993
2025-03-11T18:00:00Z,169.669998
2025-03-11T19:00:00Z,144.929993
2025-03-11T20:00:00Z,130.839996
2025-03-11T21:00:00Z,121.25
2025-03-11T22:00:00Z,107.339996
2025-03-11T23:00:00Z,101.730003
2025-03-12T00:00:00Z,100.089996
2025-03-12T01:00:00Z,97.790001
2025-03-12T02:00:00Z,97.379997
2025-03-12T03:00:00Z,101.800003
2025-03-12T04:00:00Z,106.589996
2025-03-12T05:00:00Z,135.949997
2025-03-12T06:00:00Z,149.720001
2025-03-12T07:00:00Z,148.410004
2025-03-12T08:00:00Z,125
2025-03-12T09:00:00Z,102.620003
2025-03-12T10:00:00Z,99.690002
2025-03-12T11:00:00Z,98.07
2025-03-12T12:00:00Z,99.910004
2025-03-12T13:00:00Z,101.650002
2025-03-12T14:00:00Z,117.739998
2025-03-12T15:00:00Z,124.650002
2025-03-12T16:00:00Z,145.610001
2025-03-12T17:00:00Z,193.509995
2025-03-12T18:00:00Z,179.490005
2025-03-12T19:00:00Z,148.050003
2025-03-12T20:00:00Z,132.199997
2025-03-12T21:00:00Z,120
2025-03-12T22:00:00Z,109.910004
2025-03-12T23:00:00Z,108.519997
2025-03-13T00:00:00Z,102.25
2025-03-13T01:00:00Z,98.980003
2025-03-13T02:00:00Z,96.709999
2025-03-13T03:00:00Z,98.349998
2025-03-13T04:00:00Z,105.879997
2025-03-13T05:00:00Z,132.990005
2025-03-13T06:00:00Z,159.869995
2025-03-13T07:00:00Z,158.029999
2025-03-13T08:00:00Z,148.130005
2025-03-13T09:00:00Z,123.769997
2025-03-13T10:00:00Z,110.699997
2025-03-13T11:00:00Z,110.010002
2025-03-13T12:00:00Z,108.220001
2025-03-13T13:00:00Z,107.540001
2025-03-13T14:00:00Z,109.989998
2025-03-13T15:00:00Z,121.470001
2025-03-13T16:00:00Z,142.649994
2025-03-13T17:00:00Z,166.050003
2025-03-13T18:00:00Z,173.470001
2025-03-13T19:00:00Z,149
2025-03-13T20:00:00Z,135.690002
2025-03-13T21:00:00Z,123.480003
2025-03-13T22:00:00Z,111.629997
2025-03-13T23:00:00Z,109.089996
2025-03-14T00:00:00Z,106
2025-03-14T01:00:00Z,105.900002
2025-03-14T02:00:00Z,103.830002
2025-03-14T03:00:00Z,105.300003
2025-03-14T04:00:00Z,113.989998
2025-03-14T05:00:00Z,142.990005
2025-03-14T06:00:00Z,155.110001
2025-03-14T07:00:00Z,155
2025-03-14T08:00:00Z,132.089996
2025-03-14T09:00:00Z,112
2025-03-14T10:00:00Z,106.349998
2025-03-14T11:00:00Z,104.5
2025-03-14T12:00:00Z,104.580002
2025-03-14T13:00:00Z,105.379997
2025-03-14T14:00:00Z,106.5
2025-03-14T15:00:00Z,122.220001
2025-03-14T16:00:00Z,141.179993
2025-03-14T17:00:00Z,155.330002
2025-03-14T18:00:00Z,150.910004
2025-03-14T19:00:00Z,130.009995
2025-03-14T20:00:00Z,111.389999
2025-03-14T21:00:00Z,114
2025-03-14T22:00:00Z,105.169998
2025-03-14T23:00:00Z,112.150002
2025-03-15T00:00:00Z,103.139999
2025-03-15T01:00:00Z,96
2025-03-15T02:00:00Z,89.900002
2025-03-15T03:00:00Z,86.900002
2025-03-15T04:00:00Z,90.550003
2025-03-15T05:00:00Z,97.010002
2025-03-15T06:00:00Z,99.419998
2025-03-15T07:00:00Z,98.769997
2025-03-15T08:00:00Z,86.400002
2025-03-15T09:00:00Z,72.389999
2025-03-15T10:00:00Z,67.120003
2025-03-15T11:00:00Z,57.279999
2025-03-15T12:00:00Z,48
2025-03-15T13:00:00Z,54.509998
2025-03-15T14:00:00Z,70.779999
2025-03-15T15:00:00Z,84.239998
2025-03-15T16:00:00Z,117.599998
2025-03-15T17:00:00Z,130.300003
2025-03-15T18:00:00Z,132.960007
2025-03-15T19:00:00Z,121.459999
2025-03-15T20:00:00Z,108.5
2025-03-15T21:00:00Z,105.019997
2025-03-15T22:00:00Z,95.25
2025-03-15T23:00:00Z,90.010002
2025-03-16T00:00:00Z,85.790001
2025-03-16T01:00:00Z,79.620003
2025-03-16T02:00:00Z,78.18
2025-03-16T03:00:00Z,78.599998
2025-03-16T04:00:00Z,80.510002
2025-03-16T05:00:00Z,80.120003
2025-03-16T06:00:00Z,78.059998
2025-03-16T07:00:00Z,77.949997
2025-03-16T08:00:00Z,56.900002
2025-03-16T09:00:00Z,24.09
2025-03-16T10:00:00Z,2.9
2025-03-16T11:00:00Z,1.01
2025-03-16T12:00:00Z,0.19
2025-03-16T13:00:00Z,2.53
2025-03-16T14:00:00Z,31
2025-03-16T15:00:00Z,60
2025-03-16T16:00:00Z,94.68
2025-03-16T17:00:00Z,94.980003
2025-03-16T18:00:00Z,92.5
2025-03-16T19:00:00Z,80.209999
2025-03-16T20:00:00Z,80
2025-03-16T21:00:00Z,78.300003
2025-03-16T22:00:00Z,79.709999
2025-03-16T23:00:00Z,78.099998
2025-03-17T00:00:00Z,79.010002
2025-03-17T01:00:00Z,78.790001
2025-03-17T02:00:00Z,80.910004
2025-03-17T03:00:00Z,85.849998
2025-03-17T04:00:00Z,103.300003
2025-03-17T05:00:00Z,135.179993
2025-03-17T06:00:00Z,152.869995
2025-03-17T07:00:00Z,135.240005
2025-03-17T08:00:00Z,100.730003
2025-03-17T09:00:00Z,68.209999
2025-03-17T10:00:00Z,50.560001
2025-03-17T11:00:00Z,31.17
2025-03-17T12:00:00Z,27.950001
2025-03-17T13:00:00Z,50.139999
2025-03-17T14:00:00Z,70.010002
2025-03-17T15:00:00Z,93.919998
2025-03-17T16:00:00Z,127.870003
2025-03-17T17:00:00Z,156.649994
2025-03-17T18:00:00Z,170
2025-03-17T19:00:00Z,141.5
2025-03-17T20:00:00Z,113.529999
2025-03-17T21:00:00Z,106.449997
2025-03-17T22:00:00Z,93.5
2025-03-17T23:00:00Z,92.199997
2025-03-18T00:00:00Z,89.989998
2025-03-18T01:00:00Z,91.400002
2025-03-18T02:00:00Z,87.230003
2025-03-18T03:00:00Z,91.239998
2025-03-18T04:00:00Z,103.730003
2025-03-18T05:00:00Z,126.510002
2025-03-18T06:00:00Z,136.679993
2025-03-18T07:00:00Z,106.519997
2025-03-18T08:00:00Z,71.529999
2025-03-18T09:00:00Z,25.27
2025-03-18T10:00:00Z,0.68
2025-03-18T11:00:00Z,-0.14
2025-03-18T12:00:00Z,-0.28
2025-03-18T13:00:00Z,5.72
2025-03-18T14:00:00Z,50.279999
2025-03-18T15:00:00Z,95.940002
2025-03-18T16:00:00Z,124.279999
2025-03-18T17:00:00Z,149.970001
2025-03-18T18:00:00Z,159.729996
2025-03-18T19:00:00Z,142.389999
2025-03-18T20:00:00Z,117.669998
2025-03-18T21:00:00Z,107.370003
2025-03-18T22:00:00Z,100.419998
2025-03-18T23:00:00Z,98.68
2025-03-19T00:00:00Z,95.080002
2025-03-19T01:00:00Z,94.900002
2025-03-19T02:00:00Z,97.610001
2025-03-19T03:00:00Z,99.68
2025-03-19T04:00:00Z,109.870003
2025-03-19T05:00:00Z,143.839996
2025-03-19T06:00:00Z,147.740005
2025-03-19T07:00:00Z,108.230003
2025-03-19T08:00:00Z,79.5
2025-03-19T09:00:00Z,26.52
2025-03-19T10:00:00Z,-0.04
2025-03-19T11:00:00Z,-0.56
2025-03-19T12:00:00Z,-0.25
2025-03-19T13:00:00Z,0.99
2025-03-19T14:00:00Z,66.730003
2025-03-19T15:00:00Z,109.849998
2025-03-19T16:00:00Z,136.970001
2025-03-19T17:00:00Z,225.809998
2025-03-19T18:00:00Z,220.300003
2025-03-19T19:00:00Z,176.679993
2025-03-19T20:00:00Z,138.240005
2025-03-19T21:00:00Z,124.449997
2025-03-19T22:00:00Z,111.139999
2025-03-19T23:00:00Z,117.169998
2025-03-20T00:00:00Z,102.860001
2025-03-20T01:00:00Z,99.559998
2025-03-20T02:00:00Z,100.080002
2025-03-20T03:00:00Z,102.830002
2025-03-20T04:00:00Z,110.690002
2025-03-20T05:00:00Z,132.240005
2025-03-20T06:00:00Z,141.210007
2025-03-20T07:00:00Z,99.870003
2025-03-20T08:00:00Z,79.449997
2025-03-20T09:00:00Z,37.509998
2025-03-20T10:00:00Z,3.42
2025-03-20T11:00:00Z,0.43
2025-03-20T12:00:00Z,0.65
2025-03-20T13:00:00Z,16.6
2025-03-20T14:00:00Z,79.419998
2025-03-20T15:00:00Z,105.900002
2025-03-20T16:00:00Z,138.130005
2025-03-20T17:00:00Z,259.529999
2025-03-20T18:00:00Z,239.410004
2025-03-20T19:00:00Z,157.5
2025-03-20T20:00:00Z,136.820007
2025-03-20T21:00:00Z,121.199997
2025-03-20T22:00:00Z,106.949997
2025-03-20T23:00:00Z,114.559998
2025-03-21T00:00:00Z,116.410004
2025-03-21T01:00:00Z,112.739998
2025-03-21T02:00:00Z,98.150002
2025-03-21T03:00:00Z,97.449997
2025-03-21T04:00:00Z,113.25
2025-03-21T05:00:00Z,137.300003
2025-03-21T06:00:00Z,138.330002
2025-03-21T07:00:00Z,110.730003
2025-03-21T08:00:00Z,73.309998
2025-03-21T09:00:00Z,43.25
2025-03-21T10:00:00Z,7.35
2025-03-21T11:00:00Z,0.81
2025-03-21T12:00:00Z,0
2025-03-21T13:00:00Z,2.49
2025-03-21T14:00:00Z,12.36
2025-03-21T15:00:00Z,45.900002
2025-03-21T16:00:00Z,83.389999
2025-03-21T17:00:00Z,96.260002
2025-03-21T18:00:00Z,71.330002
2025-03-21T19:00:00Z,45.75
2025-03-21T20:00:00Z,43.73
2025-03-21T21:00:00Z,27.129999
2025-03-21T22:00:00Z,18.450001
2025-03-21T23:00:00Z,26.93
2025-03-22T00:00:00Z,12.57
2025-03-22T01:00:00Z,9.07
2025-03-22T02:00:00Z,6.88
2025-03-22T03:00:00Z,10.12
2025-03-22T04:00:00Z,12.95
2025-03-22T05:00:00Z,13.01
2025-03-22T06:00:00Z,13.04
2025-03-22T07:00:00Z,3.11
2025-03-22T08:00:00Z,0
2025-03-22T09:00:00Z,-1.86
2025-03-22T10:00:00Z,-6
2025-03-22T11:00:00Z,-12.98
2025-03-22T12:00:00Z,-11.7
2025-03-22T13:00:00Z,-6.39
2025-03-22T14:00:00Z,-1.51
2025-03-22T15:00:00Z,1.01
2025-03-22T16:00:00Z,32.470001
2025-03-22T17:00:00Z,45.560001
2025-03-22T18:00:00Z,32.139999
2025-03-22T19:00:00Z,25.59
2025-03-22T20:00:00Z,29.200001
2025-03-22T21:00:00Z,29.73
2025-03-22T22:00:00Z,35.689999
2025-03-22T23:00:00Z,13.69
2025-03-23T00:00:00Z,19.01
2025-03-23T01:00:00Z,23.65
2025-03-23T02:00:00Z,23.49
2025-03-23T03:00:00Z,24.82
2025-03-23T04:00:00Z,25.01
2025-03-23T05:00:00Z,24.84
2025-03-23T06:00:00Z,24.26
2025-03-23T07:00:00Z,18.99
2025-03-23T08:00:00Z,6.89
2025-03-23T09:00:00Z,4.28
2025-03-23T10:00:00Z,4.02
2025-03-23T11:00:00Z,4.06
2025-03-23T12:00:00Z,4.08
2025-03-23T13:00:00Z,4.02
2025-03-23T14:00:00Z,6.7
2025-03-23T15:00:00Z,53.650002
2025-03-23T16:00:00Z,117.080002
2025-03-23T17:00:00Z,140
2025-03-23T18:00:00Z,140.960007
2025-03-23T19:00:00Z,139.699997
2025-03-23T20:00:00Z,128.119995
2025-03-23T21:00:00Z,123.519997
2025-03-23T22:00:00Z,114.239998
2025-03-23T23:00:00Z,110.449997
2025-03-24T00:00:00Z,107.290001
2025-03-24T01:00:00Z,101.910004
2025-03-24T02:00:00Z,98.940002
2025-03-24T03:00:00Z,101.989998
2025-03-24T04:00:00Z,119.82
2025-03-24T05:00:00Z,141.5
2025-03-24T06:00:00Z,164.279999
2025-03-24T07:00:00Z,161.860001
2025-03-24T08:00:00Z,135.380005
2025-03-24T09:00:00Z,111.160004
2025-03-24T10:00:00Z,107.360001
2025-03-24T11:00:00Z,100.75
2025-03-24T12:00:00Z,100.870003
2025-03-24T13:00:00Z,106.57
2025-03-24T14:00:00Z,99.589996
2025-03-24T15:00:00Z,119.910004
2025-03-24T16:00:00Z,149.440002
2025-03-24T17:00:00Z,205.050003
2025-03-24T18:00:00Z,191.669998
2025-03-24T19:00:00Z,161.839996
2025-03-24T20:00:00Z,136.850006
2025-03-24T21:00:00Z,125.559998
2025-03-24T22:00:00Z,115.139999
2025-03-24T23:00:00Z,100.620003
2025-03-25T00:00:00Z,100
2025-03-25T01:00:00Z,99.279999
2025-03-25T02:00:00Z,96.400002
2025-03-25T03:00:00Z,95.639999
2025-03-25T04:00:00Z,99.93
2025-03-25T05:00:00Z,100.370003
2025-03-25T06:00:00Z,139.100006
2025-03-25T07:00:00Z,130.059998
2025-03-25T08:00:00Z,106.410004
2025-03-25T09:00:00Z,92.029999
2025-03-25T10:00:00Z,78.349998
2025-03-25T11:00:00Z,68.449997
2025-03-25T12:00:00Z,68.290001
2025-03-25T13:00:00Z,77.43
2025-03-25T14:00:00Z,88.82
2025-03-25T15:00:00Z,101.889999
2025-03-25T16:00:00Z,127.849998
2025-03-25T17:00:00Z,137.270004
2025-03-25T18:00:00Z,112.790001
2025-03-25T19:00:00Z,88.480003
2025-03-25T20:00:00Z,80.849998
2025-03-25T21:00:00Z,63.369999
2025-03-25T22:00:00Z,56.599998
2025-03-25T23:00:00Z,67.099998
2025-03-26T00:00:00Z,63.75
2025-03-26T01:00:00Z,64.360001
2025-03-26T02:00:00Z,65.949997
2025-03-26T03:00:00Z,70
2025-03-26T04:00:00Z,91.360001
2025-03-26T05:00:00Z,117.279999
2025-03-26T06:00:00Z,112.709999
2025-03-26T07:00:00Z,107.93
2025-03-26T08:00:00Z,103.720001
2025-03-26T09:00:00Z,72.830002
2025-03-26T10:00:00Z,81.449997
2025-03-26T11:00:00Z,81.010002
2025-03-26T12:00:00Z,72.339996
2025-03-26T13:00:00Z,72.800003
2025-03-26T14:00:00Z,91.169998
2025-03-26T15:00:00Z,99.050003
2025-03-26T16:00:00Z,129.630005
2025-03-26T17:00:00Z,157.320007
2025-03-26T18:00:00Z,167.559998
2025-03-26T19:00:00Z,150
2025-03-26T20:00:00Z,126.330002
2025-03-26T21:00:00Z,117.480003
2025-03-26T22:00:00Z,106.889999
2025-03-26T23:00:00Z,103.910004
2025-03-27T00:00:00Z,98.980003
2025-03-27T01:00:00Z,96.610001
2025-03-27T02:00:00Z,95.839996
2025-03-27T03:00:00Z,92.160004
2025-03-27T04:00:00Z,100.559998
2025-03-27T05:00:00Z,120.419998
2025-03-27T06:00:00Z,140
2025-03-27T07:00:00Z,123.5
2025-03-27T08:00:00Z,89.919998
2025-03-27T09:00:00Z,70.779999
2025-03-27T10:00:00Z,45.48
2025-03-27T11:00:00Z,24.809999
2025-03-27T12:00:00Z,6.67
2025-03-27T13:00:00Z,30.34
2025-03-27T14:00:00Z,68.800003
2025-03-27T15:00:00Z,87.080002
2025-03-27T16:00:00Z,114
2025-03-27T17:00:00Z,125.650002
2025-03-27T18:00:00Z,140.520004
2025-03-27T19:00:00Z,140.710007
2025-03-27T20:00:00Z,99.989998
2025-03-27T21:00:00Z,90.43
2025-03-27T22:00:00Z,81.139999
2025-03-27T23:00:00Z,85.209999
2025-03-28T00:00:00Z,78.309998
2025-03-28T01:00:00Z,68.800003
2025-03-28T02:00:00Z,64.889999
2025-03-28T03:00:00Z,53.610001
2025-03-28T04:00:00Z,59.84
2025-03-28T05:00:00Z,85.290001
2025-03-28T06:00:00Z,84.120003
2025-03-28T07:00:00Z,64.709999
2025-03-28T08:00:00Z,35
2025-03-28T09:00:00Z,20.469999
2025-03-28T10:00:00Z,1.68
2025-03-28T11:00:00Z,-0.01
2025-03-28T12:00:00Z,-0.03
2025-03-28T13:00:00Z,14.48
2025-03-28T14:00:00Z,60.400002
2025-03-28T15:00:00Z,78.889999
2025-03-28T16:00:00Z,114.449997
2025-03-28T17:00:00Z,153.589996
2025-03-28T18:00:00Z,157.039993
2025-03-28T19:00:00Z,144.419998
2025-03-28T20:00:00Z,124.559998
2025-03-28T21:00:00Z,117.940002
2025-03-28T22:00:00Z,110.120003
2025-03-28T23:00:00Z,108.260002
2025-03-29T00:00:00Z,103.910004
2025-03-29T01:00:00Z,96.540001
2025-03-29T02:00:00Z,96.220001
2025-03-29T03:00:00Z,96.5
2025-03-29T04:00:00Z,92.739998
2025-03-29T05:00:00Z,96.730003
2025-03-29T06:00:00Z,98.440002
2025-03-29T07:00:00Z,91.860001
2025-03-29T08:00:00Z,76.139999
2025-03-29T09:00:00Z,65.669998
2025-03-29T10:00:00Z,65.339996
2025-03-29T11:00:00Z,65.330002
2025-03-29T12:00:00Z,2.06
2025-03-29T13:00:00Z,3.94
2025-03-29T14:00:00Z,25.27
2025-03-29T15:00:00Z,56.369999
2025-03-29T16:00:00Z,90.489998
2025-03-29T17:00:00Z,136.699997
2025-03-29T18:00:00Z,143.960007
2025-03-29T19:00:00Z,114.769997
2025-03-29T20:00:00Z,93.809998
2025-03-29T21:00:00Z,76.650002
2025-03-29T22:00:00Z,43.259998
2025-03-29T23:00:00Z,2.95
2025-03-30T00:00:00Z,2.34
2025-03-30T01:00:00Z,2.31
2025-03-30T02:00:00Z,1.2
2025-03-30T03:00:00Z,0.09
2025-03-30T04:00:00Z,0.03
2025-03-30T05:00:00Z,0
2025-03-30T06:00:00Z,-0.01
2025-03-30T07:00:00Z,-0.04
2025-03-30T08:00:00Z,-3.47
2025-03-30T09:00:00Z,-11.34
2025-03-30T10:00:00Z,-13.39
2025-03-30T11:00:00Z,-7.91
2025-03-30T12:00:00Z,-5.83
2025-03-30T13:00:00Z,-5.31
2025-03-30T14:00:00Z,-3.2
2025-03-30T15:00:00Z,0.07
2025-03-30T16:00:00Z,14.41
2025-03-30T17:00:00Z,60.830002
2025-03-30T18:00:00Z,58.860001
2025-03-30T19:00:00Z,50.009998
2025-03-30T20:00:00Z,61.709999
2025-03-30T21:00:00Z,56.439999
2025-03-30T22:00:00Z,65.57
2025-03-30T23:00:00Z,63.25
2025-03-31T00:00:00Z,64.410004
2025-03-31T01:00:00Z,67.220001
2025-03-31T02:00:00Z,68.970001
2025-03-31T03:00:00Z,88
2025-03-31T04:00:00Z,109.269997
2025-03-31T05:00:00Z,143.539993
2025-03-31T06:00:00Z,174.229996
2025-03-31T07:00:00Z,133.169998
2025-03-31T08:00:00Z,110.269997
2025-03-31T09:00:00Z,99.040001
2025-03-31T10:00:00Z,83.540001
2025-03-31T11:00:00Z,74.099998
2025-03-31T12:00:00Z,73.580002
2025-03-31T13:00:00Z,69.550003
2025-03-31T14:00:00Z,76.239998
2025-03-31T15:00:00Z,100.830002
2025-03-31T16:00:00Z,131.570007
2025-03-31T17:00:00Z,183.960007
2025-03-31T18:00:00Z,172.729996
2025-03-31T19:00:00Z,135.029999
2025-03-31T20:00:00Z,115.25
2025-03-31T21:00:00Z,102.339996
2025-03-31T22:00:00Z,101.559998
2025-03-31T23:00:00Z,95.019997
2025-04-01T00:00:00Z,92.910004
2025-04-01T01:00:00Z,93.5
2025-04-01T02:00:00Z,91.43
2025-04-01T03:00:00Z,100.709999
2025-04-01T04:00:00Z,129.460007
2025-04-01T05:00:00Z,179.960007
2025-04-01T06:00:00Z,159.369995
2025-04-01T07:00:00Z,108.470001
2025-04-01T08:00:00Z,86.169998
2025-04-01T09:00:00Z,70.260002
2025-04-01T10:00:00Z,53.150002
2025-04-01T11:00:00Z,11.57
2025-04-01T12:00:00Z,10.89
2025-04-01T13:00:00Z,26.700001
2025-04-01T14:00:00Z,65.230003
2025-04-01T15:00:00Z,82.800003
2025-04-01T16:00:00Z,122.389999
2025-04-01T17:00:00Z,155.720001
2025-04-01T18:00:00Z,138
2025-04-01T19:00:00Z,110.900002
2025-04-01T20:00:00Z,95.639999
2025-04-01T21:00:00Z,79.449997
2025-04-01T22:00:00Z,68.059998
2025-04-01T23:00:00Z,66.93
2025-04-02T00:00:00Z,66.800003
2025-04-02T01:00:00Z,67.970001
2025-04-02T02:00:00Z,68.900002
2025-04-02T03:00:00Z,82.18
2025-04-02T04:00:00Z,113.839996
2025-04-02T05:00:00Z,150.309998
2025-04-02T06:00:00Z,124.699997
2025-04-02T07:00:00Z,84.739998
2025-04-02T08:00:00Z,48.380001
2025-04-02T09:00:00Z,0
2025-04-02T10:00:00Z,-2.47
2025-04-02T11:00:00Z,-2.18
2025-04-02T12:00:00Z,-2.19
2025-04-02T13:00:00Z,-1.61
2025-04-02T14:00:00Z,-0.45
2025-04-02T15:00:00Z,15.37
2025-04-02T16:00:00Z,88.839996
2025-04-02T17:00:00Z,125.349998
2025-04-02T18:00:00Z,114
2025-04-02T19:00:00Z,96.07
2025-04-02T20:00:00Z,82.629997
2025-04-02T21:00:00Z,71.43
2025-04-02T22:00:00Z,67
2025-04-02T23:00:00Z,67
2025-04-03T00:00:00Z,67
2025-04-03T01:00:00Z,68.949997
2025-04-03T02:00:00Z,71
2025-04-03T03:00:00Z,86.220001
2025-04-03T04:00:00Z,129.710007
2025-04-03T05:00:00Z,162.770004
2025-04-03T06:00:00Z,133.300003
2025-04-03T07:00:00Z,79.110001
2025-04-03T08:00:00Z,40.470001
2025-04-03T09:00:00Z,-0.16
2025-04-03T10:00:00Z,-1.19
2025-04-03T11:00:00Z,-8.4
2025-04-03T12:00:00Z,-5.85
2025-04-03T13:00:00Z,-0.27
2025-04-03T14:00:00Z,16.09
2025-04-03T15:00:00Z,75
2025-04-03T16:00:00Z,130.360001
2025-04-03T17:00:00Z,160.910004
2025-04-03T18:00:00Z,153.309998
2025-04-03T19:00:00Z,137.029999
2025-04-03T20:00:00Z,113.209999
2025-04-03T21:00:00Z,102.68
2025-04-03T22:00:00Z,104.970001
2025-04-03T23:00:00Z,99.900002
2025-04-04T00:00:00Z,101.57
2025-04-04T01:00:00Z,103.610001
2025-04-04T02:00:00Z,100.300003
2025-04-04T03:00:00Z,105.370003
2025-04-04T04:00:00Z,135.160004
2025-04-04T05:00:00Z,164.160004
2025-04-04T06:00:00Z,139.399994
2025-04-04T07:00:00Z,95.68
2025-04-04T08:00:00Z,65
2025-04-04T09:00:00Z,7.82
2025-04-04T10:00:00Z,0
2025-04-04T11:00:00Z,-1.31
2025-04-04T12:00:00Z,-1.21
2025-04-04T13:00:00Z,-0.13
2025-04-04T14:00:00Z,25.01
2025-04-04T15:00:00Z,70.5
2025-04-04T16:00:00Z,111.029999
2025-04-04T17:00:00Z,132.990005
2025-04-04T18:00:00Z,137.919998
2025-04-04T19:00:00Z,111.139999
2025-04-04T20:00:00Z,98.099998
2025-04-04T21:00:00Z,91.059998
2025-04-04T22:00:00Z,99.209999
2025-04-04T23:00:00Z,94.269997
2025-04-05T00:00:00Z,92.43
2025-04-05T01:00:00Z,92.150002
2025-04-05T02:00:00Z,90.379997
2025-04-05T03:00:00Z,89.309998
2025-04-05T04:00:00Z,92.489998
2025-04-05T05:00:00Z,98.599998
2025-04-05T06:00:00Z,98.300003
2025-04-05T07:00:00Z,57.16
2025-04-05T08:00:00Z,0.66
2025-04-05T09:00:00Z,-0.94
2025-04-05T10:00:00Z,-24.09
2025-04-05T11:00:00Z,-10.74
2025-04-05T12:00:00Z,-10.75
2025-04-05T13:00:00Z,-20.83
2025-04-05T14:00:00Z,-4.3
2025-04-05T15:00:00Z,0
2025-04-05T16:00:00Z,70
2025-04-05T17:00:00Z,99.400002
2025-04-05T18:00:00Z,98.900002
2025-04-05T19:00:00Z,84.25
2025-04-05T20:00:00Z,78.989998
2025-04-05T21:00:00Z,68.75
2025-04-05T22:00:00Z,70.449997
2025-04-05T23:00:00Z,61
2025-04-06T00:00:00Z,62.720001
2025-04-06T01:00:00Z,68.279999
2025-04-06T02:00:00Z,69.949997
2025-04-06T03:00:00Z,77.43
2025-04-06T04:00:00Z,76.540001
2025-04-06T05:00:00Z,78.110001
2025-04-06T06:00:00Z,41.790001
2025-04-06T07:00:00Z,0.1
2025-04-06T08:00:00Z,-0.09
2025-04-06T09:00:00Z,-5.09
2025-04-06T10:00:00Z,-4
2025-04-06T11:00:00Z,-4.01
2025-04-06T12:00:00Z,-17.51
2025-04-06T13:00:00Z,-30.1
2025-04-06T14:00:00Z,-14.96
2025-04-06T15:00:00Z,1.76
2025-04-06T16:00:00Z,112.410004
2025-04-06T17:00:00Z,131.559998
2025-04-06T18:00:00Z,128.009995
2025-04-06T19:00:00Z,119.669998
2025-04-06T20:00:00Z,108.190002
2025-04-06T21:00:00Z,97.379997
2025-04-06T22:00:00Z,83.639999
2025-04-06T23:00:00Z,81.660004
2025-04-07T00:00:00Z,78.690002
2025-04-07T01:00:00Z,79.970001
2025-04-07T02:00:00Z,82.800003
2025-04-07T03:00:00Z,93.449997
2025-04-07T04:00:00Z,124.040001
2025-04-07T05:00:00Z,175.970001
2025-04-07T06:00:00Z,144.610001
2025-04-07T07:00:00Z,107.099998
2025-04-07T08:00:00Z,83.370003
2025-04-07T09:00:00Z,65
2025-04-07T10:00:00Z,11.8
2025-04-07T11:00:00Z,2.19
2025-04-07T12:00:00Z,3.94
2025-04-07T13:00:00Z,60.98
2025-04-07T14:00:00Z,72
2025-04-07T15:00:00Z,102.43
2025-04-07T16:00:00Z,127.599998
2025-04-07T17:00:00Z,168.449997
2025-04-07T18:00:00Z,165.050003
2025-04-07T19:00:00Z,138.199997
2025-04-07T20:00:00Z,121.019997
2025-04-07T21:00:00Z,105.209999
2025-04-07T22:00:00Z,94.93
2025-04-07T23:00:00Z,87.830002
2025-04-08T00:00:00Z,89.059998
2025-04-08T01:00:00Z,89.900002
2025-04-08T02:00:00Z,91.620003
2025-04-08T03:00:00Z,105.730003
2025-04-08T04:00:00Z,142.970001
2025-04-08T05:00:00Z,180.550003
2025-04-08T06:00:00Z,136.770004
2025-04-08T07:00:00Z,91.300003
2025-04-08T08:00:00Z,76.470001
2025-04-08T09:00:00Z,61.09
2025-04-08T10:00:00Z,19.57
2025-04-08T11:00:00Z,16.83
2025-04-08T12:00:00Z,28.59
2025-04-08T13:00:00Z,57.470001
2025-04-08T14:00:00Z,73.330002
2025-04-08T15:00:00Z,90.339996
2025-04-08T16:00:00Z,118.260002
2025-04-08T17:00:00Z,180.399994
2025-04-08T18:00:00Z,171.309998
2025-04-08T19:00:00Z,140
2025-04-08T20:00:00Z,120.470001
2025-04-08T21:00:00Z,105.120003
2025-04-08T22:00:00Z,104.989998
2025-04-08T23:00:00Z,95.989998
2025-04-09T00:00:00Z,94.669998
2025-04-09T01:00:00Z,94.449997
2025-04-09T02:00:00Z,95.790001
2025-04-09T03:00:00Z,109.410004
2025-04-09T04:00:00Z,152.679993
2025-04-09T05:00:00Z,175.559998
2025-04-09T06:00:00Z,131.559998
2025-04-09T07:00:00Z,99.510002
2025-04-09T08:00:00Z,82.709999
2025-04-09T09:00:00Z,59.689999
2025-04-09T10:00:00Z,13.61
2025-04-09T11:00:00Z,6.72
2025-04-09T12:00:00Z,13.27
2025-04-09T13:00:00Z,34.869999
2025-04-09T14:00:00Z,62.98
2025-04-09T15:00:00Z,83.5
2025-04-09T16:00:00Z,99.529999
2025-04-09T17:00:00Z,125.900002
2025-04-09T18:00:00Z,138.729996
2025-04-09T19:00:00Z,111.230003
2025-04-09T20:00:00Z,101.940002
2025-04-09T21:00:00Z,98.510002
2025-04-09T22:00:00Z,92.900002
2025-04-09T23:00:00Z,89.550003
2025-04-10T00:00:00Z,88.900002
2025-04-10T01:00:00Z,87.919998
2025-04-10T02:00:00Z,90
2025-04-10T03:00:00Z,97.540001
2025-04-10T04:00:00Z,132.440002
2025-04-10T05:00:00Z,170.589996
2025-04-10T06:00:00Z,135.440002
2025-04-10T07:00:00Z,102.400002
2025-04-10T08:00:00Z,85.709999
2025-04-10T09:00:00Z,66.339996
2025-04-10T10:00:00Z,34.950001
2025-04-10T11:00:00Z,2.18
2025-04-10T12:00:00Z,0.08
2025-04-10T13:00:00Z,1.18
2025-04-10T14:00:00Z,4.29
2025-04-10T15:00:00Z,16.110001
2025-04-10T16:00:00Z,33.009998
2025-04-10T17:00:00Z,47.98
2025-04-10T18:00:00Z,22.709999
2025-04-10T19:00:00Z,20.01
2025-04-10T20:00:00Z,20.370001
2025-04-10T21:00:00Z,21.790001
2025-04-10T22:00:00Z,4.69
2025-04-10T23:00:00Z,5.9
2025-04-11T00:00:00Z,4.27
2025-04-11T01:00:00Z,4.28
2025-04-11T02:00:00Z,4.08
2025-04-11T03:00:00Z,5.93
2025-04-11T04:00:00Z,9.06
2025-04-11T05:00:00Z,20.01
2025-04-11T06:00:00Z,36.610001
2025-04-11T07:00:00Z,26.92
2025-04-11T08:00:00Z,11.31
2025-04-11T09:00:00Z,0
2025-04-11T10:00:00Z,-0.21
2025-04-11T11:00:00Z,-2.7
2025-04-11T12:00:00Z,-3.61
2025-04-11T13:00:00Z,-0.1
2025-04-11T14:00:00Z,0
2025-04-11T15:00:00Z,62.959999
2025-04-11T16:00:00Z,96.709999
2025-04-11T17:00:00Z,119.879997
2025-04-11T18:00:00Z,130.5
2025-04-11T19:00:00Z,125
2025-04-11T20:00:00Z,106.75
2025-04-11T21:00:00Z,99.339996
2025-04-11T22:00:00Z,101.099998
2025-04-11T23:00:00Z,98.43
2025-04-12T00:00:00Z,95.379997
2025-04-12T01:00:00Z,89.089996
2025-04-12T02:00:00Z,89.129997
2025-04-12T03:00:00Z,89.110001
2025-04-12T04:00:00Z,93.510002
2025-04-12T05:00:00Z,94.699997
2025-04-12T06:00:00Z,95.489998
2025-04-12T07:00:00Z,67.260002
2025-04-12T08:00:00Z,20.190001
2025-04-12T09:00:00Z,0
2025-04-12T10:00:00Z,-9.23
2025-04-12T11:00:00Z,-16.889999
2025-04-12T12:00:00Z,-20.530001
2025-04-12T13:00:00Z,-18.68
2025-04-12T14:00:00Z,-0.08
2025-04-12T15:00:00Z,59.470001
2025-04-12T16:00:00Z,111.309998
2025-04-12T17:00:00Z,150.059998
2025-04-12T18:00:00Z,120.889999
2025-04-12T19:00:00Z,91
2025-04-12T20:00:00Z,86.269997
2025-04-12T21:00:00Z,64.269997
2025-04-12T22:00:00Z,63.990002
2025-04-12T23:00:00Z,56
2025-04-13T00:00:00Z,42.360001
2025-04-13T01:00:00Z,29.5
2025-04-13T02:00:00Z,32.060001
2025-04-13T03:00:00Z,34.48
2025-04-13T04:00:00Z,29.41
2025-04-13T05:00:00Z,27.75
2025-04-13T06:00:00Z,12.87
2025-04-13T07:00:00Z,8.43
2025-04-13T08:00:00Z,0
2025-04-13T09:00:00Z,-0.02
2025-04-13T10:00:00Z,-2
2025-04-13T11:00:00Z,-3.36
2025-04-13T12:00:00Z,-5.35
2025-04-13T13:00:00Z,-9.93
2025-04-13T14:00:00Z,-0.01
2025-04-13T15:00:00Z,17.559999
2025-04-13T16:00:00Z,90.019997
2025-04-13T17:00:00Z,109.57
2025-04-13T18:00:00Z,112.739998
2025-04-13T19:00:00Z,106.959999
2025-04-13T20:00:00Z,97.650002
2025-04-13T21:00:00Z,90
2025-04-13T22:00:00Z,81.610001
2025-04-13T23:00:00Z,77.989998
2025-04-14T00:00:00Z,77.510002
2025-04-14T01:00:00Z,82.290001
2025-04-14T02:00:00Z,84.519997
2025-04-14T03:00:00Z,88.68
2025-04-14T04:00:00Z,118.169998
2025-04-14T05:00:00Z,152.029999
2025-04-14T06:00:00Z,143.699997
2025-04-14T07:00:00Z,104.699997
2025-04-14T08:00:00Z,91.019997
2025-04-14T09:00:00Z,77.07
2025-04-14T10:00:00Z,62.349998
2025-04-14T11:00:00Z,61.639999
2025-04-14T12:00:00Z,64.360001
2025-04-14T13:00:00Z,75.290001
2025-04-14T14:00:00Z,84.599998
2025-04-14T15:00:00Z,91.900002
2025-04-14T16:00:00Z,112.400002
2025-04-14T17:00:00Z,180
2025-04-14T18:00:00Z,140.610001
2025-04-14T19:00:00Z,102.830002
2025-04-14T20:00:00Z,82.589996
2025-04-14T21:00:00Z,76
2025-04-14T22:00:00Z,72.93
2025-04-14T23:00:00Z,73.199997
2025-04-15T00:00:00Z,67.379997
2025-04-15T01:00:00Z,64.290001
2025-04-15T02:00:00Z,52.549999
2025-04-15T03:00:00Z,53.009998
2025-04-15T04:00:00Z,71.650002
2025-04-15T05:00:00Z,83.470001
2025-04-15T06:00:00Z,73.279999
2025-04-15T07:00:00Z,45.16
2025-04-15T08:00:00Z,34.66
2025-04-15T09:00:00Z,2.92
2025-04-15T10:00:00Z,0.08
2025-04-15T11:00:00Z,0
2025-04-15T12:00:00Z,0.1
2025-04-15T13:00:00Z,2.4
2025-04-15T14:00:00Z,2.99
2025-04-15T15:00:00Z,4.03
2025-04-15T16:00:00Z,20.01
2025-04-15T17:00:00Z,38.740002
2025-04-15T18:00:00Z,44.790001
2025-04-15T19:00:00Z,40.439999
2025-04-15T20:00:00Z,43.18
2025-04-15T21:00:00Z,47.990002
2025-04-15T22:00:00Z,40.490002
2025-04-15T23:00:00Z,50.919998
2025-04-16T00:00:00Z,76.360001
2025-04-16T01:00:00Z,52.689999
2025-04-16T02:00:00Z,47.110001
2025-04-16T03:00:00Z,56.849998
2025-04-16T04:00:00Z,101.5
2025-04-16T05:00:00Z,124.470001
2025-04-16T06:00:00Z,109.940002
2025-04-16T07:00:00Z,94.82
2025-04-16T08:00:00Z,79.75
2025-04-16T09:00:00Z,64.080002
2025-04-16T10:00:00Z,35.299999
2025-04-16T11:00:00Z,22.4
2025-04-16T12:00:00Z,24.940001
2025-04-16T13:00:00Z,54.18
2025-04-16T14:00:00Z,68
2025-04-16T15:00:00Z,89
2025-04-16T16:00:00Z,114.870003
2025-04-16T17:00:00Z,146.190002
2025-04-16T18:00:00Z,136.479996
2025-04-16T19:00:00Z,120.989998
2025-04-16T20:00:00Z,109.690002
2025-04-16T21:00:00Z,98.589996
2025-04-16T22:00:00Z,88.989998
2025-04-16T23:00:00Z,83.989998
2025-04-17T00:00:00Z,81.669998
2025-04-17T01:00:00Z,80.07
2025-04-17T02:00:00Z,81.279999
2025-04-17T03:00:00Z,87.43
2025-04-17T04:00:00Z,105.059998
2025-04-17T05:00:00Z,122.330002
2025-04-17T06:00:00Z,130
2025-04-17T07:00:00Z,121
2025-04-17T08:00:00Z,110
2025-04-17T09:00:00Z,95.029999
2025-04-17T10:00:00Z,80.839996
2025-04-17T11:00:00Z,81.040001
2025-04-17T12:00:00Z,77.75
2025-04-17T13:00:00Z,77.650002
2025-04-17T14:00:00Z,83.449997
2025-04-17T15:00:00Z,91.209999
2025-04-17T16:00:00Z,109.089996
2025-04-17T17:00:00Z,119.510002
2025-04-17T18:00:00Z,118.169998
2025-04-17T19:00:00Z,105.339996
2025-04-17T20:00:00Z,84.699997
2025-04-17T21:00:00Z,82.629997
2025-04-17T22:00:00Z,80.75
2025-04-17T23:00:00Z,73.699997
2025-04-18T00:00:00Z,71.510002
2025-04-18T01:00:00Z,71.639999
2025-04-18T02:00:00Z,67.699997
2025-04-18T03:00:00Z,70
2025-04-18T04:00:00Z,70.660004
2025-04-18T05:00:00Z,78.099998
2025-04-18T06:00:00Z,80.760002
2025-04-18T07:00:00Z,79.910004
2025-04-18T08:00:00Z,76.730003
2025-04-18T09:00:00Z,70.199997
2025-04-18T10:00:00Z,75.029999
2025-04-18T11:00:00Z,58
2025-04-18T12:00:00Z,53.110001
2025-04-18T13:00:00Z,55.02
2025-04-18T14:00:00Z,65.809998
2025-04-18T15:00:00Z,83.349998
2025-04-18T16:00:00Z,99.239998
2025-04-18T17:00:00Z,118.93
2025-04-18T18:00:00Z,121.589996
2025-04-18T19:00:00Z,111.760002
2025-04-18T20:00:00Z,99.550003
2025-04-18T21:00:00Z,90
2025-04-18T22:00:00Z,81.449997
2025-04-18T23:00:00Z,74.379997
2025-04-19T00:00:00Z,78.599998
2025-04-19T01:00:00Z,76.209999
2025-04-19T02:00:00Z,78.919998
2025-04-19T03:00:00Z,83.050003
2025-04-19T04:00:00Z,84.360001
2025-04-19T05:00:00Z,88.919998
2025-04-19T06:00:00Z,83.889999
2025-04-19T07:00:00Z,76.43
2025-04-19T08:00:00Z,29.99
2025-04-19T09:00:00Z,4.54
2025-04-19T10:00:00Z,0
2025-04-19T11:00:00Z,-0.83
2025-04-19T12:00:00Z,-0.37
2025-04-19T13:00:00Z,-0.86
2025-04-19T14:00:00Z,0.2
2025-04-19T15:00:00Z,64.010002
2025-04-19T16:00:00Z,102.769997
2025-04-19T17:00:00Z,108.010002
2025-04-19T18:00:00Z,126.68
2025-04-19T19:00:00Z,119.900002
2025-04-19T20:00:00Z,103.900002
2025-04-19T21:00:00Z,94.410004
2025-04-19T22:00:00Z,98
2025-04-19T23:00:00Z,94.900002
2025-04-20T00:00:00Z,98.980003
2025-04-20T01:00:00Z,97.410004
2025-04-20T02:00:00Z,98.830002
2025-04-20T03:00:00Z,108.639999
2025-04-20T04:00:00Z,109.379997
2025-04-20T05:00:00Z,94.32
2025-04-20T06:00:00Z,68.599998
2025-04-20T07:00:00Z,18.629999
2025-04-20T08:00:00Z,0
2025-04-20T09:00:00Z,-0.08
2025-04-20T10:00:00Z,-0.72
2025-04-20T11:00:00Z,-0.01
2025-04-20T12:00:00Z,0
2025-04-20T13:00:00Z,-0.77
2025-04-20T14:00:00Z,0
2025-04-20T15:00:00Z,72.419998
2025-04-20T16:00:00Z,106.809998
2025-04-20T17:00:00Z,119.940002
2025-04-20T18:00:00Z,144.949997
2025-04-20T19:00:00Z,137.559998
2025-04-20T20:00:00Z,121.82
2025-04-20T21:00:00Z,110.68
2025-04-20T22:00:00Z,108.580002
2025-04-20T23:00:00Z,97.589996
2025-04-21T00:00:00Z,96.470001
2025-04-21T01:00:00Z,96.839996
2025-04-21T02:00:00Z,97.980003
2025-04-21T03:00:00Z,98.540001
2025-04-21T04:00:00Z,97.07
2025-04-21T05:00:00Z,91.309998
2025-04-21T06:00:00Z,88.5
2025-04-21T07:00:00Z,87.989998
2025-04-21T08:00:00Z,65.239998
2025-04-21T09:00:00Z,33.880001
2025-04-21T10:00:00Z,17.190001
2025-04-21T11:00:00Z,8.91
2025-04-21T12:00:00Z,8.44
2025-04-21T13:00:00Z,10.29
2025-04-21T14:00:00Z,50.049999
2025-04-21T15:00:00Z,88.769997
2025-04-21T16:00:00Z,101.949997
2025-04-21T17:00:00Z,121.949997
2025-04-21T18:00:00Z,139.139999
2025-04-21T19:00:00Z,132.100006
2025-04-21T20:00:00Z,122.769997
2025-04-21T21:00:00Z,106.540001
2025-04-21T22:00:00Z,96.209999
2025-04-21T23:00:00Z,88.800003
2025-04-22T00:00:00Z,87.400002
2025-04-22T01:00:00Z,85.010002
2025-04-22T02:00:00Z,84.580002
2025-04-22T03:00:00Z,97.389999
2025-04-22T04:00:00Z,120.760002
2025-04-22T05:00:00Z,151.539993
2025-04-22T06:00:00Z,147
2025-04-22T07:00:00Z,111.879997
2025-04-22T08:00:00Z,95.199997
2025-04-22T09:00:00Z,89.970001
2025-04-22T10:00:00Z,79.919998
2025-04-22T11:00:00Z,67.660004
2025-04-22T12:00:00Z,71.470001
2025-04-22T13:00:00Z,78.449997
2025-04-22T14:00:00Z,83.07
2025-04-22T15:00:00Z,100.040001
2025-04-22T16:00:00Z,122.379997
2025-04-22T17:00:00Z,190.410004
2025-04-22T18:00:00Z,263.200012
2025-04-22T19:00:00Z,157.279999
2025-04-22T20:00:00Z,121
2025-04-22T21:00:00Z,107.489998
2025-04-22T22:00:00Z,106.720001
2025-04-22T23:00:00Z,99.400002
2025-04-23T00:00:00Z,96.839996
2025-04-23T01:00:00Z,96.699997
2025-04-23T02:00:00Z,99.68
2025-04-23T03:00:00Z,108.230003
2025-04-23T04:00:00Z,137.089996
2025-04-23T05:00:00Z,152
2025-04-23T06:00:00Z,128.839996
2025-04-23T07:00:00Z,100
2025-04-23T08:00:00Z,92
2025-04-23T09:00:00Z,94.389999
2025-04-23T10:00:00Z,81.040001
2025-04-23T11:00:00Z,80.290001
2025-04-23T12:00:00Z,88
2025-04-23T13:00:00Z,92.349998
2025-04-23T14:00:00Z,99.050003
2025-04-23T15:00:00Z,108.279999
2025-04-23T16:00:00Z,128.899994
2025-04-23T17:00:00Z,155.970001
2025-04-23T18:00:00Z,148.669998
2025-04-23T19:00:00Z,126.110001
2025-04-23T20:00:00Z,108.199997
2025-04-23T21:00:00Z,97.150002
2025-04-23T22:00:00Z,94.169998
2025-04-23T23:00:00Z,88.300003
2025-04-24T00:00:00Z,86.699997
2025-04-24T01:00:00Z,85.650002
2025-04-24T02:00:00Z,84.349998
2025-04-24T03:00:00Z,90.93
2025-04-24T04:00:00Z,110.339996
2025-04-24T05:00:00Z,118.510002
2025-04-24T06:00:00Z,117.650002
2025-04-24T07:00:00Z,108.910004
2025-04-24T08:00:00Z,96.669998
2025-04-24T09:00:00Z,93.550003
2025-04-24T10:00:00Z,81.559998
2025-04-24T11:00:00Z,78.949997
2025-04-24T12:00:00Z,78.040001
2025-04-24T13:00:00Z,78.720001
2025-04-24T14:00:00Z,83.370003
2025-04-24T15:00:00Z,95.360001
2025-04-24T16:00:00Z,101.019997
2025-04-24T17:00:00Z,114.639999
2025-04-24T18:00:00Z,121.610001
2025-04-24T19:00:00Z,114.480003
2025-04-24T20:00:00Z,106.529999
2025-04-24T21:00:00Z,93.099998
2025-04-24T22:00:00Z,91.029999
2025-04-24T23:00:00Z,82.919998
2025-04-25T00:00:00Z,82.230003
2025-04-25T01:00:00Z,83.400002
2025-04-25T02:00:00Z,84.949997
2025-04-25T03:00:00Z,94.639999
2025-04-25T04:00:00Z,104.410004
2025-04-25T05:00:00Z,113.389999
2025-04-25T06:00:00Z,111
2025-04-25T07:00:00Z,99.410004
2025-04-25T08:00:00Z,88.169998
2025-04-25T09:00:00Z,75.449997
2025-04-25T10:00:00Z,66.610001
2025-04-25T11:00:00Z,48.029999
2025-04-25T12:00:00Z,40.990002
2025-04-25T13:00:00Z,59.470001
2025-04-25T14:00:00Z,73.040001
2025-04-25T15:00:00Z,84.190002
2025-04-25T16:00:00Z,99.43
2025-04-25T17:00:00Z,115.989998
2025-04-25T18:00:00Z,123.779999
2025-04-25T19:00:00Z,109.629997
2025-04-25T20:00:00Z,100.370003
2025-04-25T21:00:00Z,92.089996
2025-04-25T22:00:00Z,100
2025-04-25T23:00:00Z,92.190002
2025-04-26T00:00:00Z,91.019997
2025-04-26T01:00:00Z,89.660004
2025-04-26T02:00:00Z,89.010002
2025-04-26T03:00:00Z,90.860001
2025-04-26T04:00:00Z,93.010002
2025-04-26T05:00:00Z,86.330002
2025-04-26T06:00:00Z,72.190002
2025-04-26T07:00:00Z,34.450001
2025-04-26T08:00:00Z,2.55
2025-04-26T09:00:00Z,-0.01
2025-04-26T10:00:00Z,-2.82
2025-04-26T11:00:00Z,-2.41
2025-04-26T12:00:00Z,-3.4
2025-04-26T13:00:00Z,-2.16
2025-04-26T14:00:00Z,-0.02
2025-04-26T15:00:00Z,30.99
2025-04-26T16:00:00Z,79
2025-04-26T17:00:00Z,99.809998
2025-04-26T18:00:00Z,107.400002
2025-04-26T19:00:00Z,96.849998
2025-04-26T20:00:00Z,85.260002
2025-04-26T21:00:00Z,72.309998
2025-04-26T22:00:00Z,67.709999
2025-04-26T23:00:00Z,62.91
2025-04-27T00:00:00Z,57.959999
2025-04-27T01:00:00Z,59.119999
2025-04-27T02:00:00Z,61.939999
2025-04-27T03:00:00Z,69.050003
2025-04-27T04:00:00Z,69.139999
2025-04-27T05:00:00Z,63.720001
2025-04-27T06:00:00Z,34.950001
2025-04-27T07:00:00Z,0.04
2025-04-27T08:00:00Z,-3
2025-04-27T09:00:00Z,-5.3
2025-04-27T10:00:00Z,-11.92
2025-04-27T11:00:00Z,-17.77
2025-04-27T12:00:00Z,-20.1
2025-04-27T13:00:00Z,-22.959999
2025-04-27T14:00:00Z,-5.17
2025-04-27T15:00:00Z,18.35
2025-04-27T16:00:00Z,90.290001
2025-04-27T17:00:00Z,110.830002
2025-04-27T18:00:00Z,124.230003
2025-04-27T19:00:00Z,109.239998
2025-04-27T20:00:00Z,99
2025-04-27T21:00:00Z,93.559998
2025-04-27T22:00:00Z,92.239998
2025-04-27T23:00:00Z,86.489998
2025-04-28T00:00:00Z,83.099998
2025-04-28T01:00:00Z,85.410004
2025-04-28T02:00:00Z,91.190002
2025-04-28T03:00:00Z,99.489998
2025-04-28T04:00:00Z,140
2025-04-28T05:00:00Z,131.089996
2025-04-28T06:00:00Z,96.849998
2025-04-28T07:00:00Z,67.370003
2025-04-28T08:00:00Z,10.03
2025-04-28T09:00:00Z,-0.01
2025-04-28T10:00:00Z,-4.02
2025-04-28T11:00:00Z,-5.9
2025-04-28T12:00:00Z,-6.18
2025-04-28T13:00:00Z,-1.54
2025-04-28T14:00:00Z,2.01
2025-04-28T15:00:00Z,68.669998
2025-04-28T16:00:00Z,101.919998
2025-04-28T17:00:00Z,149.899994
2025-04-28T18:00:00Z,194.809998
2025-04-28T19:00:00Z,128.830002
2025-04-28T20:00:00Z,106.239998
2025-04-28T21:00:00Z,96.160004
2025-04-28T22:00:00Z,89.470001
2025-04-28T23:00:00Z,85.080002
2025-04-29T00:00:00Z,80.309998
2025-04-29T01:00:00Z,77.639999
2025-04-29T02:00:00Z,76.769997
2025-04-29T03:00:00Z,85.18
2025-04-29T04:00:00Z,106.900002
2025-04-29T05:00:00Z,113.129997
2025-04-29T06:00:00Z,99.980003
2025-04-29T07:00:00Z,78
2025-04-29T08:00:00Z,9.31
2025-04-29T09:00:00Z,0
2025-04-29T10:00:00Z,-0.76
2025-04-29T11:00:00Z,-1.9
2025-04-29T12:00:00Z,-1.67
2025-04-29T13:00:00Z,-0.01
2025-04-29T14:00:00Z,14.82
2025-04-29T15:00:00Z,77.599998
2025-04-29T16:00:00Z,102
2025-04-29T17:00:00Z,139.830002
2025-04-29T18:00:00Z,174.75
2025-04-29T19:00:00Z,129.110001
2025-04-29T20:00:00Z,108.830002
2025-04-29T21:00:00Z,97.82
2025-04-29T22:00:00Z,95
2025-04-29T23:00:00Z,90
2025-04-30T00:00:00Z,87.589996
2025-04-30T01:00:00Z,88.25
2025-04-30T02:00:00Z,91.400002
2025-04-30T03:00:00Z,95.830002
2025-04-30T04:00:00Z,115.269997
2025-04-30T05:00:00Z,120.300003
2025-04-30T06:00:00Z,99.900002
2025-04-30T07:00:00Z,76.699997
2025-04-30T08:00:00Z,7.08
2025-04-30T09:00:00Z,0
2025-04-30T10:00:00Z,-1
2025-04-30T11:00:00Z,-2.7
2025-04-30T12:00:00Z,-3
2025-04-30T13:00:00Z,-0.02
2025-04-30T14:00:00Z,19.91
2025-04-30T15:00:00Z,78.389999
2025-04-30T16:00:00Z,101.800003
2025-04-30T17:00:00Z,130.369995
2025-04-30T18:00:00Z,176.429993
2025-04-30T19:00:00Z,128
2025-04-30T20:00:00Z,108.330002
2025-04-30T21:00:00Z,98.68
2025-04-30T22:00:00Z,97.510002
2025-04-30T23:00:00Z,91.779999
2025-05-01T00:00:00Z,90.459999
2025-05-01T01:00:00Z,90.629997
2025-05-01T02:00:00Z,90.5
2025-05-01T03:00:00Z,84.160004
2025-05-01T04:00:00Z,83.940002
2025-05-01T05:00:00Z,78.040001
2025-05-01T06:00:00Z,62.099998
2025-05-01T07:00:00Z,0
2025-05-01T08:00:00Z,-0.8
2025-05-01T09:00:00Z,-4.19
2025-05-01T10:00:00Z,-4.48
2025-05-01T11:00:00Z,-5.09
2025-05-01T12:00:00Z,-10.24
2025-05-01T13:00:00Z,-22.780001
2025-05-01T14:00:00Z,-5.17
2025-05-01T15:00:00Z,40.77
2025-05-01T16:00:00Z,96.139999
2025-05-01T17:00:00Z,129.869995
2025-05-01T18:00:00Z,164.380005
2025-05-01T19:00:00Z,122.449997
2025-05-01T20:00:00Z,100.730003
2025-05-01T21:00:00Z,87.099998
2025-05-01T22:00:00Z,89.919998
2025-05-01T23:00:00Z,77.120003
2025-05-02T00:00:00Z,66.900002
2025-05-02T01:00:00Z,63.91
2025-05-02T02:00:00Z,66
2025-05-02T03:00:00Z,74.010002
2025-05-02T04:00:00Z,86.830002
2025-05-02T05:00:00Z,88.550003
2025-05-02T06:00:00Z,84.900002
2025-05-02T07:00:00Z,55
2025-05-02T08:00:00Z,0.85
2025-05-02T09:00:00Z,-0.01
2025-05-02T10:00:00Z,-0.8
2025-05-02T11:00:00Z,-3
2025-05-02T12:00:00Z,-4
2025-05-02T13:00:00Z,-0.08
2025-05-02T14:00:00Z,0.3
2025-05-02T15:00:00Z,55.639999
2025-05-02T16:00:00Z,77.949997
2025-05-02T17:00:00Z,105.150002
2025-05-02T18:00:00Z,116.279999
2025-05-02T19:00:00Z,117.730003
2025-05-02T20:00:00Z,103.260002
2025-05-02T21:00:00Z,92.800003
2025-05-02T22:00:00Z,93.739998
2025-05-02T23:00:00Z,89
2025-05-03T00:00:00Z,88.720001
2025-05-03T01:00:00Z,92
2025-05-03T02:00:00Z,91.230003
2025-05-03T03:00:00Z,91.839996
2025-05-03T04:00:00Z,92.860001
2025-05-03T05:00:00Z,87.730003
2025-05-03T06:00:00Z,79.900002
2025-05-03T07:00:00Z,13.53
2025-05-03T08:00:00Z,0.01
2025-05-03T09:00:00Z,-0.01
2025-05-03T10:00:00Z,-1.16
2025-05-03T11:00:00Z,-3.04
2025-05-03T12:00:00Z,-2.69
2025-05-03T13:00:00Z,-0.03
2025-05-03T14:00:00Z,0.06
2025-05-03T15:00:00Z,28.870001
2025-05-03T16:00:00Z,60.099998
2025-05-03T17:00:00Z,76.68
2025-05-03T18:00:00Z,83.830002
2025-05-03T19:00:00Z,75.199997
2025-05-03T20:00:00Z,66.889999
2025-05-03T21:00:00Z,63.439999
2025-05-03T22:00:00Z,59.950001
2025-05-03T23:00:00Z,44.900002
2025-05-04T00:00:00Z,31.469999
2025-05-04T01:00:00Z,20.389999
2025-05-04T02:00:00Z,20.02
2025-05-04T03:00:00Z,15.58
2025-05-04T04:00:00Z,13.62
2025-05-04T05:00:00Z,7.83
2025-05-04T06:00:00Z,2.93
2025-05-04T07:00:00Z,0
2025-05-04T08:00:00Z,-0.01
2025-05-04T09:00:00Z,-0.01
2025-05-04T10:00:00Z,-0.02
2025-05-04T11:00:00Z,-2
2025-05-04T12:00:00Z,-5.01
2025-05-04T13:00:00Z,-1.59
2025-05-04T14:00:00Z,-0.01
2025-05-04T15:00:00Z,10.07
2025-05-04T16:00:00Z,80.080002
2025-05-04T17:00:00Z,95.949997
2025-05-04T18:00:00Z,109
2025-05-04T19:00:00Z,112.379997
2025-05-04T20:00:00Z,101.790001
2025-05-04T21:00:00Z,87.349998
2025-05-04T22:00:00Z,75.18
2025-05-04T23:00:00Z,70.510002
2025-05-05T00:00:00Z,72.25
2025-05-05T01:00:00Z,75.150002
2025-05-05T02:00:00Z,74.980003
2025-05-05T03:00:00Z,89.489998
2025-05-05T04:00:00Z,110.919998
2025-05-05T05:00:00Z,122.57
2025-05-05T06:00:00Z,106.690002
2025-05-05T07:00:00Z,90.82
2025-05-05T08:00:00Z,80
2025-05-05T09:00:00Z,61.650002
2025-05-05T10:00:00Z,53.830002
2025-05-05T11:00:00Z,49.66
2025-05-05T12:00:00Z,59.299999
2025-05-05T13:00:00Z,68.669998
2025-05-05T14:00:00Z,59.959999
2025-05-05T15:00:00Z,83.519997
2025-05-05T16:00:00Z,84.400002
2025-05-05T17:00:00Z,106.989998
2025-05-05T18:00:00Z,101.400002
2025-05-05T19:00:00Z,103.800003
2025-05-05T20:00:00Z,99.120003
2025-05-05T21:00:00Z,80.989998
2025-05-05T22:00:00Z,82.459999
2025-05-05T23:00:00Z,81.410004
2025-05-06T00:00:00Z,80.5
2025-05-06T01:00:00Z,79.779999
2025-05-06T02:00:00Z,82.190002
2025-05-06T03:00:00Z,91.660004
2025-05-06T04:00:00Z,106.620003
2025-05-06T05:00:00Z,121.860001
2025-05-06T06:00:00Z,108.370003
2025-05-06T07:00:00Z,83.080002
2025-05-06T08:00:00Z,72.269997
2025-05-06T09:00:00Z,59.889999
2025-05-06T10:00:00Z,42.810001
2025-05-06T11:00:00Z,38.169998
2025-05-06T12:00:00Z,45.439999
2025-05-06T13:00:00Z,65
2025-05-06T14:00:00Z,73.730003
2025-05-06T15:00:00Z,89.989998
2025-05-06T16:00:00Z,106.889999
2025-05-06T17:00:00Z,134.089996
2025-05-06T18:00:00Z,161.179993
2025-05-06T19:00:00Z,136.600006
2025-05-06T20:00:00Z,118.279999
2025-05-06T21:00:00Z,101.269997
2025-05-06T22:00:00Z,92.669998
2025-05-06T23:00:00Z,87.050003
2025-05-07T00:00:00Z,85.629997
2025-05-07T01:00:00Z,88.599998
2025-05-07T02:00:00Z,95.160004
2025-05-07T03:00:00Z,108.57
2025-05-07T04:00:00Z,131.679993
2025-05-07T05:00:00Z,143.949997
2025-05-07T06:00:00Z,125
2025-05-07T07:00:00Z,96.43
2025-05-07T08:00:00Z,82.410004
2025-05-07T09:00:00Z,73.300003
2025-05-07T10:00:00Z,64.43
2025-05-07T11:00:00Z,63.919998
2025-05-07T12:00:00Z,68.040001
2025-05-07T13:00:00Z,75
2025-05-07T14:00:00Z,81.800003
2025-05-07T15:00:00Z,95.849998
2025-05-07T16:00:00Z,108.489998
2025-05-07T17:00:00Z,128.929993
2025-05-07T18:00:00Z,147.149994
2025-05-07T19:00:00Z,125.18
2025-05-07T20:00:00Z,108.489998
2025-05-07T21:00:00Z,96.589996
2025-05-07T22:00:00Z,95.860001
2025-05-07T23:00:00Z,91.660004
2025-05-08T00:00:00Z,91.510002
2025-05-08T01:00:00Z,93.18
2025-05-08T02:00:00Z,96.089996
2025-05-08T03:00:00Z,109.25
2025-05-08T04:00:00Z,124.269997
2025-05-08T05:00:00Z,138.729996
2025-05-08T06:00:00Z,124.110001
2025-05-08T07:00:00Z,101.129997
2025-05-08T08:00:00Z,87.809998
2025-05-08T09:00:00Z,75.339996
2025-05-08T10:00:00Z,64.25
2025-05-08T11:00:00Z,63.75
2025-05-08T12:00:00Z,70.050003
2025-05-08T13:00:00Z,78.769997
2025-05-08T14:00:00Z,85.300003
2025-05-08T15:00:00Z,91.629997
2025-05-08T16:00:00Z,109.089996
2025-05-08T17:00:00Z,134.960007
2025-05-08T18:00:00Z,185.080002
2025-05-08T19:00:00Z,143.179993
2025-05-08T20:00:00Z,114.769997
2025-05-08T21:00:00Z,106.480003
2025-05-08T22:00:00Z,102.269997
2025-05-08T23:00:00Z,96.550003
2025-05-09T00:00:00Z,93.760002
2025-05-09T01:00:00Z,95.089996
2025-05-09T02:00:00Z,99
2025-05-09T03:00:00Z,109.07
2025-05-09T04:00:00Z,141
2025-05-09T05:00:00Z,136.029999
2025-05-09T06:00:00Z,100.610001
2025-05-09T07:00:00Z,82
2025-05-09T08:00:00Z,51.599998
2025-05-09T09:00:00Z,0.1
2025-05-09T10:00:00Z,-0.01
2025-05-09T11:00:00Z,-0.02
2025-05-09T12:00:00Z,-0.01
2025-05-09T13:00:00Z,0.09
2025-05-09T14:00:00Z,52.66
2025-05-09T15:00:00Z,79.059998
2025-05-09T16:00:00Z,98.809998
2025-05-09T17:00:00Z,118.199997
2025-05-09T18:00:00Z,149.130005
2025-05-09T19:00:00Z,130.350006
2025-05-09T20:00:00Z,107.32
2025-05-09T21:00:00Z,98.32
2025-05-09T22:00:00Z,105.220001
2025-05-09T23:00:00Z,102.910004
2025-05-10T00:00:00Z,98.779999
2025-05-10T01:00:00Z,96.279999
2025-05-10T02:00:00Z,100.900002
2025-05-10T03:00:00Z,100.470001
2025-05-10T04:00:00Z,97.730003
2025-05-10T05:00:00Z,93.910004
2025-05-10T06:00:00Z,73.720001
2025-05-10T07:00:00Z,9.55
2025-05-10T08:00:00Z,8.31
2025-05-10T09:00:00Z,4.84
2025-05-10T10:00:00Z,2.1
2025-05-10T11:00:00Z,1.87
2025-05-10T12:00:00Z,-0.01
2025-05-10T13:00:00Z,-1.74
2025-05-10T14:00:00Z,-2.7
2025-05-10T15:00:00Z,23.99
2025-05-10T16:00:00Z,95.269997
2025-05-10T17:00:00Z,124.040001
2025-05-10T18:00:00Z,163.199997
2025-05-10T19:00:00Z,129.490005
2025-05-10T20:00:00Z,107.720001
2025-05-10T21:00:00Z,94.489998
2025-05-10T22:00:00Z,97.800003
2025-05-10T23:00:00Z,95.099998
2025-05-11T00:00:00Z,94.510002
2025-05-11T01:00:00Z,95.419998
2025-05-11T02:00:00Z,95.389999
2025-05-11T03:00:00Z,95.449997
2025-05-11T04:00:00Z,87.610001
2025-05-11T05:00:00Z,65.760002
2025-05-11T06:00:00Z,4.97
2025-05-11T07:00:00Z,7.81
2025-05-11T08:00:00Z,3.92
2025-05-11T09:00:00Z,2.06
2025-05-11T10:00:00Z,1.71
2025-05-11T11:00:00Z,-0.01
2025-05-11T12:00:00Z,-0.27
2025-05-11T13:00:00Z,-1.01
2025-05-11T14:00:00Z,-0.13
2025-05-11T15:00:00Z,0.58
2025-05-11T16:00:00Z,85.959999
2025-05-11T17:00:00Z,117.110001
2025-05-11T18:00:00Z,124.860001
2025-05-11T19:00:00Z,109.550003
2025-05-11T20:00:00Z,98.449997
2025-05-11T21:00:00Z,84.68
2025-05-11T22:00:00Z,86
2025-05-11T23:00:00Z,81.279999
2025-05-12T00:00:00Z,80.949997
2025-05-12T01:00:00Z,81.480003
2025-05-12T02:00:00Z,84.650002
2025-05-12T03:00:00Z,97.709999
2025-05-12T04:00:00Z,137.050003
2025-05-12T05:00:00Z,141.149994
2025-05-12T06:00:00Z,108.489998
2025-05-12T07:00:00Z,69.739998
2025-05-12T08:00:00Z,15.37
2025-05-12T09:00:00Z,11.35
2025-05-12T10:00:00Z,2.09
2025-05-12T11:00:00Z,4.17
2025-05-12T12:00:00Z,2.08
2025-05-12T13:00:00Z,6.96
2025-05-12T14:00:00Z,7.78
2025-05-12T15:00:00Z,72.580002
2025-05-12T16:00:00Z,107.120003
2025-05-12T17:00:00Z,141.410004
2025-05-12T18:00:00Z,172.699997
2025-05-12T19:00:00Z,117.25
2025-05-12T20:00:00Z,100.110001
2025-05-12T21:00:00Z,92.970001
2025-05-12T22:00:00Z,89.870003
2025-05-12T23:00:00Z,88.550003
2025-05-13T00:00:00Z,89.199997
2025-05-13T01:00:00Z,93.940002
2025-05-13T02:00:00Z,96.709999
2025-05-13T03:00:00Z,104
2025-05-13T04:00:00Z,136.770004
2025-05-13T05:00:00Z,128.330002
2025-05-13T06:00:00Z,100.419998
2025-05-13T07:00:00Z,79.360001
2025-05-13T08:00:00Z,16.09
2025-05-13T09:00:00Z,-0.75
2025-05-13T10:00:00Z,-2.56
2025-05-13T11:00:00Z,-1.74
2025-05-13T12:00:00Z,-3.2
2025-05-13T13:00:00Z,-3.64
2025-05-13T14:00:00Z,0.54
2025-05-13T15:00:00Z,73.949997
2025-05-13T16:00:00Z,99.709999
2025-05-13T17:00:00Z,135.910004
2025-05-13T18:00:00Z,212.919998
2025-05-13T19:00:00Z,148.369995
2025-05-13T20:00:00Z,111.970001
2025-05-13T21:00:00Z,99.209999
2025-05-13T22:00:00Z,97.07
2025-05-13T23:00:00Z,89.860001
2025-05-14T00:00:00Z,87.779999
2025-05-14T01:00:00Z,89.089996
2025-05-14T02:00:00Z,98.510002
2025-05-14T03:00:00Z,103.919998
2025-05-14T04:00:00Z,128.580002
2025-05-14T05:00:00Z,122.5
2025-05-14T06:00:00Z,99.559998
2025-05-14T07:00:00Z,70.910004
2025-05-14T08:00:00Z,0.2
2025-05-14T09:00:00Z,-1.68
2025-05-14T10:00:00Z,-5.09
2025-05-14T11:00:00Z,-5.01
2025-05-14T12:00:00Z,-5.31
2025-05-14T13:00:00Z,-3.36
2025-05-14T14:00:00Z,-1.34
2025-05-14T15:00:00Z,30.940001
2025-05-14T16:00:00Z,91.599998
2025-05-14T17:00:00Z,114
2025-05-14T18:00:00Z,158.449997
2025-05-14T19:00:00Z,132.589996
2025-05-14T20:00:00Z,109.080002
2025-05-14T21:00:00Z,95.300003
2025-05-14T22:00:00Z,97.019997
2025-05-14T23:00:00Z,88
2025-05-15T00:00:00Z,82.239998
2025-05-15T01:00:00Z,81.669998
2025-05-15T02:00:00Z,85.010002
2025-05-15T03:00:00Z,94.830002
2025-05-15T04:00:00Z,119.900002
2025-05-15T05:00:00Z,114.620003
2025-05-15T06:00:00Z,89
2025-05-15T07:00:00Z,69.889999
2025-05-15T08:00:00Z,4.58
2025-05-15T09:00:00Z,-0.08
2025-05-15T10:00:00Z,-4.91
2025-05-15T11:00:00Z,-6.71
2025-05-15T12:00:00Z,-5.3
2025-05-15T13:00:00Z,-5.09
2025-05-15T14:00:00Z,-0.6
2025-05-15T15:00:00Z,3.83
2025-05-15T16:00:00Z,68.910004
2025-05-15T17:00:00Z,99.269997
2025-05-15T18:00:00Z,130.740005
2025-05-15T19:00:00Z,125.129997
2025-05-15T20:00:00Z,110.489998
2025-05-15T21:00:00Z,101
2025-05-15T22:00:00Z,94.5
2025-05-15T23:00:00Z,88.470001
2025-05-16T00:00:00Z,84.910004
2025-05-16T01:00:00Z,85
2025-05-16T02:00:00Z,88.760002
2025-05-16T03:00:00Z,98.260002
2025-05-16T04:00:00Z,113.18
2025-05-16T05:00:00Z,117.599998
2025-05-16T06:00:00Z,106.660004
2025-05-16T07:00:00Z,78.989998
2025-05-16T08:00:00Z,11.11
2025-05-16T09:00:00Z,-0.01
2025-05-16T10:00:00Z,-2.54
2025-05-16T11:00:00Z,-1.72
2025-05-16T12:00:00Z,-1.55
2025-05-16T13:00:00Z,-0.01
2025-05-16T14:00:00Z,2.98
2025-05-16T15:00:00Z,54.27
2025-05-16T16:00:00Z,88.510002
2025-05-16T17:00:00Z,111.769997
2025-05-16T18:00:00Z,154.910004
2025-05-16T19:00:00Z,143.229996
2025-05-16T20:00:00Z,116.080002
2025-05-16T21:00:00Z,102.080002
2025-05-16T22:00:00Z,92.5
2025-05-16T23:00:00Z,93.480003
2025-05-17T00:00:00Z,88.93
2025-05-17T01:00:00Z,88.900002
2025-05-17T02:00:00Z,89.889999
2025-05-17T03:00:00Z,90.010002
2025-05-17T04:00:00Z,91.559998
2025-05-17T05:00:00Z,89.849998
2025-05-17T06:00:00Z,59.110001
2025-05-17T07:00:00Z,0.86
2025-05-17T08:00:00Z,-0.06
2025-05-17T09:00:00Z,-3.91
2025-05-17T10:00:00Z,-3.55
2025-05-17T11:00:00Z,-3.13
2025-05-17T12:00:00Z,-5.26
2025-05-17T13:00:00Z,-5.09
2025-05-17T14:00:00Z,-0.8
2025-05-17T15:00:00Z,5.01
2025-05-17T16:00:00Z,73.989998
2025-05-17T17:00:00Z,99.639999
2025-05-17T18:00:00Z,121.379997
2025-05-17T19:00:00Z,130.210007
2025-05-17T20:00:00Z,129.899994
2025-05-17T21:00:00Z,111.599998
2025-05-17T22:00:00Z,106.730003
2025-05-17T23:00:00Z,101.489998
2025-05-18T00:00:00Z,98.57
2025-05-18T01:00:00Z,97.400002
2025-05-18T02:00:00Z,98.410004
2025-05-18T03:00:00Z,97.980003
2025-05-18T04:00:00Z,91.300003
2025-05-18T05:00:00Z,87.160004
2025-05-18T06:00:00Z,67.860001
2025-05-18T07:00:00Z,10.1
2025-05-18T08:00:00Z,0
2025-05-18T09:00:00Z,-0.2
2025-05-18T10:00:00Z,-2
2025-05-18T11:00:00Z,-7.09
2025-05-18T12:00:00Z,-12.04
2025-05-18T13:00:00Z,-6.77
2025-05-18T14:00:00Z,-0.2
2025-05-18T15:00:00Z,9.67
2025-05-18T16:00:00Z,85.650002
2025-05-18T17:00:00Z,108.400002
2025-05-18T18:00:00Z,125.169998
2025-05-18T19:00:00Z,130.470001
2025-05-18T20:00:00Z,118.410004
2025-05-18T21:00:00Z,103.620003
2025-05-18T22:00:00Z,110.480003
2025-05-18T23:00:00Z,99.029999
2025-05-19T00:00:00Z,93.370003
2025-05-19T01:00:00Z,90.099998
2025-05-19T02:00:00Z,90.75
2025-05-19T03:00:00Z,102.400002
2025-05-19T04:00:00Z,128
2025-05-19T05:00:00Z,137.220001
2025-05-19T06:00:00Z,113.410004
2025-05-19T07:00:00Z,93.660004
2025-05-19T08:00:00Z,69.589996
2025-05-19T09:00:00Z,28.559999
2025-05-19T10:00:00Z,12.77
2025-05-19T11:00:00Z,5
2025-05-19T12:00:00Z,8
2025-05-19T13:00:00Z,28.15
2025-05-19T14:00:00Z,72.93
2025-05-19T15:00:00Z,89.669998
2025-05-19T16:00:00Z,106.160004
2025-05-19T17:00:00Z,138.449997
2025-05-19T18:00:00Z,196.179993
2025-05-19T19:00:00Z,154.860001
2025-05-19T20:00:00Z,124.790001
2025-05-19T21:00:00Z,111.849998
2025-05-19T22:00:00Z,109.029999
2025-05-19T23:00:00Z,102.120003
2025-05-20T00:00:00Z,97.410004
2025-05-20T01:00:00Z,97.099998
2025-05-20T02:00:00Z,96.620003
2025-05-20T03:00:00Z,107.900002
2025-05-20T04:00:00Z,139.270004
2025-05-20T05:00:00Z,126
2025-05-20T06:00:00Z,100
2025-05-20T07:00:00Z,85.199997
2025-05-20T08:00:00Z,57.060001
2025-05-20T09:00:00Z,15.95
2025-05-20T10:00:00Z,0.17
2025-05-20T11:00:00Z,0.01
2025-05-20T12:00:00Z,0.09
2025-05-20T13:00:00Z,7.09
2025-05-20T14:00:00Z,48.360001
2025-05-20T15:00:00Z,74.959999
2025-05-20T16:00:00Z,101.190002
2025-05-20T17:00:00Z,128.479996
2025-05-20T18:00:00Z,171.830002
2025-05-20T19:00:00Z,137.050003
2025-05-20T20:00:00Z,111.760002
2025-05-20T21:00:00Z,84.75
2025-05-20T22:00:00Z,84.760002
2025-05-20T23:00:00Z,75.18
2025-05-21T00:00:00Z,64.339996
2025-05-21T01:00:00Z,40.549999
2025-05-21T02:00:00Z,37.16
2025-05-21T03:00:00Z,54.209999
2025-05-21T04:00:00Z,58.700001
2025-05-21T05:00:00Z,54.259998
2025-05-21T06:00:00Z,34.790001
2025-05-21T07:00:00Z,36.110001
2025-05-21T08:00:00Z,42.220001
2025-05-21T09:00:00Z,0.15
2025-05-21T10:00:00Z,1.5
2025-05-21T11:00:00Z,-0.01
2025-05-21T12:00:00Z,0.14
2025-05-21T13:00:00Z,0
2025-05-21T14:00:00Z,2.06
2025-05-21T15:00:00Z,49.080002
2025-05-21T16:00:00Z,50.32
2025-05-21T17:00:00Z,40.009998
2025-05-21T18:00:00Z,42.150002
2025-05-21T19:00:00Z,40.009998
2025-05-21T20:00:00Z,34
2025-05-21T21:00:00Z,30.690001
2025-05-21T22:00:00Z,5
2025-05-21T23:00:00Z,5.04
2025-05-22T00:00:00Z,7.38
2025-05-22T01:00:00Z,7.5
2025-05-22T02:00:00Z,5.02
2025-05-22T03:00:00Z,10.01
2025-05-22T04:00:00Z,14.24
2025-05-22T05:00:00Z,19.99
2025-05-22T06:00:00Z,31
2025-05-22T07:00:00Z,12.64
2025-05-22T08:00:00Z,1.66
2025-05-22T09:00:00Z,0.01
2025-05-22T10:00:00Z,-0.01
2025-05-22T11:00:00Z,-0.01
2025-05-22T12:00:00Z,-0.01
2025-05-22T13:00:00Z,-0.02
2025-05-22T14:00:00Z,-0.3
2025-05-22T15:00:00Z,-0.01
2025-05-22T16:00:00Z,50
2025-05-22T17:00:00Z,82.989998
2025-05-22T18:00:00Z,105
2025-05-22T19:00:00Z,127.25
2025-05-22T20:00:00Z,117.480003
2025-05-22T21:00:00Z,103.230003
2025-05-22T22:00:00Z,93.129997
2025-05-22T23:00:00Z,93.160004
2025-05-23T00:00:00Z,87.120003
2025-05-23T01:00:00Z,86.529999
2025-05-23T02:00:00Z,86.510002
2025-05-23T03:00:00Z,95.889999
2025-05-23T04:00:00Z,128.490005
2025-05-23T05:00:00Z,132.800003
2025-05-23T06:00:00Z,114.669998
2025-05-23T07:00:00Z,85.900002
2025-05-23T08:00:00Z,70
2025-05-23T09:00:00Z,54.049999
2025-05-23T10:00:00Z,13.44
2025-05-23T11:00:00Z,2.81
2025-05-23T12:00:00Z,3.13
2025-05-23T13:00:00Z,4.13
2025-05-23T14:00:00Z,25.33
2025-05-23T15:00:00Z,71.910004
2025-05-23T16:00:00Z,72.370003
2025-05-23T17:00:00Z,86.559998
2025-05-23T18:00:00Z,100
2025-05-23T19:00:00Z,115.18
2025-05-23T20:00:00Z,101.949997
2025-05-23T21:00:00Z,102.870003
2025-05-23T22:00:00Z,97.599998
2025-05-23T23:00:00Z,94.760002
2025-05-24T00:00:00Z,88.739998
2025-05-24T01:00:00Z,84.220001
2025-05-24T02:00:00Z,82.93
2025-05-24T03:00:00Z,80.709999
2025-05-24T04:00:00Z,82.07
2025-05-24T05:00:00Z,76.900002
2025-05-24T06:00:00Z,62.09
2025-05-24T07:00:00Z,12.26
2025-05-24T08:00:00Z,-0.01
2025-05-24T09:00:00Z,-0.09
2025-05-24T10:00:00Z,-0.12
2025-05-24T11:00:00Z,-0.16
2025-05-24T12:00:00Z,-0.05
2025-05-24T13:00:00Z,-0.03
2025-05-24T14:00:00Z,0.01
2025-05-24T15:00:00Z,48.669998
2025-05-24T16:00:00Z,85.339996
2025-05-24T17:00:00Z,109.080002
2025-05-24T18:00:00Z,111
2025-05-24T19:00:00Z,107.910004
2025-05-24T20:00:00Z,89.120003
2025-05-24T21:00:00Z,73.970001
2025-05-24T22:00:00Z,20.209999
2025-05-24T23:00:00Z,22.9
2025-05-25T00:00:00Z,14.39
2025-05-25T01:00:00Z,8.38
2025-05-25T02:00:00Z,3.9
2025-05-25T03:00:00Z,2.11
2025-05-25T04:00:00Z,1.17
2025-05-25T05:00:00Z,1.21
2025-05-25T06:00:00Z,0.03
2025-05-25T07:00:00Z,0
2025-05-25T08:00:00Z,-0.07
2025-05-25T09:00:00Z,-0.54
2025-05-25T10:00:00Z,-0.25
2025-05-25T11:00:00Z,-1.21
2025-05-25T12:00:00Z,-2.7
2025-05-25T13:00:00Z,-2.9
2025-05-25T14:00:00Z,-0.84
2025-05-25T15:00:00Z,0
2025-05-25T16:00:00Z,5.47
2025-05-25T17:00:00Z,20.01
2025-05-25T18:00:00Z,52.759998
2025-05-25T19:00:00Z,64.360001
2025-05-25T20:00:00Z,64.620003
2025-05-25T21:00:00Z,50.25
2025-05-25T22:00:00Z,45.779999
2025-05-25T23:00:00Z,44.029999
2025-05-26T00:00:00Z,58.040001
2025-05-26T01:00:00Z,42.82
2025-05-26T02:00:00Z,37.349998
2025-05-26T03:00:00Z,76
2025-05-26T04:00:00Z,98.870003
2025-05-26T05:00:00Z,59.939999
2025-05-26T06:00:00Z,34.880001
2025-05-26T07:00:00Z,13.3
2025-05-26T08:00:00Z,5
2025-05-26T09:00:00Z,0.05
2025-05-26T10:00:00Z,-0.4
2025-05-26T11:00:00Z,-1.45
2025-05-26T12:00:00Z,-1.18
2025-05-26T13:00:00Z,-0.82
2025-05-26T14:00:00Z,0
2025-05-26T15:00:00Z,10.67
2025-05-26T16:00:00Z,39.75
2025-05-26T17:00:00Z,106.050003
2025-05-26T18:00:00Z,131.910004
2025-05-26T19:00:00Z,146.759995
2025-05-26T20:00:00Z,112
2025-05-26T21:00:00Z,88.959999
2025-05-26T22:00:00Z,40.5
2025-05-26T23:00:00Z,20.5
2025-05-27T00:00:00Z,19.4
2025-05-27T01:00:00Z,14.99
2025-05-27T02:00:00Z,10.59
2025-05-27T03:00:00Z,4.24
2025-05-27T04:00:00Z,16.09
2025-05-27T05:00:00Z,20.01
2025-05-27T06:00:00Z,27.6
2025-05-27T07:00:00Z,20
2025-05-27T08:00:00Z,4.26
2025-05-27T09:00:00Z,3.19
2025-05-27T10:00:00Z,0.03
2025-05-27T11:00:00Z,0.02
2025-05-27T12:00:00Z,0.09
2025-05-27T13:00:00Z,3.14
2025-05-27T14:00:00Z,6.72
2025-05-27T15:00:00Z,43
2025-05-27T16:00:00Z,85.300003
2025-05-27T17:00:00Z,122.639999
2025-05-27T18:00:00Z,137.600006
2025-05-27T19:00:00Z,111.160004
2025-05-27T20:00:00Z,100.339996
2025-05-27T21:00:00Z,82.410004
2025-05-27T22:00:00Z,76.43
2025-05-27T23:00:00Z,69.010002
2025-05-28T00:00:00Z,67.389999
2025-05-28T01:00:00Z,61.009998
2025-05-28T02:00:00Z,65.190002
2025-05-28T03:00:00Z,72.519997
2025-05-28T04:00:00Z,92.849998
2025-05-28T05:00:00Z,100.089996
2025-05-28T06:00:00Z,95
2025-05-28T07:00:00Z,90
2025-05-28T08:00:00Z,76.480003
2025-05-28T09:00:00Z,71.459999
2025-05-28T10:00:00Z,65.669998
2025-05-28T11:00:00Z,58.029999
2025-05-28T12:00:00Z,53.209999
2025-05-28T13:00:00Z,42.099998
2025-05-28T14:00:00Z,67.279999
2025-05-28T15:00:00Z,83.699997
2025-05-28T16:00:00Z,94.989998
2025-05-28T17:00:00Z,110
2025-05-28T18:00:00Z,134.830002
2025-05-28T19:00:00Z,133.160004
2025-05-28T20:00:00Z,124.290001
2025-05-28T21:00:00Z,103.110001
2025-05-28T22:00:00Z,99.129997
2025-05-28T23:00:00Z,94.800003
2025-05-29T00:00:00Z,92.059998
2025-05-29T01:00:00Z,91.550003
2025-05-29T02:00:00Z,91.540001
2025-05-29T03:00:00Z,91.360001
2025-05-29T04:00:00Z,89.459999
2025-05-29T05:00:00Z,86.489998
2025-05-29T06:00:00Z,82.949997
2025-05-29T07:00:00Z,62.830002
2025-05-29T08:00:00Z,19.93
2025-05-29T09:00:00Z,2.04
2025-05-29T10:00:00Z,0.29
2025-05-29T11:00:00Z,0
2025-05-29T12:00:00Z,-0.2
2025-05-29T13:00:00Z,-0.13
2025-05-29T14:00:00Z,-1.09
2025-05-29T15:00:00Z,23.129999
2025-05-29T16:00:00Z,59.619999
2025-05-29T17:00:00Z,64.599998
2025-05-29T18:00:00Z,70.110001
2025-05-29T19:00:00Z,60
2025-05-29T20:00:00Z,49.23
2025-05-29T21:00:00Z,52.959999
2025-05-29T22:00:00Z,24.299999
2025-05-29T23:00:00Z,22.34
2025-05-30T00:00:00Z,20.200001
2025-05-30T01:00:00Z,18.700001
2025-05-30T02:00:00Z,14.79
2025-05-30T03:00:00Z,19.67
2025-05-30T04:00:00Z,36
2025-05-30T05:00:00Z,44.299999
2025-05-30T06:00:00Z,53.009998
2025-05-30T07:00:00Z,29.129999
2025-05-30T08:00:00Z,2.31
2025-05-30T09:00:00Z,0.83
2025-05-30T10:00:00Z,0.4
2025-05-30T11:00:00Z,-0.28
2025-05-30T12:00:00Z,-1.83
2025-05-30T13:00:00Z,-1.08
2025-05-30T14:00:00Z,-0.01
2025-05-30T15:00:00Z,5.88
2025-05-30T16:00:00Z,55.669998
2025-05-30T17:00:00Z,94.870003
2025-05-30T18:00:00Z,130.919998
2025-05-30T19:00:00Z,139.690002
2025-05-30T20:00:00Z,130.190002
2025-05-30T21:00:00Z,108.150002
2025-05-30T22:00:00Z,107
2025-05-30T23:00:00Z,97.699997
2025-05-31T00:00:00Z,94.809998
2025-05-31T01:00:00Z,93.629997
2025-05-31T02:00:00Z,94.129997
2025-05-31T03:00:00Z,92.580002
2025-05-31T04:00:00Z,94.790001
2025-05-31T05:00:00Z,84.610001
2025-05-31T06:00:00Z,55
2025-05-31T07:00:00Z,1
2025-05-31T08:00:00Z,-0.02
2025-05-31T09:00:00Z,-1
2025-05-31T10:00:00Z,-3.07
2025-05-31T11:00:00Z,-13.17
2025-05-31T12:00:00Z,-7.75
2025-05-31T13:00:00Z,-3
2025-05-31T14:00:00Z,-0.05
2025-05-31T15:00:00Z,41.400002
2025-05-31T16:00:00Z,88.849998
2025-05-31T17:00:00Z,131.410004
2025-05-31T18:00:00Z,192.350006
2025-05-31T19:00:00Z,192.369995
2025-05-31T20:00:00Z,133.490005
2025-05-31T21:00:00Z,102.059998
2025-05-31T22:00:00Z,92.529999
2025-05-31T23:00:00Z,85.220001
2025-06-01T00:00:00Z,77.129997
2025-06-01T01:00:00Z,74.089996
2025-06-01T02:00:00Z,72.660004
2025-06-01T03:00:00Z,66.110001
2025-06-01T04:00:00Z,35.84
2025-06-01T05:00:00Z,13
2025-06-01T06:00:00Z,2.4
2025-06-01T07:00:00Z,-0.01
2025-06-01T08:00:00Z,-0.6
2025-06-01T09:00:00Z,-2.11
2025-06-01T10:00:00Z,-5.48
2025-06-01T11:00:00Z,-10.87
2025-06-01T12:00:00Z,-16.09
2025-06-01T13:00:00Z,-15.61
2025-06-01T14:00:00Z,-6
2025-06-01T15:00:00Z,-0.99
2025-06-01T16:00:00Z,17
2025-06-01T17:00:00Z,60.099998
2025-06-01T18:00:00Z,83.099998
2025-06-01T19:00:00Z,86.699997
2025-06-01T20:00:00Z,92
2025-06-01T21:00:00Z,66.889999
2025-06-01T22:00:00Z,63.400002
2025-06-01T23:00:00Z,54.82
2025-06-02T00:00:00Z,51.630001
2025-06-02T01:00:00Z,55.290001
2025-06-02T02:00:00Z,58.830002
2025-06-02T03:00:00Z,78.300003
2025-06-02T04:00:00Z,96.5
2025-06-02T05:00:00Z,117.900002
2025-06-02T06:00:00Z,102.360001
2025-06-02T07:00:00Z,85.599998
2025-06-02T08:00:00Z,57.470001
2025-06-02T09:00:00Z,33.209999
2025-06-02T10:00:00Z,20
2025-06-02T11:00:00Z,12.78
2025-06-02T12:00:00Z,11
2025-06-02T13:00:00Z,19.75
2025-06-02T14:00:00Z,48.310001
2025-06-02T15:00:00Z,59.599998
2025-06-02T16:00:00Z,83.300003
2025-06-02T17:00:00Z,109.32
2025-06-02T18:00:00Z,164.690002
2025-06-02T19:00:00Z,231.25
2025-06-02T20:00:00Z,141.660004
2025-06-02T21:00:00Z,106.360001
2025-06-02T22:00:00Z,100.730003
2025-06-02T23:00:00Z,101.639999
2025-06-03T00:00:00Z,94.029999
2025-06-03T01:00:00Z,91.040001
2025-06-03T02:00:00Z,86.980003
2025-06-03T03:00:00Z,91.830002
2025-06-03T04:00:00Z,112.330002
2025-06-03T05:00:00Z,101.209999
2025-06-03T06:00:00Z,77.400002
2025-06-03T07:00:00Z,32.200001
2025-06-03T08:00:00Z,2
2025-06-03T09:00:00Z,-0.05
2025-06-03T10:00:00Z,-1.01
2025-06-03T11:00:00Z,-3
2025-06-03T12:00:00Z,-4.32
2025-06-03T13:00:00Z,-1.33
2025-06-03T14:00:00Z,0
2025-06-03T15:00:00Z,3.61
2025-06-03T16:00:00Z,44.200001
2025-06-03T17:00:00Z,72.489998
2025-06-03T18:00:00Z,109.010002
2025-06-03T19:00:00Z,95.199997
2025-06-03T20:00:00Z,95.809998
2025-06-03T21:00:00Z,86.300003
2025-06-03T22:00:00Z,71.269997
2025-06-03T23:00:00Z,62.77
2025-06-04T00:00:00Z,60.93
2025-06-04T01:00:00Z,59.400002
2025-06-04T02:00:00Z,60.52
2025-06-04T03:00:00Z,59.599998
2025-06-04T04:00:00Z,92.75
2025-06-04T05:00:00Z,99.089996
2025-06-04T06:00:00Z,112.400002
2025-06-04T07:00:00Z,79.080002
2025-06-04T08:00:00Z,70.68
2025-06-04T09:00:00Z,44.84
2025-06-04T10:00:00Z,20.120001
2025-06-04T11:00:00Z,9.69
2025-06-04T12:00:00Z,18.26
2025-06-04T13:00:00Z,34.610001
2025-06-04T14:00:00Z,46.91
2025-06-04T15:00:00Z,73.099998
2025-06-04T16:00:00Z,95
2025-06-04T17:00:00Z,108
2025-06-04T18:00:00Z,137.570007
2025-06-04T19:00:00Z,138.820007
2025-06-04T20:00:00Z,112.43
2025-06-04T21:00:00Z,94.080002
2025-06-04T22:00:00Z,95.82
2025-06-04T23:00:00Z,85.970001
2025-06-05T00:00:00Z,80.480003
2025-06-05T01:00:00Z,79.790001
2025-06-05T02:00:00Z,80.57
2025-06-05T03:00:00Z,81
2025-06-05T04:00:00Z,86.660004
2025-06-05T05:00:00Z,110.57
2025-06-05T06:00:00Z,112.779999
2025-06-05T07:00:00Z,83.029999
2025-06-05T08:00:00Z,65.010002
2025-06-05T09:00:00Z,46.18
2025-06-05T10:00:00Z,20
2025-06-05T11:00:00Z,11.03
2025-06-05T12:00:00Z,7.07
2025-06-05T13:00:00Z,19.870001
2025-06-05T14:00:00Z,57.5
2025-06-05T15:00:00Z,72.980003
2025-06-05T16:00:00Z,94.440002
2025-06-05T17:00:00Z,107.129997
2025-06-05T18:00:00Z,122.730003
2025-06-05T19:00:00Z,106.949997
2025-06-05T20:00:00Z,85.029999
2025-06-05T21:00:00Z,75.830002
2025-06-05T22:00:00Z,83.660004
2025-06-05T23:00:00Z,71.660004
2025-06-06T00:00:00Z,60.860001
2025-06-06T01:00:00Z,55.27
2025-06-06T02:00:00Z,52.779999
2025-06-06T03:00:00Z,63.700001
2025-06-06T04:00:00Z,67.019997
2025-06-06T05:00:00Z,74.43
2025-06-06T06:00:00Z,59.610001
2025-06-06T07:00:00Z,13.27
2025-06-06T08:00:00Z,3.99
2025-06-06T09:00:00Z,2.04
2025-06-06T10:00:00Z,1.5
2025-06-06T11:00:00Z,0.31
2025-06-06T12:00:00Z,-0.23
2025-06-06T13:00:00Z,-1.33
2025-06-06T14:00:00Z,-0.01
2025-06-06T15:00:00Z,0
2025-06-06T16:00:00Z,46.849998
2025-06-06T17:00:00Z,82.760002
2025-06-06T18:00:00Z,111.050003
2025-06-06T19:00:00Z,129.289993
2025-06-06T20:00:00Z,125.720001
2025-06-06T21:00:00Z,103.239998
2025-06-06T22:00:00Z,87.610001
2025-06-06T23:00:00Z,83.5
2025-06-07T00:00:00Z,78.019997
2025-06-07T01:00:00Z,81.889999
2025-06-07T02:00:00Z,82.269997
2025-06-07T03:00:00Z,81.989998
2025-06-07T04:00:00Z,85.470001
2025-06-07T05:00:00Z,86.739998
2025-06-07T06:00:00Z,79.860001
2025-06-07T07:00:00Z,65.300003
2025-06-07T08:00:00Z,30.530001
2025-06-07T09:00:00Z,9.44
2025-06-07T10:00:00Z,1.19
2025-06-07T11:00:00Z,-0.01
2025-06-07T12:00:00Z,-0.02
2025-06-07T13:00:00Z,-0.02
2025-06-07T14:00:00Z,-0.46
2025-06-07T15:00:00Z,26.91
2025-06-07T16:00:00Z,70.099998
2025-06-07T17:00:00Z,85.010002
2025-06-07T18:00:00Z,109.900002
2025-06-07T19:00:00Z,110.260002
2025-06-07T20:00:00Z,98.010002
2025-06-07T21:00:00Z,80.089996
2025-06-07T22:00:00Z,93.839996
2025-06-07T23:00:00Z,83
2025-06-08T00:00:00Z,76.860001
2025-06-08T01:00:00Z,69.739998
2025-06-08T02:00:00Z,67.019997
2025-06-08T03:00:00Z,55.66
2025-06-08T04:00:00Z,39.02
2025-06-08T05:00:00Z,3.71
2025-06-08T06:00:00Z,0
2025-06-08T07:00:00Z,-0.5
2025-06-08T08:00:00Z,-0.03
2025-06-08T09:00:00Z,-0.52
2025-06-08T10:00:00Z,0.31
2025-06-08T11:00:00Z,1
2025-06-08T12:00:00Z,0.97
2025-06-08T13:00:00Z,1.19
2025-06-08T14:00:00Z,1.67
2025-06-08T15:00:00Z,1.07
2025-06-08T16:00:00Z,0.35
2025-06-08T17:00:00Z,39.650002
2025-06-08T18:00:00Z,60.880001
2025-06-08T19:00:00Z,69.550003
2025-06-08T20:00:00Z,65.07
2025-06-08T21:00:00Z,51.130001
2025-06-08T22:00:00Z,4.8
2025-06-08T23:00:00Z,4.15
2025-06-09T00:00:00Z,4.19
2025-06-09T01:00:00Z,4.27
2025-06-09T02:00:00Z,13.42
2025-06-09T03:00:00Z,32.200001
2025-06-09T04:00:00Z,44.970001
2025-06-09T05:00:00Z,40.040001
2025-06-09T06:00:00Z,2.97
2025-06-09T07:00:00Z,0
2025-06-09T08:00:00Z,-0.14
2025-06-09T09:00:00Z,-0.8
2025-06-09T10:00:00Z,-0.31
2025-06-09T11:00:00Z,-3.87
2025-06-09T12:00:00Z,-5.09
2025-06-09T13:00:00Z,-4.01
2025-06-09T14:00:00Z,-1
2025-06-09T15:00:00Z,0.09
2025-06-09T16:00:00Z,69.540001
2025-06-09T17:00:00Z,112.989998
2025-06-09T18:00:00Z,141.399994
2025-06-09T19:00:00Z,148.419998
2025-06-09T20:00:00Z,126.519997
2025-06-09T21:00:00Z,101.190002
2025-06-09T22:00:00Z,86.650002
2025-06-09T23:00:00Z,78.07
2025-06-10T00:00:00Z,69.660004
2025-06-10T01:00:00Z,59.950001
2025-06-10T02:00:00Z,54.16
2025-06-10T03:00:00Z,62.18
2025-06-10T04:00:00Z,74.620003
2025-06-10T05:00:00Z,82.790001
2025-06-10T06:00:00Z,83.169998
2025-06-10T07:00:00Z,69
2025-06-10T08:00:00Z,22.709999
2025-06-10T09:00:00Z,24.25
2025-06-10T10:00:00Z,17.76
2025-06-10T11:00:00Z,15.84
2025-06-10T12:00:00Z,24.620001
2025-06-10T13:00:00Z,31.299999
2025-06-10T14:00:00Z,46.889999
2025-06-10T15:00:00Z,58.049999
2025-06-10T16:00:00Z,70.440002
2025-06-10T17:00:00Z,82.080002
2025-06-10T18:00:00Z,83.970001
2025-06-10T19:00:00Z,91.279999
2025-06-10T20:00:00Z,97.940002
2025-06-10T21:00:00Z,85.309998
2025-06-10T22:00:00Z,70.43
2025-06-10T23:00:00Z,69.400002
2025-06-11T00:00:00Z,68.690002
2025-06-11T01:00:00Z,69.25
2025-06-11T02:00:00Z,71.519997
2025-06-11T03:00:00Z,81.239998
2025-06-11T04:00:00Z,101.260002
2025-06-11T05:00:00Z,107.800003
2025-06-11T06:00:00Z,85.089996
2025-06-11T07:00:00Z,66.699997
2025-06-11T08:00:00Z,22.98
2025-06-11T09:00:00Z,1.3
2025-06-11T10:00:00Z,-0.13
2025-06-11T11:00:00Z,-0.08
2025-06-11T12:00:00Z,-1.93
2025-06-11T13:00:00Z,-1.42
2025-06-11T14:00:00Z,-0.01
2025-06-11T15:00:00Z,66.470001
2025-06-11T16:00:00Z,89.339996
2025-06-11T17:00:00Z,130.320007
2025-06-11T18:00:00Z,208.380005
2025-06-11T19:00:00Z,180
2025-06-11T20:00:00Z,119.339996
2025-06-11T21:00:00Z,94.07
2025-06-11T22:00:00Z,92.910004
2025-06-11T23:00:00Z,87.699997
2025-06-12T00:00:00Z,82.220001
2025-06-12T01:00:00Z,84.849998
2025-06-12T02:00:00Z,89.059998
2025-06-12T03:00:00Z,92
2025-06-12T04:00:00Z,114.849998
2025-06-12T05:00:00Z,104.300003
2025-06-12T06:00:00Z,78.860001
2025-06-12T07:00:00Z,36.09
2025-06-12T08:00:00Z,0
2025-06-12T09:00:00Z,0.4
2025-06-12T10:00:00Z,0
2025-06-12T11:00:00Z,0.76
2025-06-12T12:00:00Z,1.15
2025-06-12T13:00:00Z,2.01
2025-06-12T14:00:00Z,-2.65
2025-06-12T15:00:00Z,14.9
2025-06-12T16:00:00Z,79.959999
2025-06-12T17:00:00Z,112.389999
2025-06-12T18:00:00Z,132
2025-06-12T19:00:00Z,111
2025-06-12T20:00:00Z,105
2025-06-12T21:00:00Z,86.900002
2025-06-12T22:00:00Z,60.049999
2025-06-12T23:00:00Z,55.25
2025-06-13T00:00:00Z,58.610001
2025-06-13T01:00:00Z,61.790001
2025-06-13T02:00:00Z,62.93
2025-06-13T03:00:00Z,70.709999
2025-06-13T04:00:00Z,83.68
2025-06-13T05:00:00Z,86.419998
2025-06-13T06:00:00Z,76.330002
2025-06-13T07:00:00Z,40.029999
2025-06-13T08:00:00Z,4.1
2025-06-13T09:00:00Z,0.69
2025-06-13T10:00:00Z,-0.08
2025-06-13T11:00:00Z,-0.28
2025-06-13T12:00:00Z,-0.47
2025-06-13T13:00:00Z,-0.06
2025-06-13T14:00:00Z,-0.01
2025-06-13T15:00:00Z,35.900002
2025-06-13T16:00:00Z,77.57
2025-06-13T17:00:00Z,100
2025-06-13T18:00:00Z,109.199997
2025-06-13T19:00:00Z,93.290001
2025-06-13T20:00:00Z,78.769997
2025-06-13T21:00:00Z,70.410004
2025-06-13T22:00:00Z,73.989998
2025-06-13T23:00:00Z,71.199997
2025-06-14T00:00:00Z,66.150002
2025-06-14T01:00:00Z,66.879997
2025-06-14T02:00:00Z,68.059998
2025-06-14T03:00:00Z,64.519997
2025-06-14T04:00:00Z,54.68
2025-06-14T05:00:00Z,20.299999
2025-06-14T06:00:00Z,7.74
2025-06-14T07:00:00Z,0
2025-06-14T08:00:00Z,-0.81
2025-06-14T09:00:00Z,-5.1
2025-06-14T10:00:00Z,-14.56
2025-06-14T11:00:00Z,-19.5
2025-06-14T12:00:00Z,-21.4
2025-06-14T13:00:00Z,-6.7
2025-06-14T14:00:00Z,-0.37
2025-06-14T15:00:00Z,8.86
2025-06-14T16:00:00Z,72.389999
2025-06-14T17:00:00Z,105
2025-06-14T18:00:00Z,119
2025-06-14T19:00:00Z,117.309998
2025-06-14T20:00:00Z,120.099998
2025-06-14T21:00:00Z,109
2025-06-14T22:00:00Z,91.93
2025-06-14T23:00:00Z,88.870003
2025-06-15T00:00:00Z,87.230003
2025-06-15T01:00:00Z,90.940002
2025-06-15T02:00:00Z,91.989998
2025-06-15T03:00:00Z,92.150002
2025-06-15T04:00:00Z,84.989998
2025-06-15T05:00:00Z,66.209999
2025-06-15T06:00:00Z,53.860001
2025-06-15T07:00:00Z,5.55
2025-06-15T08:00:00Z,0
2025-06-15T09:00:00Z,-0.02
2025-06-15T10:00:00Z,-1.22
2025-06-15T11:00:00Z,-5.61
2025-06-15T12:00:00Z,-3.28
2025-06-15T13:00:00Z,-1.08
2025-06-15T14:00:00Z,-0.01
2025-06-15T15:00:00Z,54.790001
2025-06-15T16:00:00Z,96.43
2025-06-15T17:00:00Z,109
2025-06-15T18:00:00Z,114.589996
2025-06-15T19:00:00Z,135.429993
2025-06-15T20:00:00Z,127.629997
2025-06-15T21:00:00Z,106.540001
2025-06-15T22:00:00Z,105.720001
2025-06-15T23:00:00Z,91.639999
2025-06-16T00:00:00Z,86.940002
2025-06-16T01:00:00Z,84
2025-06-16T02:00:00Z,83.209999
2025-06-16T03:00:00Z,88.389999
2025-06-16T04:00:00Z,103.019997
2025-06-16T05:00:00Z,123.489998
2025-06-16T06:00:00Z,108.919998
2025-06-16T07:00:00Z,84.489998
2025-06-16T08:00:00Z,60.279999
2025-06-16T09:00:00Z,14.02
2025-06-16T10:00:00Z,1.62
2025-06-16T11:00:00Z,0.07
2025-06-16T12:00:00Z,0
2025-06-16T13:00:00Z,0
2025-06-16T14:00:00Z,13.61
2025-06-16T15:00:00Z,69.080002
2025-06-16T16:00:00Z,85
2025-06-16T17:00:00Z,116
2025-06-16T18:00:00Z,118.860001
2025-06-16T19:00:00Z,126.879997
2025-06-16T20:00:00Z,104.110001
2025-06-16T21:00:00Z,91.349998
2025-06-16T22:00:00Z,103.980003
2025-06-16T23:00:00Z,91.839996
2025-06-17T00:00:00Z,82.419998
2025-06-17T01:00:00Z,78.389999
2025-06-17T02:00:00Z,80.519997
2025-06-17T03:00:00Z,83.019997
2025-06-17T04:00:00Z,117
2025-06-17T05:00:00Z,107.010002
2025-06-17T06:00:00Z,98.589996
2025-06-17T07:00:00Z,70.739998
2025-06-17T08:00:00Z,4.34
2025-06-17T09:00:00Z,-0.36
2025-06-17T10:00:00Z,-0.54
2025-06-17T11:00:00Z,-2.36
2025-06-17T12:00:00Z,-2.51
2025-06-17T13:00:00Z,-2.56
2025-06-17T14:00:00Z,8.65
2025-06-17T15:00:00Z,79.230003
2025-06-17T16:00:00Z,103.360001
2025-06-17T17:00:00Z,124.010002
2025-06-17T18:00:00Z,154.330002
2025-06-17T19:00:00Z,147.039993
2025-06-17T20:00:00Z,138.190002
2025-06-17T21:00:00Z,116.360001
2025-06-17T22:00:00Z,113
2025-06-17T23:00:00Z,106.800003
2025-06-18T00:00:00Z,101.5
2025-06-18T01:00:00Z,95.839996
2025-06-18T02:00:00Z,97.010002
2025-06-18T03:00:00Z,94.120003
2025-06-18T04:00:00Z,112.349998
2025-06-18T05:00:00Z,114.900002
2025-06-18T06:00:00Z,111.389999
2025-06-18T07:00:00Z,78.970001
2025-06-18T08:00:00Z,21.77
2025-06-18T09:00:00Z,1.17
2025-06-18T10:00:00Z,-0.12
2025-06-18T11:00:00Z,-0.27
2025-06-18T12:00:00Z,-0.21
2025-06-18T13:00:00Z,-0.3
2025-06-18T14:00:00Z,0.99
2025-06-18T15:00:00Z,52.16
2025-06-18T16:00:00Z,68.900002
2025-06-18T17:00:00Z,88.959999
2025-06-18T18:00:00Z,120.400002
2025-06-18T19:00:00Z,115.68
2025-06-18T20:00:00Z,109.550003
2025-06-18T21:00:00Z,87.559998
2025-06-18T22:00:00Z,111.790001
2025-06-18T23:00:00Z,95.169998
2025-06-19T00:00:00Z,100.169998
2025-06-19T01:00:00Z,87.290001
2025-06-19T02:00:00Z,70.230003
2025-06-19T03:00:00Z,74.349998
2025-06-19T04:00:00Z,78.989998
2025-06-19T05:00:00Z,72.510002
2025-06-19T06:00:00Z,50
2025-06-19T07:00:00Z,0.86
2025-06-19T08:00:00Z,-1.33
2025-06-19T09:00:00Z,-8.27
2025-06-19T10:00:00Z,-5.36
2025-06-19T11:00:00Z,-4.97
2025-06-19T12:00:00Z,-5.09
2025-06-19T13:00:00Z,-6
2025-06-19T14:00:00Z,-4.95
2025-06-19T15:00:00Z,2.3
2025-06-19T16:00:00Z,80.330002
2025-06-19T17:00:00Z,118.470001
2025-06-19T18:00:00Z,138.850006
2025-06-19T19:00:00Z,141.800003
2025-06-19T20:00:00Z,129.660004
2025-06-19T21:00:00Z,108.889999
2025-06-19T22:00:00Z,109.010002
2025-06-19T23:00:00Z,104.57
2025-06-20T00:00:00Z,100.559998
2025-06-20T01:00:00Z,104
2025-06-20T02:00:00Z,99.480003
2025-06-20T03:00:00Z,109.040001
2025-06-20T04:00:00Z,120.900002
2025-06-20T05:00:00Z,118.660004
2025-06-20T06:00:00Z,110.980003
2025-06-20T07:00:00Z,81.690002
2025-06-20T08:00:00Z,15.83
2025-06-20T09:00:00Z,4.03
2025-06-20T10:00:00Z,0.52
2025-06-20T11:00:00Z,-0.2
2025-06-20T12:00:00Z,-0.08
2025-06-20T13:00:00Z,0.91
2025-06-20T14:00:00Z,28.99
2025-06-20T15:00:00Z,87.349998
2025-06-20T16:00:00Z,111.010002
2025-06-20T17:00:00Z,135.619995
2025-06-20T18:00:00Z,197.270004
2025-06-20T19:00:00Z,178.630005
2025-06-20T20:00:00Z,137.050003
2025-06-20T21:00:00Z,121.379997
2025-06-20T22:00:00Z,118.519997
2025-06-20T23:00:00Z,110.480003
2025-06-21T00:00:00Z,108.150002
2025-06-21T01:00:00Z,106.760002
2025-06-21T02:00:00Z,109.099998
2025-06-21T03:00:00Z,104.449997
2025-06-21T04:00:00Z,100.709999
2025-06-21T05:00:00Z,90.739998
2025-06-21T06:00:00Z,75.93
2025-06-21T07:00:00Z,23.4
2025-06-21T08:00:00Z,0.19
2025-06-21T09:00:00Z,-2.01
2025-06-21T10:00:00Z,-12.4
2025-06-21T11:00:00Z,-26.059999
2025-06-21T12:00:00Z,-26.309999
2025-06-21T13:00:00Z,-4.42
2025-06-21T14:00:00Z,0.09
2025-06-21T15:00:00Z,59.990002
2025-06-21T16:00:00Z,100.949997
2025-06-21T17:00:00Z,127.900002
2025-06-21T18:00:00Z,156.740005
2025-06-21T19:00:00Z,165.300003
2025-06-21T20:00:00Z,140.779999
2025-06-21T21:00:00Z,119.199997
2025-06-21T22:00:00Z,108.150002
2025-06-21T23:00:00Z,101.07
2025-06-22T00:00:00Z,97.459999
2025-06-22T01:00:00Z,92.120003
2025-06-22T02:00:00Z,87.910004
2025-06-22T03:00:00Z,80.080002
2025-06-22T04:00:00Z,67.559998
2025-06-22T05:00:00Z,26.440001
2025-06-22T06:00:00Z,0
2025-06-22T07:00:00Z,-0.09
2025-06-22T08:00:00Z,-8.56
2025-06-22T09:00:00Z,-15.04
2025-06-22T10:00:00Z,-6
2025-06-22T11:00:00Z,-6.05
2025-06-22T12:00:00Z,-9.73
2025-06-22T13:00:00Z,-6.78
2025-06-22T14:00:00Z,-7.56
2025-06-22T15:00:00Z,-0.01
2025-06-22T16:00:00Z,54.290001
2025-06-22T17:00:00Z,91.239998
2025-06-22T18:00:00Z,108.57
2025-06-22T19:00:00Z,125.339996
2025-06-22T20:00:00Z,124.25
2025-06-22T21:00:00Z,101.629997
2025-06-22T22:00:00Z,53.5
2025-06-22T23:00:00Z,47.099998
2025-06-23T00:00:00Z,37.349998
2025-06-23T01:00:00Z,37.959999
2025-06-23T02:00:00Z,43.580002
2025-06-23T03:00:00Z,43.959999
2025-06-23T04:00:00Z,62.689999
2025-06-23T05:00:00Z,49.59
2025-06-23T06:00:00Z,60.400002
2025-06-23T07:00:00Z,18.639999
2025-06-23T08:00:00Z,-0.01
2025-06-23T09:00:00Z,-3.67
2025-06-23T10:00:00Z,-1.15
2025-06-23T11:00:00Z,-4.29
2025-06-23T12:00:00Z,-3.41
2025-06-23T13:00:00Z,-4.29
2025-06-23T14:00:00Z,-2.01
2025-06-23T15:00:00Z,-4.99
2025-06-23T16:00:00Z,-1.01
2025-06-23T17:00:00Z,20
2025-06-23T18:00:00Z,19.91
2025-06-23T19:00:00Z,42.490002
2025-06-23T20:00:00Z,48.860001
2025-06-23T21:00:00Z,46.389999
2025-06-23T22:00:00Z,3.11
2025-06-23T23:00:00Z,4.26
2025-06-24T00:00:00Z,4.22
2025-06-24T01:00:00Z,4.24
2025-06-24T02:00:00Z,6.69
2025-06-24T03:00:00Z,4.47
2025-06-24T04:00:00Z,5.91
2025-06-24T05:00:00Z,40.130001
2025-06-24T06:00:00Z,40.48
2025-06-24T07:00:00Z,-0.01
2025-06-24T08:00:00Z,-0.01
2025-06-24T09:00:00Z,-0.39
2025-06-24T10:00:00Z,-1.97
2025-06-24T11:00:00Z,-2.68
2025-06-24T12:00:00Z,-2.02
2025-06-24T13:00:00Z,-1.95
2025-06-24T14:00:00Z,-0.44
2025-06-24T15:00:00Z,2.09
2025-06-24T16:00:00Z,61.77
2025-06-24T17:00:00Z,75.290001
2025-06-24T18:00:00Z,90.050003
2025-06-24T19:00:00Z,92.669998
2025-06-24T20:00:00Z,85.029999
2025-06-24T21:00:00Z,71.489998
2025-06-24T22:00:00Z,54.59
2025-06-24T23:00:00Z,51.16
2025-06-25T00:00:00Z,51.02
2025-06-25T01:00:00Z,57.110001
2025-06-25T02:00:00Z,54.150002
2025-06-25T03:00:00Z,62.959999
2025-06-25T04:00:00Z,70.010002
2025-06-25T05:00:00Z,59.490002
2025-06-25T06:00:00Z,43.209999
2025-06-25T07:00:00Z,27.639999
2025-06-25T08:00:00Z,10
2025-06-25T09:00:00Z,2.05
2025-06-25T10:00:00Z,1.34
2025-06-25T11:00:00Z,0
2025-06-25T12:00:00Z,0.27
2025-06-25T13:00:00Z,0
2025-06-25T14:00:00Z,17.84
2025-06-25T15:00:00Z,39.279999
2025-06-25T16:00:00Z,105.800003
2025-06-25T17:00:00Z,134.190002
2025-06-25T18:00:00Z,200
2025-06-25T19:00:00Z,247.020004
2025-06-25T20:00:00Z,173.619995
2025-06-25T21:00:00Z,126.839996
2025-06-25T22:00:00Z,119.949997
2025-06-25T23:00:00Z,107.629997
2025-06-26T00:00:00Z,102.830002
2025-06-26T01:00:00Z,98.620003
2025-06-26T02:00:00Z,98.790001
2025-06-26T03:00:00Z,102.910004
2025-06-26T04:00:00Z,119.900002
2025-06-26T05:00:00Z,120.910004
2025-06-26T06:00:00Z,106.790001
2025-06-26T07:00:00Z,96.449997
2025-06-26T08:00:00Z,88.949997
2025-06-26T09:00:00Z,77.879997
2025-06-26T10:00:00Z,70.25
2025-06-26T11:00:00Z,59.25
2025-06-26T12:00:00Z,51.119999
2025-06-26T13:00:00Z,48.990002
2025-06-26T14:00:00Z,63.040001
2025-06-26T15:00:00Z,70.300003
2025-06-26T16:00:00Z,89.230003
2025-06-26T17:00:00Z,93.949997
2025-06-26T18:00:00Z,99.139999
2025-06-26T19:00:00Z,100
2025-06-26T20:00:00Z,108.639999
2025-06-26T21:00:00Z,97.230003
2025-06-26T22:00:00Z,79.089996
2025-06-26T23:00:00Z,65.199997
2025-06-27T00:00:00Z,58.950001
2025-06-27T01:00:00Z,54.970001
2025-06-27T02:00:00Z,50.540001
2025-06-27T03:00:00Z,49.450001
2025-06-27T04:00:00Z,57.27
2025-06-27T05:00:00Z,63.189999
2025-06-27T06:00:00Z,63.810001
2025-06-27T07:00:00Z,4.07
2025-06-27T08:00:00Z,4.02
2025-06-27T09:00:00Z,9.99
2025-06-27T10:00:00Z,4.28
2025-06-27T11:00:00Z,3.18
2025-06-27T12:00:00Z,3.15
2025-06-27T13:00:00Z,2.38
2025-06-27T14:00:00Z,4.01
2025-06-27T15:00:00Z,5.75
2025-06-27T16:00:00Z,29.690001
2025-06-27T17:00:00Z,69.43
2025-06-27T18:00:00Z,114.010002
2025-06-27T19:00:00Z,122.400002
2025-06-27T20:00:00Z,119.080002
2025-06-27T21:00:00Z,100.199997
2025-06-27T22:00:00Z,84.650002
2025-06-27T23:00:00Z,65.269997
2025-06-28T00:00:00Z,55.91
2025-06-28T01:00:00Z,38.700001
2025-06-28T02:00:00Z,33
2025-06-28T03:00:00Z,25.610001
2025-06-28T04:00:00Z,28.09
2025-06-28T05:00:00Z,34
2025-06-28T06:00:00Z,27.799999
2025-06-28T07:00:00Z,2.34
2025-06-28T08:00:00Z,0.01
2025-06-28T09:00:00Z,-0.01
2025-06-28T10:00:00Z,-0.57
2025-06-28T11:00:00Z,-1.99
2025-06-28T12:00:00Z,-2.23
2025-06-28T13:00:00Z,-1.01
2025-06-28T14:00:00Z,-1
2025-06-28T15:00:00Z,2.97
2025-06-28T16:00:00Z,25.98
2025-06-28T17:00:00Z,53.549999
2025-06-28T18:00:00Z,78.029999
2025-06-28T19:00:00Z,101.160004
2025-06-28T20:00:00Z,86.099998
2025-06-28T21:00:00Z,79.139999
2025-06-28T22:00:00Z,16.77
2025-06-28T23:00:00Z,43.389999
2025-06-29T00:00:00Z,59.540001
2025-06-29T01:00:00Z,58.869999
2025-06-29T02:00:00Z,57.580002
2025-06-29T03:00:00Z,60.919998
2025-06-29T04:00:00Z,70
2025-06-29T05:00:00Z,65.889999
2025-06-29T06:00:00Z,45.23
2025-06-29T07:00:00Z,1.99
2025-06-29T08:00:00Z,0
2025-06-29T09:00:00Z,-0.26
2025-06-29T10:00:00Z,-5.4
2025-06-29T11:00:00Z,-20.1
2025-06-29T12:00:00Z,-24.01
2025-06-29T13:00:00Z,-15.45
2025-06-29T14:00:00Z,-2.69
2025-06-29T15:00:00Z,0.01
2025-06-29T16:00:00Z,15.9
2025-06-29T17:00:00Z,59.700001
2025-06-29T18:00:00Z,105.660004
2025-06-29T19:00:00Z,117.43
2025-06-29T20:00:00Z,112.059998
2025-06-29T21:00:00Z,101
2025-06-29T22:00:00Z,87.599998
2025-06-29T23:00:00Z,79.599998
2025-06-30T00:00:00Z,83
2025-06-30T01:00:00Z,84.129997
2025-06-30T02:00:00Z,83.519997
2025-06-30T03:00:00Z,83.040001
2025-06-30T04:00:00Z,86.5
2025-06-30T05:00:00Z,111.519997
2025-06-30T06:00:00Z,108.519997
2025-06-30T07:00:00Z,91.769997
2025-06-30T08:00:00Z,74.650002
2025-06-30T09:00:00Z,43.73
2025-06-30T10:00:00Z,19.049999
2025-06-30T11:00:00Z,9.96
2025-06-30T12:00:00Z,19.65
2025-06-30T13:00:00Z,60
2025-06-30T14:00:00Z,80.5
2025-06-30T15:00:00Z,91.980003
2025-06-30T16:00:00Z,110.010002
2025-06-30T17:00:00Z,178.940002
2025-06-30T18:00:00Z,288.970001
2025-06-30T19:00:00Z,233.350006
2025-06-30T20:00:00Z,157
2025-06-30T21:00:00Z,122.650002
2025-06-30T22:00:00Z,111.279999
2025-06-30T23:00:00Z,95.290001
2025-07-01T00:00:00Z,89.099998
2025-07-01T01:00:00Z,88.059998
2025-07-01T02:00:00Z,90.010002
2025-07-01T03:00:00Z,96.5
2025-07-01T04:00:00Z,112.900002
2025-07-01T05:00:00Z,120.099998
2025-07-01T06:00:00Z,114.720001
2025-07-01T07:00:00Z,91.190002
2025-07-01T08:00:00Z,84.309998
2025-07-01T09:00:00Z,69.559998
2025-07-01T10:00:00Z,44.540001
2025-07-01T11:00:00Z,42.470001
2025-07-01T12:00:00Z,57.650002
2025-07-01T13:00:00Z,78.139999
2025-07-01T14:00:00Z,90.800003
2025-07-01T15:00:00Z,102.019997
2025-07-01T16:00:00Z,152.080002
2025-07-01T17:00:00Z,307.269989
2025-07-01T18:00:00Z,476.190002
2025-07-01T19:00:00Z,406.809998
2025-07-01T20:00:00Z,250.009995
2025-07-01T21:00:00Z,147.649994
2025-07-01T22:00:00Z,119.290001
2025-07-01T23:00:00Z,102.699997
2025-07-02T00:00:00Z,92.540001
2025-07-02T01:00:00Z,92.080002
2025-07-02T02:00:00Z,91.709999
2025-07-02T03:00:00Z,100.550003
2025-07-02T04:00:00Z,116.43
2025-07-02T05:00:00Z,110.419998
2025-07-02T06:00:00Z,104.519997
2025-07-02T07:00:00Z,92.489998
2025-07-02T08:00:00Z,81.059998
2025-07-02T09:00:00Z,69.93
2025-07-02T10:00:00Z,36.119999
2025-07-02T11:00:00Z,32.59
2025-07-02T12:00:00Z,46.610001
2025-07-02T13:00:00Z,71.489998
2025-07-02T14:00:00Z,79.599998
2025-07-02T15:00:00Z,89.269997
2025-07-02T16:00:00Z,113.989998
2025-07-02T17:00:00Z,186.009995
2025-07-02T18:00:00Z,240.070007
2025-07-02T19:00:00Z,180.210007
2025-07-02T20:00:00Z,134.929993
2025-07-02T21:00:00Z,108.5
2025-07-02T22:00:00Z,83.489998
2025-07-02T23:00:00Z,80.910004
2025-07-03T00:00:00Z,62.950001
2025-07-03T01:00:00Z,44.080002
2025-07-03T02:00:00Z,33.189999
2025-07-03T03:00:00Z,13.58
2025-07-03T04:00:00Z,4.08
2025-07-03T05:00:00Z,2.58
2025-07-03T06:00:00Z,2.3
2025-07-03T07:00:00Z,0
2025-07-03T08:00:00Z,-0.01
2025-07-03T09:00:00Z,0
2025-07-03T10:00:00Z,0.02
2025-07-03T11:00:00Z,0.06
2025-07-03T12:00:00Z,0
2025-07-03T13:00:00Z,0.05
2025-07-03T14:00:00Z,2.03
2025-07-03T15:00:00Z,3.16
2025-07-03T16:00:00Z,4.21
2025-07-03T17:00:00Z,74
2025-07-03T18:00:00Z,131.050003
2025-07-03T19:00:00Z,151.100006
2025-07-03T20:00:00Z,133.300003
2025-07-03T21:00:00Z,117.029999
2025-07-03T22:00:00Z,109.07
2025-07-03T23:00:00Z,103.459999
2025-07-04T00:00:00Z,99.980003
2025-07-04T01:00:00Z,96.379997
2025-07-04T02:00:00Z,95.010002
2025-07-04T03:00:00Z,87.330002
2025-07-04T04:00:00Z,96.699997
2025-07-04T05:00:00Z,111.290001
2025-07-04T06:00:00Z,100
2025-07-04T07:00:00Z,81.93
2025-07-04T08:00:00Z,54.189999
2025-07-04T09:00:00Z,6.69
2025-07-04T10:00:00Z,-0.05
2025-07-04T11:00:00Z,-1.56
2025-07-04T12:00:00Z,-1.37
2025-07-04T13:00:00Z,-0.61
2025-07-04T14:00:00Z,2.39
2025-07-04T15:00:00Z,39.919998
2025-07-04T16:00:00Z,74.57
2025-07-04T17:00:00Z,90.82
2025-07-04T18:00:00Z,91.529999
2025-07-04T19:00:00Z,96.760002
2025-07-04T20:00:00Z,107.830002
2025-07-04T21:00:00Z,92.239998
2025-07-04T22:00:00Z,57.130001
2025-07-04T23:00:00Z,44.200001
2025-07-05T00:00:00Z,25.040001
2025-07-05T01:00:00Z,21.059999
2025-07-05T02:00:00Z,13
2025-07-05T03:00:00Z,8.7
2025-07-05T04:00:00Z,11.9
2025-07-05T05:00:00Z,25.16
2025-07-05T06:00:00Z,17.860001
2025-07-05T07:00:00Z,3.34
2025-07-05T08:00:00Z,0.66
2025-07-05T09:00:00Z,0.55
2025-07-05T10:00:00Z,-0.08
2025-07-05T11:00:00Z,-0.54
2025-07-05T12:00:00Z,-1.49
2025-07-05T13:00:00Z,-0.9
2025-07-05T14:00:00Z,-2
2025-07-05T15:00:00Z,0
2025-07-05T16:00:00Z,28
2025-07-05T17:00:00Z,51.290001
2025-07-05T18:00:00Z,79.480003
2025-07-05T19:00:00Z,105.360001
2025-07-05T20:00:00Z,112.269997
2025-07-05T21:00:00Z,107.230003
2025-07-05T22:00:00Z,80.029999
2025-07-05T23:00:00Z,70
2025-07-06T00:00:00Z,73.919998
2025-07-06T01:00:00Z,74.129997
2025-07-06T02:00:00Z,73.489998
2025-07-06T03:00:00Z,79.669998
2025-07-06T04:00:00Z,78.459999
2025-07-06T05:00:00Z,77.57
2025-07-06T06:00:00Z,70.57
2025-07-06T07:00:00Z,38.810001
2025-07-06T08:00:00Z,19.209999
2025-07-06T09:00:00Z,13.19
2025-07-06T10:00:00Z,10.26
2025-07-06T11:00:00Z,5.85
2025-07-06T12:00:00Z,11.2
2025-07-06T13:00:00Z,50.57
2025-07-06T14:00:00Z,70.769997
2025-07-06T15:00:00Z,100.290001
2025-07-06T16:00:00Z,107.370003
2025-07-06T17:00:00Z,112.160004
2025-07-06T18:00:00Z,120.32
2025-07-06T19:00:00Z,125.040001
2025-07-06T20:00:00Z,122.209999
2025-07-06T21:00:00Z,110.779999
2025-07-06T22:00:00Z,118.839996
2025-07-06T23:00:00Z,107.419998
2025-07-07T00:00:00Z,101.919998
2025-07-07T01:00:00Z,99.120003
2025-07-07T02:00:00Z,101
2025-07-07T03:00:00Z,100.900002
2025-07-07T04:00:00Z,125.120003
2025-07-07T05:00:00Z,131.009995
2025-07-07T06:00:00Z,146.639999
2025-07-07T07:00:00Z,131.990005
2025-07-07T08:00:00Z,108.639999
2025-07-07T09:00:00Z,92.370003
2025-07-07T10:00:00Z,78.720001
2025-07-07T11:00:00Z,61.07
2025-07-07T12:00:00Z,52.610001
2025-07-07T13:00:00Z,50.669998
2025-07-07T14:00:00Z,45.950001
2025-07-07T15:00:00Z,60.310001
2025-07-07T16:00:00Z,77.980003
2025-07-07T17:00:00Z,92.269997
2025-07-07T18:00:00Z,97.279999
2025-07-07T19:00:00Z,109.919998
2025-07-07T20:00:00Z,110.089996
2025-07-07T21:00:00Z,87.300003
2025-07-07T22:00:00Z,103.830002
2025-07-07T23:00:00Z,92.900002
2025-07-08T00:00:00Z,81.489998
2025-07-08T01:00:00Z,84.779999
2025-07-08T02:00:00Z,85.370003
2025-07-08T03:00:00Z,91.139999
2025-07-08T04:00:00Z,107.989998
2025-07-08T05:00:00Z,118.650002
2025-07-08T06:00:00Z,117.760002
2025-07-08T07:00:00Z,94.059998
2025-07-08T08:00:00Z,81.779999
2025-07-08T09:00:00Z,78.440002
2025-07-08T10:00:00Z,60.150002
2025-07-08T11:00:00Z,54.720001
2025-07-08T12:00:00Z,53.040001
2025-07-08T13:00:00Z,54.650002
2025-07-08T14:00:00Z,65.199997
2025-07-08T15:00:00Z,79.980003
2025-07-08T16:00:00Z,83.919998
2025-07-08T17:00:00Z,102.099998
2025-07-08T18:00:00Z,122.769997
2025-07-08T19:00:00Z,123.339996
2025-07-08T20:00:00Z,116.650002
2025-07-08T21:00:00Z,100.949997
2025-07-08T22:00:00Z,97.150002
2025-07-08T23:00:00Z,86.849998
2025-07-09T00:00:00Z,83.860001
2025-07-09T01:00:00Z,84.650002
2025-07-09T02:00:00Z,85.099998
2025-07-09T03:00:00Z,96.150002
2025-07-09T04:00:00Z,113.660004
2025-07-09T05:00:00Z,116.459999
2025-07-09T06:00:00Z,113.589996
2025-07-09T07:00:00Z,95.660004
2025-07-09T08:00:00Z,84.68
2025-07-09T09:00:00Z,77.769997
2025-07-09T10:00:00Z,65.669998
2025-07-09T11:00:00Z,46.689999
2025-07-09T12:00:00Z,37.779999
2025-07-09T13:00:00Z,48.32
2025-07-09T14:00:00Z,71.129997
2025-07-09T15:00:00Z,84.730003
2025-07-09T16:00:00Z,99.010002
2025-07-09T17:00:00Z,115.980003
2025-07-09T18:00:00Z,135.339996
2025-07-09T19:00:00Z,138.240005
2025-07-09T20:00:00Z,119.790001
2025-07-09T21:00:00Z,104.900002
2025-07-09T22:00:00Z,100.910004
2025-07-09T23:00:00Z,95.730003
2025-07-10T00:00:00Z,89.099998
2025-07-10T01:00:00Z,86.449997
2025-07-10T02:00:00Z,87.970001
2025-07-10T03:00:00Z,98.620003
2025-07-10T04:00:00Z,107.610001
2025-07-10T05:00:00Z,107.230003
2025-07-10T06:00:00Z,105.349998
2025-07-10T07:00:00Z,88.900002
2025-07-10T08:00:00Z,82
2025-07-10T09:00:00Z,65.330002
2025-07-10T10:00:00Z,45.220001
2025-07-10T11:00:00Z,39.509998
2025-07-10T12:00:00Z,39.549999
2025-07-10T13:00:00Z,56.709999
2025-07-10T14:00:00Z,76.800003
2025-07-10T15:00:00Z,86.400002
2025-07-10T16:00:00Z,100.199997
2025-07-10T17:00:00Z,114.389999
2025-07-10T18:00:00Z,134.669998
2025-07-10T19:00:00Z,132.699997
2025-07-10T20:00:00Z,120.879997
2025-07-10T21:00:00Z,107.690002
2025-07-10T22:00:00Z,104.75
2025-07-10T23:00:00Z,99.57
2025-07-11T00:00:00Z,95
2025-07-11T01:00:00Z,90.690002
2025-07-11T02:00:00Z,91.529999
2025-07-11T03:00:00Z,99.400002
2025-07-11T04:00:00Z,107.410004
2025-07-11T05:00:00Z,105.919998
2025-07-11T06:00:00Z,105.18
2025-07-11T07:00:00Z,93.300003
2025-07-11T08:00:00Z,82.900002
2025-07-11T09:00:00Z,73.150002
2025-07-11T10:00:00Z,63.82
2025-07-11T11:00:00Z,42.16
2025-07-11T12:00:00Z,32.040001
2025-07-11T13:00:00Z,38.099998
2025-07-11T14:00:00Z,59.549999
2025-07-11T15:00:00Z,83.150002
2025-07-11T16:00:00Z,86.440002
2025-07-11T17:00:00Z,101.93
2025-07-11T18:00:00Z,117.5
2025-07-11T19:00:00Z,118.080002
2025-07-11T20:00:00Z,113.800003
2025-07-11T21:00:00Z,103.82
2025-07-11T22:00:00Z,112.230003
2025-07-11T23:00:00Z,104.57
2025-07-12T00:00:00Z,90.199997
2025-07-12T01:00:00Z,85
2025-07-12T02:00:00Z,85.660004
2025-07-12T03:00:00Z,84.559998
2025-07-12T04:00:00Z,75
2025-07-12T05:00:00Z,71.650002
2025-07-12T06:00:00Z,66.800003
2025-07-12T07:00:00Z,40.59
2025-07-12T08:00:00Z,18.190001
2025-07-12T09:00:00Z,3
2025-07-12T10:00:00Z,0.22
2025-07-12T11:00:00Z,0
2025-07-12T12:00:00Z,0
2025-07-12T13:00:00Z,0.22
2025-07-12T14:00:00Z,16.77
2025-07-12T15:00:00Z,71.269997
2025-07-12T16:00:00Z,102
2025-07-12T17:00:00Z,106.849998
2025-07-12T18:00:00Z,120
2025-07-12T19:00:00Z,125.019997
2025-07-12T20:00:00Z,125
2025-07-12T21:00:00Z,115.419998
2025-07-12T22:00:00Z,115.349998
2025-07-12T23:00:00Z,109.139999
2025-07-13T00:00:00Z,108.419998
2025-07-13T01:00:00Z,107.349998
2025-07-13T02:00:00Z,104.639999
2025-07-13T03:00:00Z,100.849998
2025-07-13T04:00:00Z,95.800003
2025-07-13T05:00:00Z,92.18
2025-07-13T06:00:00Z,87.940002
2025-07-13T07:00:00Z,57.619999
2025-07-13T08:00:00Z,4.28
2025-07-13T09:00:00Z,0.05
2025-07-13T10:00:00Z,0
2025-07-13T11:00:00Z,0
2025-07-13T12:00:00Z,0
2025-07-13T13:00:00Z,0
2025-07-13T14:00:00Z,2.36
2025-07-13T15:00:00Z,73.400002
2025-07-13T16:00:00Z,100.610001
2025-07-13T17:00:00Z,113.739998
2025-07-13T18:00:00Z,120
2025-07-13T19:00:00Z,127.699997
2025-07-13T20:00:00Z,126.940002
2025-07-13T21:00:00Z,115.410004
2025-07-13T22:00:00Z,114.019997
2025-07-13T23:00:00Z,104.010002
2025-07-14T00:00:00Z,98.169998
2025-07-14T01:00:00Z,94.940002
2025-07-14T02:00:00Z,99.110001
2025-07-14T03:00:00Z,107.18
2025-07-14T04:00:00Z,117.870003
2025-07-14T05:00:00Z,121.620003
2025-07-14T06:00:00Z,112.059998
2025-07-14T07:00:00Z,92.43
2025-07-14T08:00:00Z,84.580002
2025-07-14T09:00:00Z,79.669998
2025-07-14T10:00:00Z,70.980003
2025-07-14T11:00:00Z,64.169998
2025-07-14T12:00:00Z,57.150002
2025-07-14T13:00:00Z,55.82
2025-07-14T14:00:00Z,71.099998
2025-07-14T15:00:00Z,84.580002
2025-07-14T16:00:00Z,98.940002
2025-07-14T17:00:00Z,110.110001
2025-07-14T18:00:00Z,139.990005
2025-07-14T19:00:00Z,141.570007
2025-07-14T20:00:00Z,126.139999
2025-07-14T21:00:00Z,115.150002
2025-07-14T22:00:00Z,106.099998
2025-07-14T23:00:00Z,103.059998
2025-07-15T00:00:00Z,93.860001
2025-07-15T01:00:00Z,88.279999
2025-07-15T02:00:00Z,87.120003
2025-07-15T03:00:00Z,93
2025-07-15T04:00:00Z,110.330002
2025-07-15T05:00:00Z,113.410004
2025-07-15T06:00:00Z,106.860001
2025-07-15T07:00:00Z,90.82
2025-07-15T08:00:00Z,77.669998
2025-07-15T09:00:00Z,65
2025-07-15T10:00:00Z,59.189999
2025-07-15T11:00:00Z,47.259998
2025-07-15T12:00:00Z,40.200001
2025-07-15T13:00:00Z,42.57
2025-07-15T14:00:00Z,65
2025-07-15T15:00:00Z,84.870003
2025-07-15T16:00:00Z,101.540001
2025-07-15T17:00:00Z,108.150002
2025-07-15T18:00:00Z,119.779999
2025-07-15T19:00:00Z,141.990005
2025-07-15T20:00:00Z,121.279999
2025-07-15T21:00:00Z,112.449997
2025-07-15T22:00:00Z,97.629997
2025-07-15T23:00:00Z,93.989998
2025-07-16T00:00:00Z,86.669998
2025-07-16T01:00:00Z,83.43
2025-07-16T02:00:00Z,84.260002
2025-07-16T03:00:00Z,90.410004
2025-07-16T04:00:00Z,105.739998
2025-07-16T05:00:00Z,112.629997
2025-07-16T06:00:00Z,111.919998
2025-07-16T07:00:00Z,104.209999
2025-07-16T08:00:00Z,89.800003
2025-07-16T09:00:00Z,85.650002
2025-07-16T10:00:00Z,81.959999
2025-07-16T11:00:00Z,78.620003
2025-07-16T12:00:00Z,68.059998
2025-07-16T13:00:00Z,69.199997
2025-07-16T14:00:00Z,80.860001
2025-07-16T15:00:00Z,89.089996
2025-07-16T16:00:00Z,95.489998
2025-07-16T17:00:00Z,108.370003
2025-07-16T18:00:00Z,119.720001
2025-07-16T19:00:00Z,129.039993
2025-07-16T20:00:00Z,120.709999
2025-07-16T21:00:00Z,110.550003
2025-07-16T22:00:00Z,103.760002
2025-07-16T23:00:00Z,98.330002
2025-07-17T00:00:00Z,89.959999
2025-07-17T01:00:00Z,84.809998
2025-07-17T02:00:00Z,85.760002
2025-07-17T03:00:00Z,89
2025-07-17T04:00:00Z,92.540001
2025-07-17T05:00:00Z,110.330002
2025-07-17T06:00:00Z,105.919998
2025-07-17T07:00:00Z,93.099998
2025-07-17T08:00:00Z,85
2025-07-17T09:00:00Z,77.07
2025-07-17T10:00:00Z,70.169998
2025-07-17T11:00:00Z,55.259998
2025-07-17T12:00:00Z,49.779999
2025-07-17T13:00:00Z,66.18
2025-07-17T14:00:00Z,74.790001
2025-07-17T15:00:00Z,82.709999
2025-07-17T16:00:00Z,94.980003
2025-07-17T17:00:00Z,109.730003
2025-07-17T18:00:00Z,120.75
2025-07-17T19:00:00Z,132
2025-07-17T20:00:00Z,125.07
2025-07-17T21:00:00Z,114.18
2025-07-17T22:00:00Z,106.800003
2025-07-17T23:00:00Z,99.150002
2025-07-18T00:00:00Z,95.360001
2025-07-18T01:00:00Z,96.370003
2025-07-18T02:00:00Z,98.660004
2025-07-18T03:00:00Z,108.230003
2025-07-18T04:00:00Z,115.919998
2025-07-18T05:00:00Z,116.169998
2025-07-18T06:00:00Z,109.389999
2025-07-18T07:00:00Z,98.129997
2025-07-18T08:00:00Z,84.980003
2025-07-18T09:00:00Z,82.019997
2025-07-18T10:00:00Z,80
2025-07-18T11:00:00Z,73.019997
2025-07-18T12:00:00Z,71.199997
2025-07-18T13:00:00Z,72.68
2025-07-18T14:00:00Z,79.989998
2025-07-18T15:00:00Z,84.07
2025-07-18T16:00:00Z,99.919998
2025-07-18T17:00:00Z,120
2025-07-18T18:00:00Z,146.550003
2025-07-18T19:00:00Z,144.440002
2025-07-18T20:00:00Z,125.879997
2025-07-18T21:00:00Z,113.480003
2025-07-18T22:00:00Z,107.599998
2025-07-18T23:00:00Z,105.349998
2025-07-19T00:00:00Z,103.190002
2025-07-19T01:00:00Z,101.629997
2025-07-19T02:00:00Z,98.379997
2025-07-19T03:00:00Z,93.690002
2025-07-19T04:00:00Z,98.389999
2025-07-19T05:00:00Z,86.889999
2025-07-19T06:00:00Z,78.889999
2025-07-19T07:00:00Z,52.98
2025-07-19T08:00:00Z,10
2025-07-19T09:00:00Z,0.65
2025-07-19T10:00:00Z,0
2025-07-19T11:00:00Z,-0.01
2025-07-19T12:00:00Z,0
2025-07-19T13:00:00Z,2.08
2025-07-19T14:00:00Z,29.33
2025-07-19T15:00:00Z,76.849998
2025-07-19T16:00:00Z,98.400002
2025-07-19T17:00:00Z,114.470001
2025-07-19T18:00:00Z,112.870003
2025-07-19T19:00:00Z,108.080002
2025-07-19T20:00:00Z,105.629997
2025-07-19T21:00:00Z,98.07
2025-07-19T22:00:00Z,85.410004
2025-07-19T23:00:00Z,88.940002
2025-07-20T00:00:00Z,89.269997
2025-07-20T01:00:00Z,94.18
2025-07-20T02:00:00Z,101.699997
2025-07-20T03:00:00Z,98.269997
2025-07-20T04:00:00Z,97.199997
2025-07-20T05:00:00Z,80.589996
2025-07-20T06:00:00Z,77.860001
2025-07-20T07:00:00Z,44.580002
2025-07-20T08:00:00Z,9.04
2025-07-20T09:00:00Z,2.07
2025-07-20T10:00:00Z,0
2025-07-20T11:00:00Z,-0.01
2025-07-20T12:00:00Z,0
2025-07-20T13:00:00Z,9.09
2025-07-20T14:00:00Z,69.330002
2025-07-20T15:00:00Z,92.739998
2025-07-20T16:00:00Z,100.260002
2025-07-20T17:00:00Z,112
2025-07-20T18:00:00Z,116
2025-07-20T19:00:00Z,115.010002
2025-07-20T20:00:00Z,114.849998
2025-07-20T21:00:00Z,105.050003
2025-07-20T22:00:00Z,87.080002
2025-07-20T23:00:00Z,79.730003
2025-07-21T00:00:00Z,83.480003
2025-07-21T01:00:00Z,83.300003
2025-07-21T02:00:00Z,83.489998
2025-07-21T03:00:00Z,92.860001
2025-07-21T04:00:00Z,98.900002
2025-07-21T05:00:00Z,100.839996
2025-07-21T06:00:00Z,97.839996
2025-07-21T07:00:00Z,109.639999
2025-07-21T08:00:00Z,105.989998
2025-07-21T09:00:00Z,98.879997
2025-07-21T10:00:00Z,84.900002
2025-07-21T11:00:00Z,81.730003
2025-07-21T12:00:00Z,85.790001
2025-07-21T13:00:00Z,87.959999
2025-07-21T14:00:00Z,90.949997
2025-07-21T15:00:00Z,104.300003
2025-07-21T16:00:00Z,105.82
2025-07-21T17:00:00Z,119.690002
2025-07-21T18:00:00Z,123.25
2025-07-21T19:00:00Z,120.089996
2025-07-21T20:00:00Z,108.760002
2025-07-21T21:00:00Z,100.040001
2025-07-21T22:00:00Z,92.790001
2025-07-21T23:00:00Z,87.199997
2025-07-22T00:00:00Z,85.480003
2025-07-22T01:00:00Z,82
2025-07-22T02:00:00Z,81
2025-07-22T03:00:00Z,89.279999
2025-07-22T04:00:00Z,108.800003
2025-07-22T05:00:00Z,109.279999
2025-07-22T06:00:00Z,102.489998
2025-07-22T07:00:00Z,91.290001
2025-07-22T08:00:00Z,81.730003
2025-07-22T09:00:00Z,68.410004
2025-07-22T10:00:00Z,39.630001
2025-07-22T11:00:00Z,10.71
2025-07-22T12:00:00Z,9.99
2025-07-22T13:00:00Z,4.63
2025-07-22T14:00:00Z,36.900002
2025-07-22T15:00:00Z,75.790001
2025-07-22T16:00:00Z,88.980003
2025-07-22T17:00:00Z,108.57
2025-07-22T18:00:00Z,112.559998
2025-07-22T19:00:00Z,113.220001
2025-07-22T20:00:00Z,108.480003
2025-07-22T21:00:00Z,102.93
2025-07-22T22:00:00Z,76
2025-07-22T23:00:00Z,70
2025-07-23T00:00:00Z,66.790001
2025-07-23T01:00:00Z,67.720001
2025-07-23T02:00:00Z,70.360001
2025-07-23T03:00:00Z,79.800003
2025-07-23T04:00:00Z,84.550003
2025-07-23T05:00:00Z,99.870003
2025-07-23T06:00:00Z,96.5
2025-07-23T07:00:00Z,81.690002
2025-07-23T08:00:00Z,67.300003
2025-07-23T09:00:00Z,53.5
2025-07-23T10:00:00Z,33.720001
2025-07-23T11:00:00Z,25.610001
2025-07-23T12:00:00Z,26.82
2025-07-23T13:00:00Z,40.299999
2025-07-23T14:00:00Z,67.809998
2025-07-23T15:00:00Z,78.050003
2025-07-23T16:00:00Z,86.07
2025-07-23T17:00:00Z,105
2025-07-23T18:00:00Z,112.980003
2025-07-23T19:00:00Z,119.739998
2025-07-23T20:00:00Z,110.540001
2025-07-23T21:00:00Z,103.059998
2025-07-23T22:00:00Z,97.82
2025-07-23T23:00:00Z,94.080002
2025-07-24T00:00:00Z,89.290001
2025-07-24T01:00:00Z,89.290001
2025-07-24T02:00:00Z,93.449997
2025-07-24T03:00:00Z,100.970001
2025-07-24T04:00:00Z,109.220001
2025-07-24T05:00:00Z,104.099998
2025-07-24T06:00:00Z,110.400002
2025-07-24T07:00:00Z,96.220001
2025-07-24T08:00:00Z,89.169998
2025-07-24T09:00:00Z,84.389999
2025-07-24T10:00:00Z,82.169998
2025-07-24T11:00:00Z,80.43
2025-07-24T12:00:00Z,82.050003
2025-07-24T13:00:00Z,84.769997
2025-07-24T14:00:00Z,88.510002
2025-07-24T15:00:00Z,95.010002
2025-07-24T16:00:00Z,104
2025-07-24T17:00:00Z,116.389999
2025-07-24T18:00:00Z,154.160004
2025-07-24T19:00:00Z,140.639999
2025-07-24T20:00:00Z,118.379997
2025-07-24T21:00:00Z,108.599998
2025-07-24T22:00:00Z,111.269997
2025-07-24T23:00:00Z,103.669998
2025-07-25T00:00:00Z,97.050003
2025-07-25T01:00:00Z,92.639999
2025-07-25T02:00:00Z,91.709999
2025-07-25T03:00:00Z,94.220001
2025-07-25T04:00:00Z,106.099998
2025-07-25T05:00:00Z,108
2025-07-25T06:00:00Z,110.849998
2025-07-25T07:00:00Z,98.199997
2025-07-25T08:00:00Z,94.080002
2025-07-25T09:00:00Z,85.150002
2025-07-25T10:00:00Z,83.089996
2025-07-25T11:00:00Z,78.699997
2025-07-25T12:00:00Z,74.93
2025-07-25T13:00:00Z,75.139999
2025-07-25T14:00:00Z,78.830002
2025-07-25T15:00:00Z,81.519997
2025-07-25T16:00:00Z,87.629997
2025-07-25T17:00:00Z,92.970001
2025-07-25T18:00:00Z,108.209999
2025-07-25T19:00:00Z,121.209999
2025-07-25T20:00:00Z,112.599998
2025-07-25T21:00:00Z,110.25
2025-07-25T22:00:00Z,106.760002
2025-07-25T23:00:00Z,100.699997
2025-07-26T00:00:00Z,93.730003
2025-07-26T01:00:00Z,91.599998
2025-07-26T02:00:00Z,90.080002
2025-07-26T03:00:00Z,89.360001
2025-07-26T04:00:00Z,92.389999
2025-07-26T05:00:00Z,90.910004
2025-07-26T06:00:00Z,84.68
2025-07-26T07:00:00Z,83.160004
2025-07-26T08:00:00Z,79.589996
2025-07-26T09:00:00Z,75.199997
2025-07-26T10:00:00Z,66.419998
2025-07-26T11:00:00Z,49.869999
2025-07-26T12:00:00Z,50.09
2025-07-26T13:00:00Z,65.199997
2025-07-26T14:00:00Z,66.370003
2025-07-26T15:00:00Z,76.209999
2025-07-26T16:00:00Z,93.610001
2025-07-26T17:00:00Z,106.599998
2025-07-26T18:00:00Z,121.949997
2025-07-26T19:00:00Z,127.07
2025-07-26T20:00:00Z,116.720001
2025-07-26T21:00:00Z,108.800003
2025-07-26T22:00:00Z,104.639999
2025-07-26T23:00:00Z,99.470001
2025-07-27T00:00:00Z,95.010002
2025-07-27T01:00:00Z,92.07
2025-07-27T02:00:00Z,91.989998
2025-07-27T03:00:00Z,89.879997
2025-07-27T04:00:00Z,88.790001
2025-07-27T05:00:00Z,86.580002
2025-07-27T06:00:00Z,83.760002
2025-07-27T07:00:00Z,81.709999
2025-07-27T08:00:00Z,75.910004
2025-07-27T09:00:00Z,70.519997
2025-07-27T10:00:00Z,45.93
2025-07-27T11:00:00Z,15.04
2025-07-27T12:00:00Z,8.85
2025-07-27T13:00:00Z,17.299999
2025-07-27T14:00:00Z,45.740002
2025-07-27T15:00:00Z,82.360001
2025-07-27T16:00:00Z,95.660004
2025-07-27T17:00:00Z,102.470001
2025-07-27T18:00:00Z,107.949997
2025-07-27T19:00:00Z,114.709999
2025-07-27T20:00:00Z,107.330002
2025-07-27T21:00:00Z,102.690002
2025-07-27T22:00:00Z,100
2025-07-27T23:00:00Z,88.769997
2025-07-28T00:00:00Z,83.5
2025-07-28T01:00:00Z,77.620003
2025-07-28T02:00:00Z,76
2025-07-28T03:00:00Z,84.339996
2025-07-28T04:00:00Z,94.980003
2025-07-28T05:00:00Z,108.610001
2025-07-28T06:00:00Z,112
2025-07-28T07:00:00Z,92.970001
2025-07-28T08:00:00Z,82
2025-07-28T09:00:00Z,15.27
2025-07-28T10:00:00Z,13.28
2025-07-28T11:00:00Z,18.67
2025-07-28T12:00:00Z,13.41
2025-07-28T13:00:00Z,19
2025-07-28T14:00:00Z,6.7
2025-07-28T15:00:00Z,28.15
2025-07-28T16:00:00Z,58.720001
2025-07-28T17:00:00Z,90.040001
2025-07-28T18:00:00Z,110.919998
2025-07-28T19:00:00Z,109.739998
2025-07-28T20:00:00Z,103.790001
2025-07-28T21:00:00Z,89.949997
2025-07-28T22:00:00Z,85.209999
2025-07-28T23:00:00Z,80.480003
2025-07-29T00:00:00Z,79.360001
2025-07-29T01:00:00Z,78.220001
2025-07-29T02:00:00Z,79.290001
2025-07-29T03:00:00Z,80.519997
2025-07-29T04:00:00Z,82.599998
2025-07-29T05:00:00Z,91.989998
2025-07-29T06:00:00Z,58.209999
2025-07-29T07:00:00Z,4.08
2025-07-29T08:00:00Z,2.36
2025-07-29T09:00:00Z,2.31
2025-07-29T10:00:00Z,2.33
2025-07-29T11:00:00Z,2.54
2025-07-29T12:00:00Z,1.07
2025-07-29T13:00:00Z,3.83
2025-07-29T14:00:00Z,3.9
2025-07-29T15:00:00Z,16.08
2025-07-29T16:00:00Z,81.5
2025-07-29T17:00:00Z,103.260002
2025-07-29T18:00:00Z,123.559998
2025-07-29T19:00:00Z,125.010002
2025-07-29T20:00:00Z,111.940002
2025-07-29T21:00:00Z,101.699997
2025-07-29T22:00:00Z,83.010002
2025-07-29T23:00:00Z,79.019997
2025-07-30T00:00:00Z,78.389999
2025-07-30T01:00:00Z,75.989998
2025-07-30T02:00:00Z,75.650002
2025-07-30T03:00:00Z,76.5
2025-07-30T04:00:00Z,79.879997
2025-07-30T05:00:00Z,90
2025-07-30T06:00:00Z,93.879997
2025-07-30T07:00:00Z,79.019997
2025-07-30T08:00:00Z,63.290001
2025-07-30T09:00:00Z,40.43
2025-07-30T10:00:00Z,24.790001
2025-07-30T11:00:00Z,17.690001
2025-07-30T12:00:00Z,10.7
2025-07-30T13:00:00Z,28.030001
2025-07-30T14:00:00Z,45.610001
2025-07-30T15:00:00Z,75.68
2025-07-30T16:00:00Z,90.32
2025-07-30T17:00:00Z,101.860001
2025-07-30T18:00:00Z,109.07
2025-07-30T19:00:00Z,109
2025-07-30T20:00:00Z,104
2025-07-30T21:00:00Z,92.410004
2025-07-30T22:00:00Z,88.93
2025-07-30T23:00:00Z,82.110001
2025-07-31T00:00:00Z,79
2025-07-31T01:00:00Z,77.269997
2025-07-31T02:00:00Z,78.510002
2025-07-31T03:00:00Z,83.239998
2025-07-31T04:00:00Z,89.07
2025-07-31T05:00:00Z,100.459999
2025-07-31T06:00:00Z,94.089996
2025-07-31T07:00:00Z,88.910004
2025-07-31T08:00:00Z,74.169998
2025-07-31T09:00:00Z,70.040001
2025-07-31T10:00:00Z,61.150002
2025-07-31T11:00:00Z,48.049999
2025-07-31T12:00:00Z,35.060001
2025-07-31T13:00:00Z,55.07
2025-07-31T14:00:00Z,72.43
2025-07-31T15:00:00Z,84.559998
2025-07-31T16:00:00Z,96.900002
2025-07-31T17:00:00Z,111.919998
2025-07-31T18:00:00Z,128.270004
2025-07-31T19:00:00Z,125.110001
2025-07-31T20:00:00Z,114.160004
2025-07-31T21:00:00Z,102.790001
2025-07-31T22:00:00Z,105.309998
2025-07-31T23:00:00Z,98.540001
2025-08-01T00:00:00Z,92.150002
2025-08-01T01:00:00Z,89.169998
2025-08-01T02:00:00Z,94.209999
2025-08-01T03:00:00Z,100.580002
2025-08-01T04:00:00Z,106.690002
2025-08-01T05:00:00Z,110.709999
2025-08-01T06:00:00Z,106.639999
2025-08-01T07:00:00Z,103.669998
2025-08-01T08:00:00Z,97.949997
2025-08-01T09:00:00Z,84.099998
2025-08-01T10:00:00Z,77.050003
2025-08-01T11:00:00Z,61.970001
2025-08-01T12:00:00Z,49.060001
2025-08-01T13:00:00Z,49.099998
2025-08-01T14:00:00Z,69.93
2025-08-01T15:00:00Z,83.589996
2025-08-01T16:00:00Z,96.449997
2025-08-01T17:00:00Z,109.510002
2025-08-01T18:00:00Z,119.230003
2025-08-01T19:00:00Z,117.510002
2025-08-01T20:00:00Z,110.720001
2025-08-01T21:00:00Z,102.730003
2025-08-01T22:00:00Z,104.470001
2025-08-01T23:00:00Z,100.32
2025-08-02T00:00:00Z,97.790001
2025-08-02T01:00:00Z,92.160004
2025-08-02T02:00:00Z,91.290001
2025-08-02T03:00:00Z,90.769997
2025-08-02T04:00:00Z,89.669998
2025-08-02T05:00:00Z,84.699997
2025-08-02T06:00:00Z,78.400002
2025-08-02T07:00:00Z,65.68
2025-08-02T08:00:00Z,31.09
2025-08-02T09:00:00Z,5.68
2025-08-02T10:00:00Z,2.95
2025-08-02T11:00:00Z,1.34
2025-08-02T12:00:00Z,0.22
2025-08-02T13:00:00Z,0.24
2025-08-02T14:00:00Z,5.3
2025-08-02T15:00:00Z,60.689999
2025-08-02T16:00:00Z,91.32
2025-08-02T17:00:00Z,102
2025-08-02T18:00:00Z,109.489998
2025-08-02T19:00:00Z,108.419998
2025-08-02T20:00:00Z,104.339996
2025-08-02T21:00:00Z,95
2025-08-02T22:00:00Z,85.089996
2025-08-02T23:00:00Z,77.519997
2025-08-03T00:00:00Z,71.419998
2025-08-03T01:00:00Z,67.519997
2025-08-03T02:00:00Z,62.720001
2025-08-03T03:00:00Z,59.98
2025-08-03T04:00:00Z,46.799999
2025-08-03T05:00:00Z,26
2025-08-03T06:00:00Z,6.16
2025-08-03T07:00:00Z,0
2025-08-03T08:00:00Z,-0.27
2025-08-03T09:00:00Z,-1.2
2025-08-03T10:00:00Z,-1.39
2025-08-03T11:00:00Z,-6.6
2025-08-03T12:00:00Z,-8.51
2025-08-03T13:00:00Z,-3.54
2025-08-03T14:00:00Z,-0.77
2025-08-03T15:00:00Z,3.61
2025-08-03T16:00:00Z,71.129997
2025-08-03T17:00:00Z,88.129997
2025-08-03T18:00:00Z,97.870003
2025-08-03T19:00:00Z,95.989998
2025-08-03T20:00:00Z,97.300003
2025-08-03T21:00:00Z,85.089996
2025-08-03T22:00:00Z,81.050003
2025-08-03T23:00:00Z,70.07
2025-08-04T00:00:00Z,69.970001
2025-08-04T01:00:00Z,70.620003
2025-08-04T02:00:00Z,74.029999
2025-08-04T03:00:00Z,82.940002
2025-08-04T04:00:00Z,89.830002
2025-08-04T05:00:00Z,101.959999
2025-08-04T06:00:00Z,101.440002
2025-08-04T07:00:00Z,97.040001
2025-08-04T08:00:00Z,77.900002
2025-08-04T09:00:00Z,50
2025-08-04T10:00:00Z,13.74
2025-08-04T11:00:00Z,4.05
2025-08-04T12:00:00Z,0.72
2025-08-04T13:00:00Z,0.02
2025-08-04T14:00:00Z,11.19
2025-08-04T15:00:00Z,31.190001
2025-08-04T16:00:00Z,28.360001
2025-08-04T17:00:00Z,57.630001
2025-08-04T18:00:00Z,17.65
2025-08-04T19:00:00Z,3.64
2025-08-04T20:00:00Z,0
2025-08-04T21:00:00Z,2.34
2025-08-04T22:00:00Z,2.51
2025-08-04T23:00:00Z,2.36
2025-08-05T00:00:00Z,1.79
2025-08-05T01:00:00Z,0
2025-08-05T02:00:00Z,-0.05
2025-08-05T03:00:00Z,-0.04
2025-08-05T04:00:00Z,1.7
2025-08-05T05:00:00Z,2.32
2025-08-05T06:00:00Z,2.01
2025-08-05T07:00:00Z,-0.07
2025-08-05T08:00:00Z,-0.21
2025-08-05T09:00:00Z,-2.01
2025-08-05T10:00:00Z,-4.94
2025-08-05T11:00:00Z,-9.31
2025-08-05T12:00:00Z,-11.65
2025-08-05T13:00:00Z,-9.77
2025-08-05T14:00:00Z,-4.97
2025-08-05T15:00:00Z,-0.52
2025-08-05T16:00:00Z,1.07
2025-08-05T17:00:00Z,2.51
2025-08-05T18:00:00Z,6.84
2025-08-05T19:00:00Z,3.89
2025-08-05T20:00:00Z,3.65
2025-08-05T21:00:00Z,10.76
2025-08-05T22:00:00Z,2.54
2025-08-05T23:00:00Z,3.61
2025-08-06T00:00:00Z,3.67
2025-08-06T01:00:00Z,3.6
2025-08-06T02:00:00Z,4.28
2025-08-06T03:00:00Z,3.9
2025-08-06T04:00:00Z,3.34
2025-08-06T05:00:00Z,3.89
2025-08-06T06:00:00Z,12.46
2025-08-06T07:00:00Z,2.09
2025-08-06T08:00:00Z,-0.01
2025-08-06T09:00:00Z,-1.57
2025-08-06T10:00:00Z,-4.88
2025-08-06T11:00:00Z,-5.7
2025-08-06T12:00:00Z,-4.47
2025-08-06T13:00:00Z,-2.23
2025-08-06T14:00:00Z,-1.01
2025-08-06T15:00:00Z,2.03
2025-08-06T16:00:00Z,2.58
2025-08-06T17:00:00Z,29.68
2025-08-06T18:00:00Z,123.199997
2025-08-06T19:00:00Z,124.599998
2025-08-06T20:00:00Z,110
2025-08-06T21:00:00Z,101.599998
2025-08-06T22:00:00Z,97.580002
2025-08-06T23:00:00Z,94
2025-08-07T00:00:00Z,88.129997
2025-08-07T01:00:00Z,83.379997
2025-08-07T02:00:00Z,82.07
2025-08-07T03:00:00Z,88.519997
2025-08-07T04:00:00Z,103.050003
2025-08-07T05:00:00Z,106.5
2025-08-07T06:00:00Z,100
2025-08-07T07:00:00Z,77.629997
2025-08-07T08:00:00Z,22.23
2025-08-07T09:00:00Z,1.98
2025-08-07T10:00:00Z,1.67
2025-08-07T11:00:00Z,2.1
2025-08-07T12:00:00Z,2.35
2025-08-07T13:00:00Z,2.05
2025-08-07T14:00:00Z,2.37
2025-08-07T15:00:00Z,64.080002
2025-08-07T16:00:00Z,91.580002
2025-08-07T17:00:00Z,106
2025-08-07T18:00:00Z,125.029999
2025-08-07T19:00:00Z,126.339996
2025-08-07T20:00:00Z,110
2025-08-07T21:00:00Z,101.279999
2025-08-07T22:00:00Z,93.900002
2025-08-07T23:00:00Z,88.879997
2025-08-08T00:00:00Z,84.980003
2025-08-08T01:00:00Z,81.309998
2025-08-08T02:00:00Z,80.879997
2025-08-08T03:00:00Z,89.550003
2025-08-08T04:00:00Z,100.43
2025-08-08T05:00:00Z,103.050003
2025-08-08T06:00:00Z,108.110001
2025-08-08T07:00:00Z,89.900002
2025-08-08T08:00:00Z,66
2025-08-08T09:00:00Z,8.39
2025-08-08T10:00:00Z,0.09
2025-08-08T11:00:00Z,0
2025-08-08T12:00:00Z,0
2025-08-08T13:00:00Z,0
2025-08-08T14:00:00Z,10.49
2025-08-08T15:00:00Z,70.099998
2025-08-08T16:00:00Z,101.440002
2025-08-08T17:00:00Z,113.559998
2025-08-08T18:00:00Z,144.619995
2025-08-08T19:00:00Z,151.509995
2025-08-08T20:00:00Z,121.589996
2025-08-08T21:00:00Z,108.459999
2025-08-08T22:00:00Z,101.93
2025-08-08T23:00:00Z,100.43
2025-08-09T00:00:00Z,99.940002
2025-08-09T01:00:00Z,97.800003
2025-08-09T02:00:00Z,96.870003
2025-08-09T03:00:00Z,97.010002
2025-08-09T04:00:00Z,96.099998
2025-08-09T05:00:00Z,90.059998
2025-08-09T06:00:00Z,69.75
2025-08-09T07:00:00Z,15.34
2025-08-09T08:00:00Z,-0.02
2025-08-09T09:00:00Z,-1
2025-08-09T10:00:00Z,-6.51
2025-08-09T11:00:00Z,-12.58
2025-08-09T12:00:00Z,-15.11
2025-08-09T13:00:00Z,-4.1
2025-08-09T14:00:00Z,-0.04
2025-08-09T15:00:00Z,6.29
2025-08-09T16:00:00Z,71.470001
2025-08-09T17:00:00Z,101.43
2025-08-09T18:00:00Z,123.360001
2025-08-09T19:00:00Z,116.410004
2025-08-09T20:00:00Z,107.889999
2025-08-09T21:00:00Z,94.970001
2025-08-09T22:00:00Z,84.790001
2025-08-09T23:00:00Z,83.230003
2025-08-10T00:00:00Z,83.099998
2025-08-10T01:00:00Z,77.949997
2025-08-10T02:00:00Z,80.68
2025-08-10T03:00:00Z,83.690002
2025-08-10T04:00:00Z,82.269997
2025-08-10T05:00:00Z,74.699997
2025-08-10T06:00:00Z,26.360001
2025-08-10T07:00:00Z,-0.01
2025-08-10T08:00:00Z,-2.64
2025-08-10T09:00:00Z,-6.7
2025-08-10T10:00:00Z,-14.95
2025-08-10T11:00:00Z,-26.860001
2025-08-10T12:00:00Z,-38.139999
2025-08-10T13:00:00Z,-19.610001
2025-08-10T14:00:00Z,-1.21
2025-08-10T15:00:00Z,2.13
2025-08-10T16:00:00Z,78.860001
2025-08-10T17:00:00Z,108.050003
2025-08-10T18:00:00Z,118.949997
2025-08-10T19:00:00Z,122.449997
2025-08-10T20:00:00Z,106.980003
2025-08-10T21:00:00Z,98.900002
2025-08-10T22:00:00Z,99.82
2025-08-10T23:00:00Z,91.970001
2025-08-11T00:00:00Z,87.440002
2025-08-11T01:00:00Z,85.190002
2025-08-11T02:00:00Z,92.849998
2025-08-11T03:00:00Z,103.510002
2025-08-11T04:00:00Z,129.220001
2025-08-11T05:00:00Z,133.490005
2025-08-11T06:00:00Z,105.349998
2025-08-11T07:00:00Z,90.75
2025-08-11T08:00:00Z,50
2025-08-11T09:00:00Z,2.54
2025-08-11T10:00:00Z,0.65
2025-08-11T11:00:00Z,0.64
2025-08-11T12:00:00Z,0
2025-08-11T13:00:00Z,9
2025-08-11T14:00:00Z,56.139999
2025-08-11T15:00:00Z,92.25
2025-08-11T16:00:00Z,108.260002
2025-08-11T17:00:00Z,154
2025-08-11T18:00:00Z,191.949997
2025-08-11T19:00:00Z,138.880005
2025-08-11T20:00:00Z,108.870003
2025-08-11T21:00:00Z,96
2025-08-11T22:00:00Z,93
2025-08-11T23:00:00Z,89.669998
2025-08-12T00:00:00Z,85.410004
2025-08-12T01:00:00Z,85.129997
2025-08-12T02:00:00Z,86.480003
2025-08-12T03:00:00Z,93.970001
2025-08-12T04:00:00Z,106.910004
2025-08-12T05:00:00Z,104.629997
2025-08-12T06:00:00Z,98.709999
2025-08-12T07:00:00Z,92.489998
2025-08-12T08:00:00Z,79.529999
2025-08-12T09:00:00Z,40.41
2025-08-12T10:00:00Z,8.38
2025-08-12T11:00:00Z,4.59
2025-08-12T12:00:00Z,5.15
2025-08-12T13:00:00Z,35.049999
2025-08-12T14:00:00Z,73.120003
2025-08-12T15:00:00Z,94.059998
2025-08-12T16:00:00Z,106.099998
2025-08-12T17:00:00Z,149.309998
2025-08-12T18:00:00Z,156.160004
2025-08-12T19:00:00Z,140.399994
2025-08-12T20:00:00Z,114.07
2025-08-12T21:00:00Z,97.730003
2025-08-12T22:00:00Z,95.720001
2025-08-12T23:00:00Z,90
2025-08-13T00:00:00Z,86.889999
2025-08-13T01:00:00Z,84.709999
2025-08-13T02:00:00Z,87.07
2025-08-13T03:00:00Z,93.300003
2025-08-13T04:00:00Z,108.870003
2025-08-13T05:00:00Z,107.519997
2025-08-13T06:00:00Z,105.870003
2025-08-13T07:00:00Z,93.599998
2025-08-13T08:00:00Z,89.260002
2025-08-13T09:00:00Z,68.199997
2025-08-13T10:00:00Z,44.290001
2025-08-13T11:00:00Z,27.889999
2025-08-13T12:00:00Z,41.66
2025-08-13T13:00:00Z,70.900002
2025-08-13T14:00:00Z,84.300003
2025-08-13T15:00:00Z,96.639999
2025-08-13T16:00:00Z,115.339996
2025-08-13T17:00:00Z,193.300003
2025-08-13T18:00:00Z,226.639999
2025-08-13T19:00:00Z,154.520004
2025-08-13T20:00:00Z,123.209999
2025-08-13T21:00:00Z,106.269997
2025-08-13T22:00:00Z,98.099998
2025-08-13T23:00:00Z,92
2025-08-14T00:00:00Z,88.449997
2025-08-14T01:00:00Z,88.199997
2025-08-14T02:00:00Z,88.529999
2025-08-14T03:00:00Z,97.519997
2025-08-14T04:00:00Z,106.169998
2025-08-14T05:00:00Z,109.919998
2025-08-14T06:00:00Z,99.510002
2025-08-14T07:00:00Z,91.099998
2025-08-14T08:00:00Z,81.260002
2025-08-14T09:00:00Z,67.57
2025-08-14T10:00:00Z,54.09
2025-08-14T11:00:00Z,41.02
2025-08-14T12:00:00Z,54.900002
2025-08-14T13:00:00Z,69.43
2025-08-14T14:00:00Z,78.989998
2025-08-14T15:00:00Z,97.220001
2025-08-14T16:00:00Z,115.540001
2025-08-14T17:00:00Z,233.800003
2025-08-14T18:00:00Z,283.890015
2025-08-14T19:00:00Z,155.839996
2025-08-14T20:00:00Z,120.709999
2025-08-14T21:00:00Z,105.949997
2025-08-14T22:00:00Z,99.589996
2025-08-14T23:00:00Z,98.970001
2025-08-15T00:00:00Z,93.900002
2025-08-15T01:00:00Z,90.330002
2025-08-15T02:00:00Z,92
2025-08-15T03:00:00Z,96.910004
2025-08-15T04:00:00Z,101.660004
2025-08-15T05:00:00Z,101.309998
2025-08-15T06:00:00Z,96.599998
2025-08-15T07:00:00Z,83.470001
2025-08-15T08:00:00Z,43.900002
2025-08-15T09:00:00Z,3
2025-08-15T10:00:00Z,0.08
2025-08-15T11:00:00Z,0.19
2025-08-15T12:00:00Z,0
2025-08-15T13:00:00Z,1.72
2025-08-15T14:00:00Z,27.66
2025-08-15T15:00:00Z,75.529999
2025-08-15T16:00:00Z,97.059998
2025-08-15T17:00:00Z,105.669998
2025-08-15T18:00:00Z,104.489998
2025-08-15T19:00:00Z,91.739998
2025-08-15T20:00:00Z,85.099998
2025-08-15T21:00:00Z,79.959999
2025-08-15T22:00:00Z,89.470001
2025-08-15T23:00:00Z,85.739998
2025-08-16T00:00:00Z,84.75
2025-08-16T01:00:00Z,83.339996
2025-08-16T02:00:00Z,82.730003
2025-08-16T03:00:00Z,87.089996
2025-08-16T04:00:00Z,90.68
2025-08-16T05:00:00Z,90.019997
2025-08-16T06:00:00Z,80.989998
2025-08-16T07:00:00Z,67.940002
2025-08-16T08:00:00Z,25.120001
2025-08-16T09:00:00Z,3.8
2025-08-16T10:00:00Z,0.17
2025-08-16T11:00:00Z,-0.01
2025-08-16T12:00:00Z,-0.01
2025-08-16T13:00:00Z,-0.01
2025-08-16T14:00:00Z,0.72
2025-08-16T15:00:00Z,16.209999
2025-08-16T16:00:00Z,69.919998
2025-08-16T17:00:00Z,95
2025-08-16T18:00:00Z,102.620003
2025-08-16T19:00:00Z,100.610001
2025-08-16T20:00:00Z,95
2025-08-16T21:00:00Z,90
2025-08-16T22:00:00Z,91.279999
2025-08-16T23:00:00Z,85.339996
2025-08-17T00:00:00Z,86.860001
2025-08-17T01:00:00Z,86.629997
2025-08-17T02:00:00Z,87.730003
2025-08-17T03:00:00Z,89.93
2025-08-17T04:00:00Z,89.889999
2025-08-17T05:00:00Z,81.029999
2025-08-17T06:00:00Z,76.239998
2025-08-17T07:00:00Z,32.59
2025-08-17T08:00:00Z,9.96
2025-08-17T09:00:00Z,2.08
2025-08-17T10:00:00Z,2.07
2025-08-17T11:00:00Z,2.02
2025-08-17T12:00:00Z,1.86
2025-08-17T13:00:00Z,1.47
2025-08-17T14:00:00Z,13.81
2025-08-17T15:00:00Z,72.400002
2025-08-17T16:00:00Z,96.690002
2025-08-17T17:00:00Z,110
2025-08-17T18:00:00Z,110.660004
2025-08-17T19:00:00Z,110.139999
2025-08-17T20:00:00Z,105.099998
2025-08-17T21:00:00Z,102.540001
2025-08-17T22:00:00Z,91.989998
2025-08-17T23:00:00Z,87.129997
2025-08-18T00:00:00Z,84.330002
2025-08-18T01:00:00Z,83.849998
2025-08-18T02:00:00Z,89.459999
2025-08-18T03:00:00Z,99.269997
2025-08-18T04:00:00Z,118.510002
2025-08-18T05:00:00Z,130.130005
2025-08-18T06:00:00Z,109.870003
2025-08-18T07:00:00Z,88.839996
2025-08-18T08:00:00Z,72.160004
2025-08-18T09:00:00Z,45.93
2025-08-18T10:00:00Z,20.040001
2025-08-18T11:00:00Z,14.23
2025-08-18T12:00:00Z,18.34
2025-08-18T13:00:00Z,54.560001
2025-08-18T14:00:00Z,70.940002
2025-08-18T15:00:00Z,90.32
2025-08-18T16:00:00Z,109.870003
2025-08-18T17:00:00Z,185.5
2025-08-18T18:00:00Z,193.960007
2025-08-18T19:00:00Z,124.669998
2025-08-18T20:00:00Z,107.489998
2025-08-18T21:00:00Z,102
2025-08-18T22:00:00Z,101.010002
2025-08-18T23:00:00Z,94.82
2025-08-19T00:00:00Z,88.199997
2025-08-19T01:00:00Z,86.370003
2025-08-19T02:00:00Z,90.089996
2025-08-19T03:00:00Z,101.019997
2025-08-19T04:00:00Z,111.099998
2025-08-19T05:00:00Z,109.949997
2025-08-19T06:00:00Z,98.050003
2025-08-19T07:00:00Z,88.57
2025-08-19T08:00:00Z,69.639999
2025-08-19T09:00:00Z,43.23
2025-08-19T10:00:00Z,22.85
2025-08-19T11:00:00Z,9.02
2025-08-19T12:00:00Z,15.26
2025-08-19T13:00:00Z,30.889999
2025-08-19T14:00:00Z,60.599998
2025-08-19T15:00:00Z,91.480003
2025-08-19T16:00:00Z,101.910004
2025-08-19T17:00:00Z,120.510002
2025-08-19T18:00:00Z,128.619995
2025-08-19T19:00:00Z,111.059998
2025-08-19T20:00:00Z,104.410004
2025-08-19T21:00:00Z,96.779999
2025-08-19T22:00:00Z,95.470001
2025-08-19T23:00:00Z,91.220001
2025-08-20T00:00:00Z,85.709999
2025-08-20T01:00:00Z,80.669998
2025-08-20T02:00:00Z,79.370003
2025-08-20T03:00:00Z,88.360001
2025-08-20T04:00:00Z,102.279999
2025-08-20T05:00:00Z,110.120003
2025-08-20T06:00:00Z,103.910004
2025-08-20T07:00:00Z,90.050003
2025-08-20T08:00:00Z,80.980003
2025-08-20T09:00:00Z,69.059998
2025-08-20T10:00:00Z,49.07
2025-08-20T11:00:00Z,35
2025-08-20T12:00:00Z,42.029999
2025-08-20T13:00:00Z,73.019997
2025-08-20T14:00:00Z,81.449997
2025-08-20T15:00:00Z,101.690002
2025-08-20T16:00:00Z,109.160004
2025-08-20T17:00:00Z,135.149994
2025-08-20T18:00:00Z,126.110001
2025-08-20T19:00:00Z,114.949997
2025-08-20T20:00:00Z,103.489998
2025-08-20T21:00:00Z,97.339996
2025-08-20T22:00:00Z,96.110001
2025-08-20T23:00:00Z,90.730003
2025-08-21T00:00:00Z,87.519997
2025-08-21T01:00:00Z,90.879997
2025-08-21T02:00:00Z,92.370003
2025-08-21T03:00:00Z,97.959999
2025-08-21T04:00:00Z,105.900002
2025-08-21T05:00:00Z,116.889999
2025-08-21T06:00:00Z,107.790001
2025-08-21T07:00:00Z,97.32
2025-08-21T08:00:00Z,85.849998
2025-08-21T09:00:00Z,77.639999
2025-08-21T10:00:00Z,69.489998
2025-08-21T11:00:00Z,66.089996
2025-08-21T12:00:00Z,56.259998
2025-08-21T13:00:00Z,68.199997
2025-08-21T14:00:00Z,72.389999
2025-08-21T15:00:00Z,87.669998
2025-08-21T16:00:00Z,94
2025-08-21T17:00:00Z,106.389999
2025-08-21T18:00:00Z,110.730003
2025-08-21T19:00:00Z,110.730003
2025-08-21T20:00:00Z,105
2025-08-21T21:00:00Z,95.779999
2025-08-21T22:00:00Z,89.269997
2025-08-21T23:00:00Z,81.989998
2025-08-22T00:00:00Z,78.589996
2025-08-22T01:00:00Z,77.519997
2025-08-22T02:00:00Z,77.650002
2025-08-22T03:00:00Z,87.900002
2025-08-22T04:00:00Z,95.989998
2025-08-22T05:00:00Z,99.099998
2025-08-22T06:00:00Z,87.800003
2025-08-22T07:00:00Z,24.690001
2025-08-22T08:00:00Z,10.92
2025-08-22T09:00:00Z,6.7
2025-08-22T10:00:00Z,7.38
2025-08-22T11:00:00Z,3.85
2025-08-22T12:00:00Z,3.9
2025-08-22T13:00:00Z,4.01
2025-08-22T14:00:00Z,32.060001
2025-08-22T15:00:00Z,58.43
2025-08-22T16:00:00Z,83.080002
2025-08-22T17:00:00Z,106.07
2025-08-22T18:00:00Z,113
2025-08-22T19:00:00Z,107.629997
2025-08-22T20:00:00Z,103.089996
2025-08-22T21:00:00Z,94.370003
2025-08-22T22:00:00Z,95.330002
2025-08-22T23:00:00Z,89.32
2025-08-23T00:00:00Z,87.760002
2025-08-23T01:00:00Z,85.209999
2025-08-23T02:00:00Z,85.559998
2025-08-23T03:00:00Z,85.599998
2025-08-23T04:00:00Z,86.669998
2025-08-23T05:00:00Z,86.779999
2025-08-23T06:00:00Z,83.57
2025-08-23T07:00:00Z,62.900002
2025-08-23T08:00:00Z,14.69
2025-08-23T09:00:00Z,4.01
2025-08-23T10:00:00Z,3
2025-08-23T11:00:00Z,2.01
2025-08-23T12:00:00Z,1.84
2025-08-23T13:00:00Z,3.52
2025-08-23T14:00:00Z,12.1
2025-08-23T15:00:00Z,72.190002
2025-08-23T16:00:00Z,100.309998
2025-08-23T17:00:00Z,112.220001
2025-08-23T18:00:00Z,123.669998
2025-08-23T19:00:00Z,120.43
2025-08-23T20:00:00Z,111.160004
2025-08-23T21:00:00Z,105.279999
2025-08-23T22:00:00Z,100.5
2025-08-23T23:00:00Z,95.129997
2025-08-24T00:00:00Z,94.410004
2025-08-24T01:00:00Z,92.129997
2025-08-24T02:00:00Z,91.199997
2025-08-24T03:00:00Z,90.970001
2025-08-24T04:00:00Z,90
2025-08-24T05:00:00Z,85.010002
2025-08-24T06:00:00Z,72.839996
2025-08-24T07:00:00Z,4.8
2025-08-24T08:00:00Z,0.31
2025-08-24T09:00:00Z,0
2025-08-24T10:00:00Z,0
2025-08-24T11:00:00Z,-0.13
2025-08-24T12:00:00Z,-0.27
2025-08-24T13:00:00Z,-0.07
2025-08-24T14:00:00Z,0
2025-08-24T15:00:00Z,63.360001
2025-08-24T16:00:00Z,99.809998
2025-08-24T17:00:00Z,110.5
2025-08-24T18:00:00Z,117.309998
2025-08-24T19:00:00Z,114.32
2025-08-24T20:00:00Z,107.5
2025-08-24T21:00:00Z,100.519997
2025-08-24T22:00:00Z,95.279999
2025-08-24T23:00:00Z,87.029999
2025-08-25T00:00:00Z,84.019997
2025-08-25T01:00:00Z,82.900002
2025-08-25T02:00:00Z,83.459999
2025-08-25T03:00:00Z,100.120003
2025-08-25T04:00:00Z,115.379997
2025-08-25T05:00:00Z,125
2025-08-25T06:00:00Z,110.040001
2025-08-25T07:00:00Z,91.970001
2025-08-25T08:00:00Z,72.980003
2025-08-25T09:00:00Z,35.02
2025-08-25T10:00:00Z,10
2025-08-25T11:00:00Z,5.93
2025-08-25T12:00:00Z,6.78
2025-08-25T13:00:00Z,25.200001
2025-08-25T14:00:00Z,56.43
2025-08-25T15:00:00Z,86.669998
2025-08-25T16:00:00Z,111.540001
2025-08-25T17:00:00Z,159.029999
2025-08-25T18:00:00Z,232.820007
2025-08-25T19:00:00Z,138.039993
2025-08-25T20:00:00Z,115.040001
2025-08-25T21:00:00Z,105.150002
2025-08-25T22:00:00Z,105.800003
2025-08-25T23:00:00Z,100.440002
2025-08-26T00:00:00Z,96.580002
2025-08-26T01:00:00Z,94.790001
2025-08-26T02:00:00Z,96.269997
2025-08-26T03:00:00Z,106.599998
2025-08-26T04:00:00Z,124.589996
2025-08-26T05:00:00Z,123.449997
2025-08-26T06:00:00Z,106.790001
2025-08-26T07:00:00Z,90
2025-08-26T08:00:00Z,80.540001
2025-08-26T09:00:00Z,64.040001
2025-08-26T10:00:00Z,50
2025-08-26T11:00:00Z,36.59
2025-08-26T12:00:00Z,50.080002
2025-08-26T13:00:00Z,72.389999
2025-08-26T14:00:00Z,88.260002
2025-08-26T15:00:00Z,105.050003
2025-08-26T16:00:00Z,131.089996
2025-08-26T17:00:00Z,196.880005
2025-08-26T18:00:00Z,180.169998
2025-08-26T19:00:00Z,123.300003
2025-08-26T20:00:00Z,109.470001
2025-08-26T21:00:00Z,97.669998
2025-08-26T22:00:00Z,96.589996
2025-08-26T23:00:00Z,89.980003
2025-08-27T00:00:00Z,86.519997
2025-08-27T01:00:00Z,87.25
2025-08-27T02:00:00Z,90
2025-08-27T03:00:00Z,96.07
2025-08-27T04:00:00Z,109.099998
2025-08-27T05:00:00Z,115.379997
2025-08-27T06:00:00Z,113.720001
2025-08-27T07:00:00Z,101.629997
2025-08-27T08:00:00Z,86.57
2025-08-27T09:00:00Z,80.029999
2025-08-27T10:00:00Z,64.639999
2025-08-27T11:00:00Z,53.419998
2025-08-27T12:00:00Z,54.830002
2025-08-27T13:00:00Z,76.669998
2025-08-27T14:00:00Z,85.510002
2025-08-27T15:00:00Z,104.940002
2025-08-27T16:00:00Z,134.639999
2025-08-27T17:00:00Z,222.070007
2025-08-27T18:00:00Z,222.039993
2025-08-27T19:00:00Z,128.880005
2025-08-27T20:00:00Z,113.629997
2025-08-27T21:00:00Z,103.57
2025-08-27T22:00:00Z,97.150002
2025-08-27T23:00:00Z,91.919998
2025-08-28T00:00:00Z,87.889999
2025-08-28T01:00:00Z,87.089996
2025-08-28T02:00:00Z,90.230003
2025-08-28T03:00:00Z,98.720001
2025-08-28T04:00:00Z,121.629997
2025-08-28T05:00:00Z,143.789993
2025-08-28T06:00:00Z,144.130005
2025-08-28T07:00:00Z,121.989998
2025-08-28T08:00:00Z,112.269997
2025-08-28T09:00:00Z,108.129997
2025-08-28T10:00:00Z,100.889999
2025-08-28T11:00:00Z,100.959999
2025-08-28T12:00:00Z,100.889999
2025-08-28T13:00:00Z,100.660004
2025-08-28T14:00:00Z,96.220001
2025-08-28T15:00:00Z,130
2025-08-28T16:00:00Z,160.979996
2025-08-28T17:00:00Z,210
2025-08-28T18:00:00Z,153.160004
2025-08-28T19:00:00Z,124.18
2025-08-28T20:00:00Z,107.110001
2025-08-28T21:00:00Z,92.150002
2025-08-28T22:00:00Z,85.040001
2025-08-28T23:00:00Z,83.269997
2025-08-29T00:00:00Z,83.099998
2025-08-29T01:00:00Z,81.589996
2025-08-29T02:00:00Z,83.010002
2025-08-29T03:00:00Z,91
2025-08-29T04:00:00Z,117.550003
2025-08-29T05:00:00Z,121.389999
2025-08-29T06:00:00Z,120
2025-08-29T07:00:00Z,110.389999
2025-08-29T08:00:00Z,84.459999
2025-08-29T09:00:00Z,78.779999
2025-08-29T10:00:00Z,68.449997
2025-08-29T11:00:00Z,54.919998
2025-08-29T12:00:00Z,60.459999
2025-08-29T13:00:00Z,74.300003
2025-08-29T14:00:00Z,85
2025-08-29T15:00:00Z,104.82
2025-08-29T16:00:00Z,118.639999
2025-08-29T17:00:00Z,147.679993
2025-08-29T18:00:00Z,116.5
2025-08-29T19:00:00Z,111.959999
2025-08-29T20:00:00Z,95.699997
2025-08-29T21:00:00Z,86.07
2025-08-29T22:00:00Z,92.5
2025-08-29T23:00:00Z,86.559998
2025-08-30T00:00:00Z,83.279999
2025-08-30T01:00:00Z,81.510002
2025-08-30T02:00:00Z,83.389999
2025-08-30T03:00:00Z,87.410004
2025-08-30T04:00:00Z,95.019997
2025-08-30T05:00:00Z,98.089996
2025-08-30T06:00:00Z,89.639999
2025-08-30T07:00:00Z,78.599998
2025-08-30T08:00:00Z,36.459999
2025-08-30T09:00:00Z,5.23
2025-08-30T10:00:00Z,3.7
2025-08-30T11:00:00Z,3.25
2025-08-30T12:00:00Z,2.88
2025-08-30T13:00:00Z,8.62
2025-08-30T14:00:00Z,9.48
2025-08-30T15:00:00Z,73.040001
2025-08-30T16:00:00Z,94.699997
2025-08-30T17:00:00Z,115.220001
2025-08-30T18:00:00Z,127.059998
2025-08-30T19:00:00Z,110.57
2025-08-30T20:00:00Z,99.290001
2025-08-30T21:00:00Z,87.800003
2025-08-30T22:00:00Z,85.459999
2025-08-30T23:00:00Z,78.910004
2025-08-31T00:00:00Z,67.720001
2025-08-31T01:00:00Z,64.089996
2025-08-31T02:00:00Z,60.93
2025-08-31T03:00:00Z,60.790001
2025-08-31T04:00:00Z,61.119999
2025-08-31T05:00:00Z,54.52
2025-08-31T06:00:00Z,22.299999
2025-08-31T07:00:00Z,5.2
2025-08-31T08:00:00Z,1.94
2025-08-31T09:00:00Z,1.64
2025-08-31T10:00:00Z,1.83
2025-08-31T11:00:00Z,1.66
2025-08-31T12:00:00Z,0
2025-08-31T13:00:00Z,0
2025-08-31T14:00:00Z,25.469999
2025-08-31T15:00:00Z,79.739998
2025-08-31T16:00:00Z,116.360001
2025-08-31T17:00:00Z,135.100006
2025-08-31T18:00:00Z,131.389999
2025-08-31T19:00:00Z,114.150002
2025-08-31T20:00:00Z,100.860001
2025-08-31T21:00:00Z,88.800003
2025-08-31T22:00:00Z,81.449997
2025-08-31T23:00:00Z,80.589996
2025-09-01T00:00:00Z,78.980003
2025-09-01T01:00:00Z,74.940002
2025-09-01T02:00:00Z,74.330002
2025-09-01T03:00:00Z,85.760002
2025-09-01T04:00:00Z,113.970001
2025-09-01T05:00:00Z,123.129997
2025-09-01T06:00:00Z,114.239998
2025-09-01T07:00:00Z,98.190002
2025-09-01T08:00:00Z,82
2025-09-01T09:00:00Z,69.400002
2025-09-01T10:00:00Z,38.27
2025-09-01T11:00:00Z,25.030001
2025-09-01T12:00:00Z,42.73
2025-09-01T13:00:00Z,67.760002
2025-09-01T14:00:00Z,84.669998
2025-09-01T15:00:00Z,109.699997
2025-09-01T16:00:00Z,155.320007
2025-09-01T17:00:00Z,250.649994
2025-09-01T18:00:00Z,210.559998
2025-09-01T19:00:00Z,125.199997
2025-09-01T20:00:00Z,112.400002
2025-09-01T21:00:00Z,100.529999
2025-09-01T22:00:00Z,95.010002
2025-09-01T23:00:00Z,90.110001
2025-09-02T00:00:00Z,90.839996
2025-09-02T01:00:00Z,92.5
2025-09-02T02:00:00Z,94.800003
2025-09-02T03:00:00Z,106.849998
2025-09-02T04:00:00Z,118.470001
2025-09-02T05:00:00Z,153.669998
2025-09-02T06:00:00Z,147.479996
2025-09-02T07:00:00Z,121.050003
2025-09-02T08:00:00Z,102.139999
2025-09-02T09:00:00Z,84.660004
2025-09-02T10:00:00Z,78.940002
2025-09-02T11:00:00Z,79.730003
2025-09-02T12:00:00Z,78.540001
2025-09-02T13:00:00Z,84.370003
2025-09-02T14:00:00Z,95
2025-09-02T15:00:00Z,108.970001
2025-09-02T16:00:00Z,173.160004
2025-09-02T17:00:00Z,311.51001
2025-09-02T18:00:00Z,263.790009
2025-09-02T19:00:00Z,140.919998
2025-09-02T20:00:00Z,110.470001
2025-09-02T21:00:00Z,91.209999
2025-09-02T22:00:00Z,97.25
2025-09-02T23:00:00Z,90.739998
2025-09-03T00:00:00Z,85.949997
2025-09-03T01:00:00Z,81.720001
2025-09-03T02:00:00Z,81.230003
2025-09-03T03:00:00Z,79.5
2025-09-03T04:00:00Z,93.449997
2025-09-03T05:00:00Z,105.610001
2025-09-03T06:00:00Z,105.199997
2025-09-03T07:00:00Z,85.300003
2025-09-03T08:00:00Z,29.040001
2025-09-03T09:00:00Z,2.84
2025-09-03T10:00:00Z,2.38
2025-09-03T11:00:00Z,2.11
2025-09-03T12:00:00Z,2.31
2025-09-03T13:00:00Z,2.02
2025-09-03T14:00:00Z,10
2025-09-03T15:00:00Z,63.459999
2025-09-03T16:00:00Z,80.93
2025-09-03T17:00:00Z,96.309998
2025-09-03T18:00:00Z,90.300003
2025-09-03T19:00:00Z,60.880001
2025-09-03T20:00:00Z,44.189999
2025-09-03T21:00:00Z,38.349998
2025-09-03T22:00:00Z,15.1
2025-09-03T23:00:00Z,15.04
2025-09-04T00:00:00Z,14.88
2025-09-04T01:00:00Z,15.09
2025-09-04T02:00:00Z,24.280001
2025-09-04T03:00:00Z,44.599998
2025-09-04T04:00:00Z,73.089996
2025-09-04T05:00:00Z,96.82
2025-09-04T06:00:00Z,98
2025-09-04T07:00:00Z,77.809998
2025-09-04T08:00:00Z,41.450001
2025-09-04T09:00:00Z,5.79
2025-09-04T10:00:00Z,3.2
2025-09-04T11:00:00Z,3.36
2025-09-04T12:00:00Z,34.889999
2025-09-04T13:00:00Z,71
2025-09-04T14:00:00Z,89.519997
2025-09-04T15:00:00Z,109.129997
2025-09-04T16:00:00Z,191.800003
2025-09-04T17:00:00Z,350
2025-09-04T18:00:00Z,218.820007
2025-09-04T19:00:00Z,124.93
2025-09-04T20:00:00Z,112.139999
2025-09-04T21:00:00Z,101.300003
2025-09-04T22:00:00Z,95.25
2025-09-04T23:00:00Z,86.099998
2025-09-05T00:00:00Z,85.260002
2025-09-05T01:00:00Z,85.199997
2025-09-05T02:00:00Z,85.599998
2025-09-05T03:00:00Z,97.360001
2025-09-05T04:00:00Z,119.160004
2025-09-05T05:00:00Z,132.130005
2025-09-05T06:00:00Z,125.75
2025-09-05T07:00:00Z,100.400002
2025-09-05T08:00:00Z,87.830002
2025-09-05T09:00:00Z,84.150002
2025-09-05T10:00:00Z,78.25
2025-09-05T11:00:00Z,72.190002
2025-09-05T12:00:00Z,70.169998
2025-09-05T13:00:00Z,77.529999
2025-09-05T14:00:00Z,85
2025-09-05T15:00:00Z,90.959999
2025-09-05T16:00:00Z,108.949997
2025-09-05T17:00:00Z,154.529999
2025-09-05T18:00:00Z,150.75
2025-09-05T19:00:00Z,117.099998
2025-09-05T20:00:00Z,107.709999
2025-09-05T21:00:00Z,100.699997
2025-09-05T22:00:00Z,101.209999
2025-09-05T23:00:00Z,100.589996
2025-09-06T00:00:00Z,99.57
2025-09-06T01:00:00Z,97.839996
2025-09-06T02:00:00Z,96.959999
2025-09-06T03:00:00Z,98.010002
2025-09-06T04:00:00Z,97.870003
2025-09-06T05:00:00Z,100.910004
2025-09-06T06:00:00Z,95.980003
2025-09-06T07:00:00Z,79.110001
2025-09-06T08:00:00Z,11.35
2025-09-06T09:00:00Z,2.08
2025-09-06T10:00:00Z,2.06
2025-09-06T11:00:00Z,0.26
2025-09-06T12:00:00Z,0
2025-09-06T13:00:00Z,-0.01
2025-09-06T14:00:00Z,40.990002
2025-09-06T15:00:00Z,87.599998
2025-09-06T16:00:00Z,116.470001
2025-09-06T17:00:00Z,158.389999
2025-09-06T18:00:00Z,139.539993
2025-09-06T19:00:00Z,109.949997
2025-09-06T20:00:00Z,92.949997
2025-09-06T21:00:00Z,82.559998
2025-09-06T22:00:00Z,89.720001
2025-09-06T23:00:00Z,85.019997
2025-09-07T00:00:00Z,80.769997
2025-09-07T01:00:00Z,78.040001
2025-09-07T02:00:00Z,77.57
2025-09-07T03:00:00Z,77.440002
2025-09-07T04:00:00Z,78.040001
2025-09-07T05:00:00Z,55.48
2025-09-07T06:00:00Z,0
2025-09-07T07:00:00Z,-0.09
2025-09-07T08:00:00Z,-0.01
2025-09-07T09:00:00Z,-8.96
2025-09-07T10:00:00Z,-25.32
2025-09-07T11:00:00Z,-34.040001
2025-09-07T12:00:00Z,-31.790001
2025-09-07T13:00:00Z,-12.1
2025-09-07T14:00:00Z,1.66
2025-09-07T15:00:00Z,3.36
2025-09-07T16:00:00Z,92.559998
2025-09-07T17:00:00Z,108.110001
2025-09-07T18:00:00Z,96.25
2025-09-07T19:00:00Z,86.019997
2025-09-07T20:00:00Z,85.010002
2025-09-07T21:00:00Z,82.57
2025-09-07T22:00:00Z,69.199997
2025-09-07T23:00:00Z,69.040001
2025-09-08T00:00:00Z,70.480003
2025-09-08T01:00:00Z,70.410004
2025-09-08T02:00:00Z,72.449997
2025-09-08T03:00:00Z,74.940002
2025-09-08T04:00:00Z,94.290001
2025-09-08T05:00:00Z,106.489998
2025-09-08T06:00:00Z,113.550003
2025-09-08T07:00:00Z,101.849998
2025-09-08T08:00:00Z,85.830002
2025-09-08T09:00:00Z,73.910004
2025-09-08T10:00:00Z,63.619999
2025-09-08T11:00:00Z,58.02
2025-09-08T12:00:00Z,65.610001
2025-09-08T13:00:00Z,72.160004
2025-09-08T14:00:00Z,90.080002
2025-09-08T15:00:00Z,124.279999
2025-09-08T16:00:00Z,196.610001
2025-09-08T17:00:00Z,413.660004
2025-09-08T18:00:00Z,308.519989
2025-09-08T19:00:00Z,152
2025-09-08T20:00:00Z,123.93
2025-09-08T21:00:00Z,113.120003
2025-09-08T22:00:00Z,114.519997
2025-09-08T23:00:00Z,112.459999
2025-09-09T00:00:00Z,110.349998
2025-09-09T01:00:00Z,109.800003
2025-09-09T02:00:00Z,109.989998
2025-09-09T03:00:00Z,118.18
2025-09-09T04:00:00Z,182.389999
2025-09-09T05:00:00Z,293.5
2025-09-09T06:00:00Z,196.979996
2025-09-09T07:00:00Z,127.589996
2025-09-09T08:00:00Z,101.730003
2025-09-09T09:00:00Z,98.919998
2025-09-09T10:00:00Z,85.68
2025-09-09T11:00:00Z,83.230003
2025-09-09T12:00:00Z,82.940002
2025-09-09T13:00:00Z,89.599998
2025-09-09T14:00:00Z,99.959999
2025-09-09T15:00:00Z,127.410004
2025-09-09T16:00:00Z,192.679993
2025-09-09T17:00:00Z,386.399994
2025-09-09T18:00:00Z,215.589996
2025-09-09T19:00:00Z,132.369995
2025-09-09T20:00:00Z,113.709999
2025-09-09T21:00:00Z,106
2025-09-09T22:00:00Z,100.720001
2025-09-09T23:00:00Z,101.160004
2025-09-10T00:00:00Z,98.480003
2025-09-10T01:00:00Z,99.169998
2025-09-10T02:00:00Z,100.139999
2025-09-10T03:00:00Z,107.639999
2025-09-10T04:00:00Z,131.039993
2025-09-10T05:00:00Z,218.809998
2025-09-10T06:00:00Z,171.919998
2025-09-10T07:00:00Z,125.900002
2025-09-10T08:00:00Z,107.330002
2025-09-10T09:00:00Z,97.199997
2025-09-10T10:00:00Z,80.300003
2025-09-10T11:00:00Z,78
2025-09-10T12:00:00Z,82.099998
2025-09-10T13:00:00Z,83.199997
2025-09-10T14:00:00Z,96.709999
2025-09-10T15:00:00Z,123.660004
2025-09-10T16:00:00Z,170.589996
2025-09-10T17:00:00Z,275.190002
2025-09-10T18:00:00Z,169.070007
2025-09-10T19:00:00Z,122.940002
2025-09-10T20:00:00Z,101.580002
2025-09-10T21:00:00Z,87.629997
2025-09-10T22:00:00Z,82.57
2025-09-10T23:00:00Z,79.239998
2025-09-11T00:00:00Z,71.540001
2025-09-11T01:00:00Z,65.230003
2025-09-11T02:00:00Z,65.169998
2025-09-11T03:00:00Z,66.599998
2025-09-11T04:00:00Z,85.870003
2025-09-11T05:00:00Z,85.800003
2025-09-11T06:00:00Z,87
2025-09-11T07:00:00Z,63.630001
2025-09-11T08:00:00Z,41.09
2025-09-11T09:00:00Z,8.23
2025-09-11T10:00:00Z,4.08
2025-09-11T11:00:00Z,2.97
2025-09-11T12:00:00Z,4.25
2025-09-11T13:00:00Z,2.82
2025-09-11T14:00:00Z,8.96
2025-09-11T15:00:00Z,68
2025-09-11T16:00:00Z,106.68
2025-09-11T17:00:00Z,128
2025-09-11T18:00:00Z,123.019997
2025-09-11T19:00:00Z,103.190002
2025-09-11T20:00:00Z,81.199997
2025-09-11T21:00:00Z,63.889999
2025-09-11T22:00:00Z,18.190001
2025-09-11T23:00:00Z,18.040001
2025-09-12T00:00:00Z,15.19
2025-09-12T01:00:00Z,11.13
2025-09-12T02:00:00Z,13.14
2025-09-12T03:00:00Z,13.07
2025-09-12T04:00:00Z,30.1
2025-09-12T05:00:00Z,60
2025-09-12T06:00:00Z,71.199997
2025-09-12T07:00:00Z,44.419998
2025-09-12T08:00:00Z,2.33
2025-09-12T09:00:00Z,0
2025-09-12T10:00:00Z,-1.83
2025-09-12T11:00:00Z,-4.06
2025-09-12T12:00:00Z,-2.01
2025-09-12T13:00:00Z,-0.96
2025-09-12T14:00:00Z,-0.01
2025-09-12T15:00:00Z,51.630001
2025-09-12T16:00:00Z,90.889999
2025-09-12T17:00:00Z,120
2025-09-12T18:00:00Z,123.800003
2025-09-12T19:00:00Z,102.989998
2025-09-12T20:00:00Z,89.5
2025-09-12T21:00:00Z,72.260002
2025-09-12T22:00:00Z,46.84
2025-09-12T23:00:00Z,34.5
2025-09-13T00:00:00Z,24.4
2025-09-13T01:00:00Z,19.65
2025-09-13T02:00:00Z,19.709999
2025-09-13T03:00:00Z,18.99
2025-09-13T04:00:00Z,21.09
2025-09-13T05:00:00Z,36.549999
2025-09-13T06:00:00Z,39
2025-09-13T07:00:00Z,37
2025-09-13T08:00:00Z,14.3
2025-09-13T09:00:00Z,2.37
2025-09-13T10:00:00Z,1.36
2025-09-13T11:00:00Z,1.32
2025-09-13T12:00:00Z,1.37
2025-09-13T13:00:00Z,0
2025-09-13T14:00:00Z,3.88
2025-09-13T15:00:00Z,63
2025-09-13T16:00:00Z,97.510002
2025-09-13T17:00:00Z,116.93
2025-09-13T18:00:00Z,118.769997
2025-09-13T19:00:00Z,111.169998
2025-09-13T20:00:00Z,100
2025-09-13T21:00:00Z,87.18
2025-09-13T22:00:00Z,85.690002
2025-09-13T23:00:00Z,77.57
2025-09-14T00:00:00Z,80.610001
2025-09-14T01:00:00Z,85.93
2025-09-14T02:00:00Z,93.769997
2025-09-14T03:00:00Z,99.82
2025-09-14T04:00:00Z,100.75
2025-09-14T05:00:00Z,105.360001
2025-09-14T06:00:00Z,108.480003
2025-09-14T07:00:00Z,87.779999
2025-09-14T08:00:00Z,61.68
2025-09-14T09:00:00Z,17.58
2025-09-14T10:00:00Z,6.52
2025-09-14T11:00:00Z,0.01
2025-09-14T12:00:00Z,0
2025-09-14T13:00:00Z,0
2025-09-14T14:00:00Z,19.33
2025-09-14T15:00:00Z,98.199997
2025-09-14T16:00:00Z,124.339996
2025-09-14T17:00:00Z,142.020004
2025-09-14T18:00:00Z,123.220001
2025-09-14T19:00:00Z,89.669998
2025-09-14T20:00:00Z,71.639999
2025-09-14T21:00:00Z,14.27
2025-09-14T22:00:00Z,15.81
2025-09-14T23:00:00Z,3.87
2025-09-15T00:00:00Z,1.39
2025-09-15T01:00:00Z,0.01
2025-09-15T02:00:00Z,0
2025-09-15T03:00:00Z,0.9
2025-09-15T04:00:00Z,-0.06
2025-09-15T05:00:00Z,0
2025-09-15T06:00:00Z,3.34
2025-09-15T07:00:00Z,2.34
2025-09-15T08:00:00Z,4.28
2025-09-15T09:00:00Z,0.42
2025-09-15T10:00:00Z,0
2025-09-15T11:00:00Z,-0.01
2025-09-15T12:00:00Z,-0.01
2025-09-15T13:00:00Z,-0.07
2025-09-15T14:00:00Z,0
2025-09-15T15:00:00Z,1.74
2025-09-15T16:00:00Z,3.9
2025-09-15T17:00:00Z,25.58
2025-09-15T18:00:00Z,4.01
2025-09-15T19:00:00Z,2.84
2025-09-15T20:00:00Z,2.91
2025-09-15T21:00:00Z,0.06
2025-09-15T22:00:00Z,1.64
2025-09-15T23:00:00Z,-0.05
2025-09-16T00:00:00Z,-0.11
2025-09-16T01:00:00Z,-0.56
2025-09-16T02:00:00Z,0
2025-09-16T03:00:00Z,0.19
2025-09-16T04:00:00Z,2.32
2025-09-16T05:00:00Z,18.68
2025-09-16T06:00:00Z,24
2025-09-16T07:00:00Z,10
2025-09-16T08:00:00Z,2.85
2025-09-16T09:00:00Z,1.27
2025-09-16T10:00:00Z,0.13
2025-09-16T11:00:00Z,0.65
2025-09-16T12:00:00Z,1.69
2025-09-16T13:00:00Z,0.77
2025-09-16T14:00:00Z,1.67
2025-09-16T15:00:00Z,2.84
2025-09-16T16:00:00Z,4.46
2025-09-16T17:00:00Z,6.7
2025-09-16T18:00:00Z,5.74
2025-09-16T19:00:00Z,2.9
2025-09-16T20:00:00Z,4.14
2025-09-16T21:00:00Z,4
2025-09-16T22:00:00Z,2.37
2025-09-16T23:00:00Z,3.02
2025-09-17T00:00:00Z,3.07
2025-09-17T01:00:00Z,3.07
2025-09-17T02:00:00Z,3.09
2025-09-17T03:00:00Z,4.13
2025-09-17T04:00:00Z,10
2025-09-17T05:00:00Z,59.889999
2025-09-17T06:00:00Z,52.349998
2025-09-17T07:00:00Z,4.29
2025-09-17T08:00:00Z,4.1
2025-09-17T09:00:00Z,4.12
2025-09-17T10:00:00Z,9.1
2025-09-17T11:00:00Z,4.29
2025-09-17T12:00:00Z,5.63
2025-09-17T13:00:00Z,7.12
2025-09-17T14:00:00Z,6.69
2025-09-17T15:00:00Z,50
2025-09-17T16:00:00Z,92.769997
2025-09-17T17:00:00Z,116.209999
2025-09-17T18:00:00Z,110.790001
2025-09-17T19:00:00Z,90.82
2025-09-17T20:00:00Z,76.199997
2025-09-17T21:00:00Z,60
2025-09-17T22:00:00Z,34.509998
2025-09-17T23:00:00Z,27.700001
2025-09-18T00:00:00Z,19.48
2025-09-18T01:00:00Z,14.42
2025-09-18T02:00:00Z,9.08
2025-09-18T03:00:00Z,9.1
2025-09-18T04:00:00Z,45.060001
2025-09-18T05:00:00Z,80.199997
2025-09-18T06:00:00Z,92
2025-09-18T07:00:00Z,72.940002
2025-09-18T08:00:00Z,52.240002
2025-09-18T09:00:00Z,5.89
2025-09-18T10:00:00Z,2.36
2025-09-18T11:00:00Z,2.22
2025-09-18T12:00:00Z,2
2025-09-18T13:00:00Z,2.34
2025-09-18T14:00:00Z,15.31
2025-09-18T15:00:00Z,49.900002
2025-09-18T16:00:00Z,79.239998
2025-09-18T17:00:00Z,98.459999
2025-09-18T18:00:00Z,15
2025-09-18T19:00:00Z,9.05
2025-09-18T20:00:00Z,5.73
2025-09-18T21:00:00Z,4
2025-09-18T22:00:00Z,1.68
2025-09-18T23:00:00Z,6.84
2025-09-19T00:00:00Z,3.6
2025-09-19T01:00:00Z,6.39
2025-09-19T02:00:00Z,8.19
2025-09-19T03:00:00Z,34.029999
2025-09-19T04:00:00Z,56
2025-09-19T05:00:00Z,89
2025-09-19T06:00:00Z,103.970001
2025-09-19T07:00:00Z,95.18
2025-09-19T08:00:00Z,53.700001
2025-09-19T09:00:00Z,13.03
2025-09-19T10:00:00Z,2.36
2025-09-19T11:00:00Z,2.43
2025-09-19T12:00:00Z,2.18
2025-09-19T13:00:00Z,11.97
2025-09-19T14:00:00Z,49.84
2025-09-19T15:00:00Z,84.779999
2025-09-19T16:00:00Z,103
2025-09-19T17:00:00Z,141.399994
2025-09-19T18:00:00Z,142.699997
2025-09-19T19:00:00Z,111.82
2025-09-19T20:00:00Z,86.040001
2025-09-19T21:00:00Z,78.93
2025-09-19T22:00:00Z,87.239998
2025-09-19T23:00:00Z,77.910004
2025-09-20T00:00:00Z,74.989998
2025-09-20T01:00:00Z,74.800003
2025-09-20T02:00:00Z,74.790001
2025-09-20T03:00:00Z,80.209999
2025-09-20T04:00:00Z,88.510002
2025-09-20T05:00:00Z,86.970001
2025-09-20T06:00:00Z,75.290001
2025-09-20T07:00:00Z,24.9
2025-09-20T08:00:00Z,3.02
2025-09-20T09:00:00Z,2
2025-09-20T10:00:00Z,1.59
2025-09-20T11:00:00Z,0.25
2025-09-20T12:00:00Z,0.08
2025-09-20T13:00:00Z,1.43
2025-09-20T14:00:00Z,26.360001
2025-09-20T15:00:00Z,93.839996
2025-09-20T16:00:00Z,122.730003
2025-09-20T17:00:00Z,128.619995
2025-09-20T18:00:00Z,99.080002
2025-09-20T19:00:00Z,81.949997
2025-09-20T20:00:00Z,70.059998
2025-09-20T21:00:00Z,47.209999
2025-09-20T22:00:00Z,8.07
2025-09-20T23:00:00Z,3.7
2025-09-21T00:00:00Z,3.4
2025-09-21T01:00:00Z,1.65
2025-09-21T02:00:00Z,1.62
2025-09-21T03:00:00Z,-0.01
2025-09-21T04:00:00Z,-0.01
2025-09-21T05:00:00Z,1.04
2025-09-21T06:00:00Z,3.01
2025-09-21T07:00:00Z,1.31
2025-09-21T08:00:00Z,0
2025-09-21T09:00:00Z,-0.09
2025-09-21T10:00:00Z,-1.2
2025-09-21T11:00:00Z,-1.61
2025-09-21T12:00:00Z,-1.31
2025-09-21T13:00:00Z,-0.01
2025-09-21T14:00:00Z,0.27
2025-09-21T15:00:00Z,3.05
2025-09-21T16:00:00Z,4.3
2025-09-21T17:00:00Z,69.940002
2025-09-21T18:00:00Z,40.400002
2025-09-21T19:00:00Z,41.990002
2025-09-21T20:00:00Z,14.07
2025-09-21T21:00:00Z,20.049999
2025-09-21T22:00:00Z,3.07
2025-09-21T23:00:00Z,3.9
2025-09-22T00:00:00Z,4.02
2025-09-22T01:00:00Z,4.02
2025-09-22T02:00:00Z,3.1
2025-09-22T03:00:00Z,3.34
2025-09-22T04:00:00Z,5.92
2025-09-22T05:00:00Z,50
2025-09-22T06:00:00Z,100.720001
2025-09-22T07:00:00Z,22.719999
2025-09-22T08:00:00Z,4.4
2025-09-22T09:00:00Z,3.02
2025-09-22T10:00:00Z,2.31
2025-09-22T11:00:00Z,2.4
2025-09-22T12:00:00Z,3.03
2025-09-22T13:00:00Z,2.4
2025-09-22T14:00:00Z,3.06
2025-09-22T15:00:00Z,77.910004
2025-09-22T16:00:00Z,128.080002
2025-09-22T17:00:00Z,140.919998
2025-09-22T18:00:00Z,130
2025-09-22T19:00:00Z,114.239998
2025-09-22T20:00:00Z,97.720001
2025-09-22T21:00:00Z,89.989998
2025-09-22T22:00:00Z,88.599998
2025-09-22T23:00:00Z,90
2025-09-23T00:00:00Z,89.730003
2025-09-23T01:00:00Z,89.93
2025-09-23T02:00:00Z,91.339996
2025-09-23T03:00:00Z,98.110001
2025-09-23T04:00:00Z,122.010002
2025-09-23T05:00:00Z,172.360001
2025-09-23T06:00:00Z,162.800003
2025-09-23T07:00:00Z,125.760002
2025-09-23T08:00:00Z,93.919998
2025-09-23T09:00:00Z,85.510002
2025-09-23T10:00:00Z,77.540001
2025-09-23T11:00:00Z,74.239998
2025-09-23T12:00:00Z,74.25
2025-09-23T13:00:00Z,84.110001
2025-09-23T14:00:00Z,85.760002
2025-09-23T15:00:00Z,102.900002
2025-09-23T16:00:00Z,136.830002
2025-09-23T17:00:00Z,149.580002
2025-09-23T18:00:00Z,115.82
2025-09-23T19:00:00Z,94.019997
2025-09-23T20:00:00Z,84.910004
2025-09-23T21:00:00Z,84.099998
2025-09-23T22:00:00Z,82.669998
2025-09-23T23:00:00Z,82.32
2025-09-24T00:00:00Z,81.610001
2025-09-24T01:00:00Z,77.949997
2025-09-24T02:00:00Z,78.589996
2025-09-24T03:00:00Z,82.669998
2025-09-24T04:00:00Z,109.760002
2025-09-24T05:00:00Z,118.010002
2025-09-24T06:00:00Z,120.449997
2025-09-24T07:00:00Z,107
2025-09-24T08:00:00Z,85.540001
2025-09-24T09:00:00Z,70.089996
2025-09-24T10:00:00Z,27.1
2025-09-24T11:00:00Z,10.66
2025-09-24T12:00:00Z,9.9
2025-09-24T13:00:00Z,15
2025-09-24T14:00:00Z,66.099998
2025-09-24T15:00:00Z,85.690002
2025-09-24T16:00:00Z,113.080002
2025-09-24T17:00:00Z,115.93
2025-09-24T18:00:00Z,113.949997
2025-09-24T19:00:00Z,91.290001
2025-09-24T20:00:00Z,85.5
2025-09-24T21:00:00Z,69.68
2025-09-24T22:00:00Z,73.300003
2025-09-24T23:00:00Z,69.690002
2025-09-25T00:00:00Z,67.809998
2025-09-25T01:00:00Z,68.089996
2025-09-25T02:00:00Z,71.690002
2025-09-25T03:00:00Z,77.330002
2025-09-25T04:00:00Z,108.550003
2025-09-25T05:00:00Z,124.260002
2025-09-25T06:00:00Z,125.580002
2025-09-25T07:00:00Z,104.879997
2025-09-25T08:00:00Z,77.949997
2025-09-25T09:00:00Z,69.239998
2025-09-25T10:00:00Z,38.18
2025-09-25T11:00:00Z,16.030001
2025-09-25T12:00:00Z,20.1
2025-09-25T13:00:00Z,43.66
2025-09-25T14:00:00Z,75
2025-09-25T15:00:00Z,88.790001
2025-09-25T16:00:00Z,117.040001
2025-09-25T17:00:00Z,121.470001
2025-09-25T18:00:00Z,123.75
2025-09-25T19:00:00Z,105.830002
2025-09-25T20:00:00Z,94.769997
2025-09-25T21:00:00Z,81.089996
2025-09-25T22:00:00Z,78.480003
2025-09-25T23:00:00Z,75
2025-09-26T00:00:00Z,73.169998
2025-09-26T01:00:00Z,73.18
2025-09-26T02:00:00Z,74.93
2025-09-26T03:00:00Z,79.730003
2025-09-26T04:00:00Z,90.769997
2025-09-26T05:00:00Z,117.099998
2025-09-26T06:00:00Z,123.559998
2025-09-26T07:00:00Z,103.730003
2025-09-26T08:00:00Z,61.349998
2025-09-26T09:00:00Z,6.7
2025-09-26T10:00:00Z,4.1
2025-09-26T11:00:00Z,5.4
2025-09-26T12:00:00Z,4.4
2025-09-26T13:00:00Z,6.84
2025-09-26T14:00:00Z,6.7
2025-09-26T15:00:00Z,39.360001
2025-09-26T16:00:00Z,86.300003
2025-09-26T17:00:00Z,104.739998
2025-09-26T18:00:00Z,94.800003
2025-09-26T19:00:00Z,80
2025-09-26T20:00:00Z,76.400002
2025-09-26T21:00:00Z,79.779999
2025-09-26T22:00:00Z,84.989998
2025-09-26T23:00:00Z,83.260002
2025-09-27T00:00:00Z,82.699997
2025-09-27T01:00:00Z,81.57
2025-09-27T02:00:00Z,80.32
2025-09-27T03:00:00Z,81.620003
2025-09-27T04:00:00Z,90.290001
2025-09-27T05:00:00Z,100.989998
2025-09-27T06:00:00Z,106.540001
2025-09-27T07:00:00Z,94.440002
2025-09-27T08:00:00Z,54.369999
2025-09-27T09:00:00Z,15.09
2025-09-27T10:00:00Z,5.99
2025-09-27T11:00:00Z,7.4
2025-09-27T12:00:00Z,10
2025-09-27T13:00:00Z,54.689999
2025-09-27T14:00:00Z,85.669998
2025-09-27T15:00:00Z,106.5
2025-09-27T16:00:00Z,132.929993
2025-09-27T17:00:00Z,145.919998
2025-09-27T18:00:00Z,122.529999
2025-09-27T19:00:00Z,113.019997
2025-09-27T20:00:00Z,104.639999
2025-09-27T21:00:00Z,99.540001
2025-09-27T22:00:00Z,95.349998
2025-09-27T23:00:00Z,92.330002
2025-09-28T00:00:00Z,91.970001
2025-09-28T01:00:00Z,91.470001
2025-09-28T02:00:00Z,97.769997
2025-09-28T03:00:00Z,97.580002
2025-09-28T04:00:00Z,100.910004
2025-09-28T05:00:00Z,105.790001
2025-09-28T06:00:00Z,98.769997
2025-09-28T07:00:00Z,95.040001
2025-09-28T08:00:00Z,82.080002
2025-09-28T09:00:00Z,37.470001
2025-09-28T10:00:00Z,17.110001
2025-09-28T11:00:00Z,8.53
2025-09-28T12:00:00Z,13
2025-09-28T13:00:00Z,61.330002
2025-09-28T14:00:00Z,86
2025-09-28T15:00:00Z,105.889999
2025-09-28T16:00:00Z,131.020004
2025-09-28T17:00:00Z,137.970001
2025-09-28T18:00:00Z,125.93
2025-09-28T19:00:00Z,113.510002
2025-09-28T20:00:00Z,102.290001
2025-09-28T21:00:00Z,95.739998
2025-09-28T22:00:00Z,90.949997
2025-09-28T23:00:00Z,88.760002
2025-09-29T00:00:00Z,87.879997
2025-09-29T01:00:00Z,87.940002
2025-09-29T02:00:00Z,88.309998
2025-09-29T03:00:00Z,98.370003
2025-09-29T04:00:00Z,127.93
2025-09-29T05:00:00Z,222.440002
2025-09-29T06:00:00Z,166.910004
2025-09-29T07:00:00Z,122.059998
2025-09-29T08:00:00Z,90.209999
2025-09-29T09:00:00Z,84.949997
2025-09-29T10:00:00Z,78.709999
2025-09-29T11:00:00Z,77.080002
2025-09-29T12:00:00Z,83.330002
2025-09-29T13:00:00Z,87.400002
2025-09-29T14:00:00Z,99.980003
2025-09-29T15:00:00Z,140.789993
2025-09-29T16:00:00Z,302.649994
2025-09-29T17:00:00Z,406.779999
2025-09-29T18:00:00Z,167.600006
2025-09-29T19:00:00Z,123.849998
2025-09-29T20:00:00Z,108.300003
2025-09-29T21:00:00Z,93.68
2025-09-29T22:00:00Z,97.43
2025-09-29T23:00:00Z,91.449997
2025-09-30T00:00:00Z,98.480003
2025-09-30T01:00:00Z,92.220001
2025-09-30T02:00:00Z,98.459999
2025-09-30T03:00:00Z,107.989998
2025-09-30T04:00:00Z,141.860001
2025-09-30T05:00:00Z,244
2025-09-30T06:00:00Z,209.229996
2025-09-30T07:00:00Z,141.850006
2025-09-30T08:00:00Z,115.199997
2025-09-30T09:00:00Z,96.720001
2025-09-30T10:00:00Z,87.910004
2025-09-30T11:00:00Z,86.040001
2025-09-30T12:00:00Z,87.260002
2025-09-30T13:00:00Z,96.800003
2025-09-30T14:00:00Z,104.029999
2025-09-30T15:00:00Z,142.639999
2025-09-30T16:00:00Z,294.540009
2025-09-30T17:00:00Z,357.769989
2025-09-30T18:00:00Z,147.279999
2025-09-30T19:00:00Z,116.040001
2025-09-30T20:00:00Z,101.629997
2025-09-30T21:00:00Z,92.540001
2025-09-30T22:00:00Z,91.5649985
2025-09-30T23:00:00Z,86.284998
2025-10-01T00:00:00Z,84.8725015
2025-10-01T01:00:00Z,88.32499899999999
2025-10-01T02:00:00Z,87.654999
2025-10-01T03:00:00Z,95.32750125
2025-10-01T04:00:00Z,119.14249975
2025-10-01T05:00:00Z,173.2999955
2025-10-01T06:00:00Z,139.0875015
2025-10-01T07:00:00Z,105.25
2025-10-01T08:00:00Z,86.0975
2025-10-01T09:00:00Z,70.67500025
2025-10-01T10:00:00Z,66.02499949999999
2025-10-01T11:00:00Z,68.39999925000001
2025-10-01T12:00:00Z,72.6274985
2025-10-01T13:00:00Z,81.72249975
2025-10-01T14:00:00Z,89.67250175
2025-10-01T15:00:00Z,131.14999975
2025-10-01T16:00:00Z,253.23749925
2025-10-01T17:00:00Z,339.992504
2025-10-01T18:00:00Z,152.02499975
2025-10-01T19:00:00Z,113.035
2025-10-01T20:00:00Z,98.51000025
2025-10-01T21:00:00Z,90.64750125
2025-10-01T22:00:00Z,90.80499825
2025-10-01T23:00:00Z,87.999998
2025-10-02T00:00:00Z,85.82250025
2025-10-02T01:00:00Z,85.795002
2025-10-02T02:00:00Z,87.6849995
2025-10-02T03:00:00Z,93.35500175
2025-10-02T04:00:00Z,121.30750075
2025-10-02T05:00:00Z,162.22999950000002
2025-10-02T06:00:00Z,134.21499825
2025-10-02T07:00:00Z,100.72250175
2025-10-02T08:00:00Z,91.4799995
2025-10-02T09:00:00Z,78.285
2025-10-02T10:00:00Z,65.77000025000001
2025-10-02T11:00:00Z,60.500001
2025-10-02T12:00:00Z,71.289998
2025-10-02T13:00:00Z,80.2874975
2025-10-02T14:00:00Z,86.232502
2025-10-02T15:00:00Z,109.83749975
2025-10-02T16:00:00Z,160.43999675
2025-10-02T17:00:00Z,169.31749925
2025-10-02T18:00:00Z,106.9249995
2025-10-02T19:00:00Z,84.6674975
2025-10-02T20:00:00Z,70
2025-10-02T21:00:00Z,44
2025-10-02T22:00:00Z,22.50000075
2025-10-02T23:00:00Z,14.39999975
2025-10-03T00:00:00Z,14.955
2025-10-03T01:00:00Z,20.9975
2025-10-03T02:00:00Z,12.00000025
2025-10-03T03:00:00Z,13.68249975
2025-10-03T04:00:00Z,30.11249975
2025-10-03T05:00:00Z,77.9974995
2025-10-03T06:00:00Z,100.00000175
2025-10-03T07:00:00Z,64.67999975000001
2025-10-03T08:00:00Z,44.88499975
2025-10-03T09:00:00Z,40.5024995
2025-10-03T10:00:00Z,19.709999
2025-10-03T11:00:00Z,16.5025
2025-10-03T12:00:00Z,20.095
2025-10-03T13:00:00Z,15.00000025
2025-10-03T14:00:00Z,13.2499995
2025-10-03T15:00:00Z,15.16000025
2025-10-03T16:00:00Z,34.730000249999996
2025-10-03T17:00:00Z,24.8749995
2025-10-03T18:00:00Z,40.4000005
2025-10-03T19:00:00Z,25.5724995
2025-10-03T20:00:00Z,9.9775
2025-10-03T21:00:00Z,3.9225
2025-10-03T22:00:00Z,0.7250000000000001
2025-10-03T23:00:00Z,-0.01
2025-10-04T00:00:00Z,-0.0425
2025-10-04T01:00:00Z,-0.0975
2025-10-04T02:00:00Z,-1.1275
2025-10-04T03:00:00Z,-1.89
2025-10-04T04:00:00Z,-1.915
2025-10-04T05:00:00Z,-0.775
2025-10-04T06:00:00Z,-0.3
2025-10-04T07:00:00Z,0.07
2025-10-04T08:00:00Z,0.24
2025-10-04T09:00:00Z,0.105
2025-10-04T10:00:00Z,0
2025-10-04T11:00:00Z,-0.36
2025-10-04T12:00:00Z,-2.045
2025-10-04T13:00:00Z,-1.94
2025-10-04T14:00:00Z,-0.035
2025-10-04T15:00:00Z,0.325
2025-10-04T16:00:00Z,1.7225
2025-10-04T17:00:00Z,3.67
2025-10-04T18:00:00Z,1.98
2025-10-04T19:00:00Z,0.38
2025-10-04T20:00:00Z,0.5
2025-10-04T21:00:00Z,-0.1075
2025-10-04T22:00:00Z,-0.37
2025-10-04T23:00:00Z,-1.0525
2025-10-05T00:00:00Z,-2.76
2025-10-05T01:00:00Z,-3.59
2025-10-05T02:00:00Z,-3.655
2025-10-05T03:00:00Z,-3.6075
2025-10-05T04:00:00Z,-3.3225
2025-10-05T05:00:00Z,-1.2675
2025-10-05T06:00:00Z,-0.01749999999999999
2025-10-05T07:00:00Z,-0.465
2025-10-05T08:00:00Z,-3.33
2025-10-05T09:00:00Z,-2.0175
2025-10-05T10:00:00Z,-3.43
2025-10-05T11:00:00Z,-3.255
2025-10-05T12:00:00Z,-2.875
2025-10-05T13:00:00Z,-2.4025
2025-10-05T14:00:00Z,-0.6875
2025-10-05T15:00:00Z,2.0075
2025-10-05T16:00:00Z,16.08249975
2025-10-05T17:00:00Z,35.04750025
2025-10-05T18:00:00Z,19.83
2025-10-05T19:00:00Z,5.4775
2025-10-05T20:00:00Z,5.202500000000001
2025-10-05T21:00:00Z,4.075
2025-10-05T22:00:00Z,20.84500025
2025-10-05T23:00:00Z,10.055
2025-10-06T00:00:00Z,9.1025
2025-10-06T01:00:00Z,10.7325
2025-10-06T02:00:00Z,16.80000075
2025-10-06T03:00:00Z,22.60250025
2025-10-06T04:00:00Z,58.51500125
2025-10-06T05:00:00Z,101.99999975
2025-10-06T06:00:00Z,95.54749875
2025-10-06T07:00:00Z,86.69499975
2025-10-06T08:00:00Z,83.11499975
2025-10-06T09:00:00Z,80.0025005
2025-10-06T10:00:00Z,78.6075
2025-10-06T11:00:00Z,84
2025-10-06T12:00:00Z,87.7250005
2025-10-06T13:00:00Z,94.5300005
2025-10-06T14:00:00Z,104.55249975
2025-10-06T15:00:00Z,120.3899995
2025-10-06T16:00:00Z,141.817499
2025-10-06T17:00:00Z,168.46500025
2025-10-06T18:00:00Z,133.6775
2025-10-06T19:00:00Z,120.20250125
2025-10-06T20:00:00Z,118.66499925
2025-10-06T21:00:00Z,105.5
2025-10-06T22:00:00Z,100.26500125
2025-10-06T23:00:00Z,93.98749925
2025-10-07T00:00:00Z,89.817501
2025-10-07T01:00:00Z,89.550001
2025-10-07T02:00:00Z,92.9750005
2025-10-07T03:00:00Z,96.74000175
2025-10-07T04:00:00Z,130.50249875
2025-10-07T05:00:00Z,214.32750325
2025-10-07T06:00:00Z,269.76999675
2025-10-07T07:00:00Z,204.87499625
2025-10-07T08:00:00Z,151.47250175
2025-10-07T09:00:00Z,128.29249975
2025-10-07T10:00:00Z,110.9400005
2025-10-07T11:00:00Z,106.1825025
2025-10-07T12:00:00Z,104.13499825
2025-10-07T13:00:00Z,112.97749875
2025-10-07T14:00:00Z,115.05749900000001
2025-10-07T15:00:00Z,145.9674985
2025-10-07T16:00:00Z,197.847496
2025-10-07T17:00:00Z,213.279999
2025-10-07T18:00:00Z,146.345001
2025-10-07T19:00:00Z,123.2424985
2025-10-07T20:00:00Z,107.42500125
2025-10-07T21:00:00Z,97.48500075
2025-10-07T22:00:00Z,93.4524995
2025-10-07T23:00:00Z,88.4375
2025-10-08T00:00:00Z,87.5599995
2025-10-08T01:00:00Z,86.97500225
2025-10-08T02:00:00Z,89.67250075
2025-10-08T03:00:00Z,97.3950025
2025-10-08T04:00:00Z,115.24
2025-10-08T05:00:00Z,153.670002
2025-10-08T06:00:00Z,166.39500025
2025-10-08T07:00:00Z,135.17499924999998
2025-10-08T08:00:00Z,118.4450015
2025-10-08T09:00:00Z,103.32500075
2025-10-08T10:00:00Z,90.82249825
2025-10-08T11:00:00Z,89.08500075
2025-10-08T12:00:00Z,90.21500025
2025-10-08T13:00:00Z,95.09250075
2025-10-08T14:00:00Z,109.8149985
2025-10-08T15:00:00Z,144.6975005
2025-10-08T16:00:00Z,183.8100015
2025-10-08T17:00:00Z,199.00249875
2025-10-08T18:00:00Z,141.69499975
2025-10-08T19:00:00Z,114.04999925
2025-10-08T20:00:00Z,108.23999975
2025-10-08T21:00:00Z,97.8325005
2025-10-08T22:00:00Z,97.2175005
2025-10-08T23:00:00Z,92.585001
2025-10-09T00:00:00Z,93.262501
2025-10-09T01:00:00Z,88.55750075
2025-10-09T02:00:00Z,92.69999875
2025-10-09T03:00:00Z,96.16000175
2025-10-09T04:00:00Z,121.852499
2025-10-09T05:00:00Z,142.85250075
2025-10-09T06:00:00Z,147.67250074999998
2025-10-09T07:00:00Z,130.26750199999998
2025-10-09T08:00:00Z,107.4649965
2025-10-09T09:00:00Z,94.85750025
2025-10-09T10:00:00Z,78.2875005
2025-10-09T11:00:00Z,67.5550005
2025-10-09T12:00:00Z,63.44249925
2025-10-09T13:00:00Z,62.87249925
2025-10-09T14:00:00Z,62.142498
2025-10-09T15:00:00Z,65.01000125
2025-10-09T16:00:00Z,71.89749925
2025-10-09T17:00:00Z,70.44249925
2025-10-09T18:00:00Z,62.84749875
2025-10-09T19:00:00Z,52.1399995
2025-10-09T20:00:00Z,49.714999
2025-10-09T21:00:00Z,42.7924995
2025-10-09T22:00:00Z,55.02000175
2025-10-09T23:00:00Z,45.88
2025-10-10T00:00:00Z,49.0325
2025-10-10T01:00:00Z,45.020000499999995
2025-10-10T02:00:00Z,42.1274995
2025-10-10T03:00:00Z,44.63749975
2025-10-10T04:00:00Z,68.820002
2025-10-10T05:00:00Z,88.89500025000001
2025-10-10T06:00:00Z,95
2025-10-10T07:00:00Z,74.89749875000001
2025-10-10T08:00:00Z,64.72249975
2025-10-10T09:00:00Z,58.66749975
2025-10-10T10:00:00Z,54.15749925
2025-10-10T11:00:00Z,52.934999500000004
2025-10-10T12:00:00Z,50.32749925
2025-10-10T13:00:00Z,49.6499995
2025-10-10T14:00:00Z,59.32000075
2025-10-10T15:00:00Z,75.97499825
2025-10-10T16:00:00Z,93.192501
2025-10-10T17:00:00Z,93.25250225
2025-10-10T18:00:00Z,75.23249824999999
2025-10-10T19:00:00Z,66.61249925
2025-10-10T20:00:00Z,64.82000075
2025-10-10T21:00:00Z,61.5474995
2025-10-10T22:00:00Z,57.812501
2025-10-10T23:00:00Z,59.9375
2025-10-11T00:00:00Z,60.2699995
2025-10-11T01:00:00Z,57.93499975
2025-10-11T02:00:00Z,55.94500075
2025-10-11T03:00:00Z,57.49250125
2025-10-11T04:00:00Z,65.80000100000001
2025-10-11T05:00:00Z,69.9974995
2025-10-11T06:00:00Z,73.36250100000001
2025-10-11T07:00:00Z,70.22500025
2025-10-11T08:00:00Z,68.81749875
2025-10-11T09:00:00Z,63.940001499999994
2025-10-11T10:00:00Z,54.2299995
2025-10-11T11:00:00Z,46.772499
2025-10-11T12:00:00Z,51.03000075
2025-10-11T13:00:00Z,66.9625005
2025-10-11T14:00:00Z,82.96499925
2025-10-11T15:00:00Z,105.085001
2025-10-11T16:00:00Z,120.914999
2025-10-11T17:00:00Z,127.19000075
2025-10-11T18:00:00Z,113.762499
2025-10-11T19:00:00Z,106.9299985
2025-10-11T20:00:00Z,103.31500075
2025-10-11T21:00:00Z,94.82499875
2025-10-11T22:00:00Z,91
2025-10-11T23:00:00Z,84.28000075
2025-10-12T00:00:00Z,80.0474985
2025-10-12T01:00:00Z,71.53499975
2025-10-12T02:00:00Z,70.034998
2025-10-12T03:00:00Z,65.5525
2025-10-12T04:00:00Z,67.35000225
2025-10-12T05:00:00Z,69.84000025
2025-10-12T06:00:00Z,70.9050025
2025-10-12T07:00:00Z,73.32250225
2025-10-12T08:00:00Z,70.94750225
2025-10-12T09:00:00Z,71.8999995
2025-10-12T10:00:00Z,66.88750075
2025-10-12T11:00:00Z,52.15999975
2025-10-12T12:00:00Z,62.47499925
2025-10-12T13:00:00Z,79.98499875
2025-10-12T14:00:00Z,88.0025005
2025-10-12T15:00:00Z,105.550001
2025-10-12T16:00:00Z,108.90500075
2025-10-12T17:00:00Z,116.63999925
2025-10-12T18:00:00Z,115.5275
2025-10-12T19:00:00Z,110.44749825
2025-10-12T20:00:00Z,107.789999
2025-10-12T21:00:00Z,93.44499775
2025-10-12T22:00:00Z,93.45250125
2025-10-12T23:00:00Z,90.2600005
2025-10-13T00:00:00Z,90.8324985
2025-10-13T01:00:00Z,89.12249925
2025-10-13T02:00:00Z,93.4524995
2025-10-13T03:00:00Z,98.0949995
2025-10-13T04:00:00Z,131.41
2025-10-13T05:00:00Z,218.637501
2025-10-13T06:00:00Z,199.557495
2025-10-13T07:00:00Z,150.18500325
2025-10-13T08:00:00Z,125.09750175
2025-10-13T09:00:00Z,110
2025-10-13T10:00:00Z,95.1000005
2025-10-13T11:00:00Z,89.85750025
2025-10-13T12:00:00Z,92.0975
2025-10-13T13:00:00Z,101.84000025
2025-10-13T14:00:00Z,117.90250025
2025-10-13T15:00:00Z,180.59999475
2025-10-13T16:00:00Z,287.02750025
2025-10-13T17:00:00Z,289.947502
2025-10-13T18:00:00Z,186.9524955
2025-10-13T19:00:00Z,136.60999875
2025-10-13T20:00:00Z,117.65750125
2025-10-13T21:00:00Z,106.5824985
2025-10-13T22:00:00Z,105.1749995
2025-10-13T23:00:00Z,100.57999975
2025-10-14T00:00:00Z,96.692499
2025-10-14T01:00:00Z,96.0199985
2025-10-14T02:00:00Z,94.82499875
2025-10-14T03:00:00Z,98.10750025
2025-10-14T04:00:00Z,117.46500025
2025-10-14T05:00:00Z,160.92999650000002
2025-10-14T06:00:00Z,194.40750125
2025-10-14T07:00:00Z,160.54999924999998
2025-10-14T08:00:00Z,136.342497
2025-10-14T09:00:00Z,122.1675035
2025-10-14T10:00:00Z,108.68750025
2025-10-14T11:00:00Z,102.9974975
2025-10-14T12:00:00Z,106.37750025
2025-10-14T13:00:00Z,122.5475005
2025-10-14T14:00:00Z,147.272501
2025-10-14T15:00:00Z,223.30000125
2025-10-14T16:00:00Z,404.95749675
2025-10-14T17:00:00Z,407.20500175
2025-10-14T18:00:00Z,225.48000325
2025-10-14T19:00:00Z,163.04000275
2025-10-14T20:00:00Z,129.8575
2025-10-14T21:00:00Z,115.3599985
2025-10-14T22:00:00Z,115.4624995
2025-10-14T23:00:00Z,111.86500175
2025-10-15T00:00:00Z,107.682501
2025-10-15T01:00:00Z,103.617502
2025-10-15T02:00:00Z,100.8325005
2025-10-15T03:00:00Z,108.28249925
2025-10-15T04:00:00Z,129.7075025
2025-10-15T05:00:00Z,204.57749925
2025-10-15T06:00:00Z,255.88000125
2025-10-15T07:00:00Z,172.915001
2025-10-15T08:00:00Z,138.14000125
2025-10-15T09:00:00Z,119.82499725
2025-10-15T10:00:00Z,112.4624995
2025-10-15T11:00:00Z,104.7300035
2025-10-15T12:00:00Z,103.455002
2025-10-15T13:00:00Z,111.71750075
2025-10-15T14:00:00Z,125.2125015
2025-10-15T15:00:00Z,159.87500175
2025-10-15T16:00:00Z,213.0649985
2025-10-15T17:00:00Z,217.995003
2025-10-15T18:00:00Z,152.012497
2025-10-15T19:00:00Z,120.442501
2025-10-15T20:00:00Z,97.10249875
2025-10-15T21:00:00Z,87.61999875000001
2025-10-15T22:00:00Z,86.647499
2025-10-15T23:00:00Z,82.6225015
2025-10-16T00:00:00Z,84.265001
2025-10-16T01:00:00Z,80.23250225
2025-10-16T02:00:00Z,76.00000175
2025-10-16T03:00:00Z,78.49250025
2025-10-16T04:00:00Z,87.07749749999999
2025-10-16T05:00:00Z,102.692501
2025-10-16T06:00:00Z,123.2749995
2025-10-16T07:00:00Z,115.4224985
2025-10-16T08:00:00Z,88.6525
2025-10-16T09:00:00Z,78.0024985
2025-10-16T10:00:00Z,67.960001
2025-10-16T11:00:00Z,69.0024985
2025-10-16T12:00:00Z,68.670002
2025-10-16T13:00:00Z,73.10250099999999
2025-10-16T14:00:00Z,84.8550015
2025-10-16T15:00:00Z,113.125
2025-10-16T16:00:00Z,128.760002
2025-10-16T17:00:00Z,140.36499775
2025-10-16T18:00:00Z,120.89249775
2025-10-16T19:00:00Z,100.909998
2025-10-16T20:00:00Z,95.30000125
2025-10-16T21:00:00Z,92.67250025
2025-10-16T22:00:00Z,87.87750075
2025-10-16T23:00:00Z,85.8775005
2025-10-17T00:00:00Z,87.340002
2025-10-17T01:00:00Z,87.137501
2025-10-17T02:00:00Z,87.93250075
2025-10-17T03:00:00Z,92.16
2025-10-17T04:00:00Z,100.45249925
2025-10-17T05:00:00Z,127.67499925
2025-10-17T06:00:00Z,144.259998
2025-10-17T07:00:00Z,129.0200005
2025-10-17T08:00:00Z,114.07000175
2025-10-17T09:00:00Z,96.402502
2025-10-17T10:00:00Z,84.99749975
2025-10-17T11:00:00Z,79.71750075
2025-10-17T12:00:00Z,78.89500025
2025-10-17T13:00:00Z,80.31749925
2025-10-17T14:00:00Z,89.76249849999999
2025-10-17T15:00:00Z,115.7750015
2025-10-17T16:00:00Z,129.31000325
2025-10-17T17:00:00Z,130.68999875
2025-10-17T18:00:00Z,116.98749925
2025-10-17T19:00:00Z,104.05499825
2025-10-17T20:00:00Z,102.182501
2025-10-17T21:00:00Z,92.49749925
2025-10-17T22:00:00Z,94.615002
2025-10-17T23:00:00Z,89.85999874999999
2025-10-18T00:00:00Z,89.8125
2025-10-18T01:00:00Z,88.3374995
2025-10-18T02:00:00Z,88.3500005
2025-10-18T03:00:00Z,88.31500075
2025-10-18T04:00:00Z,91.955
2025-10-18T05:00:00Z,109.47249975
2025-10-18T06:00:00Z,114.54749875
2025-10-18T07:00:00Z,102.24250025
2025-10-18T08:00:00Z,91.4675005
2025-10-18T09:00:00Z,80.7875005
2025-10-18T10:00:00Z,73.942499
2025-10-18T11:00:00Z,67.53249925
2025-10-18T12:00:00Z,72.30000125000001
2025-10-18T13:00:00Z,83.5
2025-10-18T14:00:00Z,96.5500015
2025-10-18T15:00:00Z,116.612499
2025-10-18T16:00:00Z,133.23500225
2025-10-18T17:00:00Z,124.82250025
2025-10-18T18:00:00Z,112.04249775
2025-10-18T19:00:00Z,92.55249975
2025-10-18T20:00:00Z,95.58
2025-10-18T21:00:00Z,94.32749925
2025-10-18T22:00:00Z,90.96249975
2025-10-18T23:00:00Z,85.2749995
2025-10-19T00:00:00Z,79.34250075
2025-10-19T01:00:00Z,73.7649995
2025-10-19T02:00:00Z,73.67
2025-10-19T03:00:00Z,76.46500025
2025-10-19T04:00:00Z,75.1425
2025-10-19T05:00:00Z,76.79499975
2025-10-19T06:00:00Z,79.19750225
2025-10-19T07:00:00Z,70.94750125
2025-10-19T08:00:00Z,66.40250025
2025-10-19T09:00:00Z,60.29999925
2025-10-19T10:00:00Z,34.567499999999995
2025-10-19T11:00:00Z,20.29500025
2025-10-19T12:00:00Z,36.21749925
2025-10-19T13:00:00Z,66.77249975000001
2025-10-19T14:00:00Z,75.6949995
2025-10-19T15:00:00Z,89.59749975
2025-10-19T16:00:00Z,94.35499975
2025-10-19T17:00:00Z,84.0750005
2025-10-19T18:00:00Z,70.3500005
2025-10-19T19:00:00Z,66.96999925
2025-10-19T20:00:00Z,64.06999975
2025-10-19T21:00:00Z,55.5625
2025-10-19T22:00:00Z,58.59
2025-10-19T23:00:00Z,54.40750025
2025-10-20T00:00:00Z,53.375
2025-10-20T01:00:00Z,52.07749925
2025-10-20T02:00:00Z,52.200001
2025-10-20T03:00:00Z,52.94750025
2025-10-20T04:00:00Z,63.70750125
2025-10-20T05:00:00Z,80.455
2025-10-20T06:00:00Z,87.41749949999999
2025-10-20T07:00:00Z,79.4449995
2025-10-20T08:00:00Z,67.7725
2025-10-20T09:00:00Z,63.34000025
2025-10-20T10:00:00Z,57.745000000000005
2025-10-20T11:00:00Z,60.27750025
2025-10-20T12:00:00Z,65.17750075000001
2025-10-20T13:00:00Z,70.4624995
2025-10-20T14:00:00Z,74.7975005
2025-10-20T15:00:00Z,89.87000125
2025-10-20T16:00:00Z,92.4574985
2025-10-20T17:00:00Z,84.9924985
2025-10-20T18:00:00Z,63.32250025
2025-10-20T19:00:00Z,64.96250075
2025-10-20T20:00:00Z,60.03250025
2025-10-20T21:00:00Z,50.99999975
2025-10-20T22:00:00Z,61.47999975
2025-10-20T23:00:00Z,43.832499
2025-10-21T00:00:00Z,33.07249925
2025-10-21T01:00:00Z,22.27750025
2025-10-21T02:00:00Z,25.91249975
2025-10-21T03:00:00Z,47.459999
2025-10-21T04:00:00Z,67.652501
2025-10-21T05:00:00Z,80.42750050000001
2025-10-21T06:00:00Z,80.79999925
2025-10-21T07:00:00Z,77.47000125
2025-10-21T08:00:00Z,74.2699985
2025-10-21T09:00:00Z,65.11250125000001
2025-10-21T10:00:00Z,47.455001
2025-10-21T11:00:00Z,31.58250025
2025-10-21T12:00:00Z,33.06
2025-10-21T13:00:00Z,60.2300005
2025-10-21T14:00:00Z,63.52749925
2025-10-21T15:00:00Z,77.09500025
2025-10-21T16:00:00Z,83.209999
2025-10-21T17:00:00Z,74.8100015
2025-10-21T18:00:00Z,69.477499
2025-10-21T19:00:00Z,62.329999
2025-10-21T20:00:00Z,63.0700005
2025-10-21T21:00:00Z,62.6449995
2025-10-21T22:00:00Z,58.38249975
2025-10-21T23:00:00Z,57
2025-10-22T00:00:00Z,57.56250075
2025-10-22T01:00:00Z,58.9525005
2025-10-22T02:00:00Z,61
2025-10-22T03:00:00Z,61.8475
2025-10-22T04:00:00Z,67.71999925
2025-10-22T05:00:00Z,82.3150005
2025-10-22T06:00:00Z,87.46499825
2025-10-22T07:00:00Z,97.22500025
2025-10-22T08:00:00Z,95.5925025
2025-10-22T09:00:00Z,82.8325005
2025-10-22T10:00:00Z,79.335001
2025-10-22T11:00:00Z,79.17749975
2025-10-22T12:00:00Z,86.7425005
2025-10-22T13:00:00Z,105.05249775
2025-10-22T14:00:00Z,123.68499775
2025-10-22T15:00:00Z,183.9400025
2025-10-22T16:00:00Z,291.324997
2025-10-22T17:00:00Z,278.71749525
2025-10-22T18:00:00Z,175.7824975
2025-10-22T19:00:00Z,133.94750025
2025-10-22T20:00:00Z,122.0650005
2025-10-22T21:00:00Z,105.00250075
2025-10-22T22:00:00Z,116.07250225
2025-10-22T23:00:00Z,98.74749925
2025-10-23T00:00:00Z,95.06750125
2025-10-23T01:00:00Z,79.9224985
2025-10-23T02:00:00Z,70.99749775000001
2025-10-23T03:00:00Z,67.52000075
2025-10-23T04:00:00Z,72.25000025
2025-10-23T05:00:00Z,82.282499
2025-10-23T06:00:00Z,89.99999975
2025-10-23T07:00:00Z,83.01750175
2025-10-23T08:00:00Z,79.7024995
2025-10-23T09:00:00Z,68.9700015
2025-10-23T10:00:00Z,65.960001
2025-10-23T11:00:00Z,64.1050005
2025-10-23T12:00:00Z,63.53500075
2025-10-23T13:00:00Z,71.82749925
2025-10-23T14:00:00Z,74.6450025
2025-10-23T15:00:00Z,86.985001
2025-10-23T16:00:00Z,96.942499
2025-10-23T17:00:00Z,97.49249825
2025-10-23T18:00:00Z,87.7124995
2025-10-23T19:00:00Z,82.81499875
2025-10-23T20:00:00Z,77.65750025
2025-10-23T21:00:00Z,60.0824995
2025-10-23T22:00:00Z,18.195
2025-10-23T23:00:00Z,9.835
2025-10-24T00:00:00Z,6.557499999999999
2025-10-24T01:00:00Z,3.6125
2025-10-24T02:00:00Z,3.3425
2025-10-24T03:00:00Z,7.525
2025-10-24T04:00:00Z,23.27750025
2025-10-24T05:00:00Z,64.98499875
2025-10-24T06:00:00Z,84.8724995
2025-10-24T07:00:00Z,76.547501
2025-10-24T08:00:00Z,58.67250025
2025-10-24T09:00:00Z,38.540001
2025-10-24T10:00:00Z,38.76249975
2025-10-24T11:00:00Z,31.81749975
2025-10-24T12:00:00Z,28.27
2025-10-24T13:00:00Z,24.86499975
2025-10-24T14:00:00Z,39.9525005
2025-10-24T15:00:00Z,66.26249975
2025-10-24T16:00:00Z,74.6100005
2025-10-24T17:00:00Z,74.61250125
2025-10-24T18:00:00Z,57.05
2025-10-24T19:00:00Z,41.50749975
2025-10-24T20:00:00Z,28.92250025
2025-10-24T21:00:00Z,9.99750025
2025-10-24T22:00:00Z,3.525
2025-10-24T23:00:00Z,1.3199999999999998
2025-10-25T00:00:00Z,0.925
2025-10-25T01:00:00Z,0.2975
2025-10-25T02:00:00Z,0.1375
2025-10-25T03:00:00Z,0.3125
2025-10-25T04:00:00Z,0.545
2025-10-25T05:00:00Z,1.2875
2025-10-25T06:00:00Z,4.19
2025-10-25T07:00:00Z,8.89
2025-10-25T08:00:00Z,8.0475
2025-10-25T09:00:00Z,6.1975
2025-10-25T10:00:00Z,6.1875
2025-10-25T11:00:00Z,4.8925
2025-10-25T12:00:00Z,5.2075
2025-10-25T13:00:00Z,4.827500000000001
2025-10-25T14:00:00Z,6.085
2025-10-25T15:00:00Z,27.17000025
2025-10-25T16:00:00Z,55.254999
2025-10-25T17:00:00Z,61.265001250000005
2025-10-25T18:00:00Z,41.9800005
2025-10-25T19:00:00Z,20.0824995
2025-10-25T20:00:00Z,16.682499999999997
2025-10-25T21:00:00Z,8.1725
2025-10-25T22:00:00Z,5.5725
2025-10-25T23:00:00Z,3.6975
2025-10-26T00:00:00Z,3.19
2025-10-26T01:00:00Z,2.09
2025-10-26T02:00:00Z,0.7150000000000001
2025-10-26T03:00:00Z,0.425
2025-10-26T04:00:00Z,0.48
2025-10-26T05:00:00Z,1.0575
2025-10-26T06:00:00Z,2.3925
2025-10-26T07:00:00Z,4.3325
2025-10-26T08:00:00Z,3.9025
2025-10-26T09:00:00Z,3.9
2025-10-26T10:00:00Z,4.2425
2025-10-26T11:00:00Z,4.3575
2025-10-26T12:00:00Z,5.14
2025-10-26T13:00:00Z,6.0125
2025-10-26T14:00:00Z,10.6725
2025-10-26T15:00:00Z,29.06250075
2025-10-26T16:00:00Z,46.3775005
2025-10-26T17:00:00Z,45.9125005
2025-10-26T18:00:00Z,40.482499
2025-10-26T19:00:00Z,36.02999975
2025-10-26T20:00:00Z,21.4275005
2025-10-26T21:00:00Z,19.47249975
2025-10-26T22:00:00Z,6.215
2025-10-26T23:00:00Z,3.0425
2025-10-27T00:00:00Z,2.9325
2025-10-27T01:00:00Z,2.8725
2025-10-27T02:00:00Z,2.7425
2025-10-27T03:00:00Z,2.975
2025-10-27T04:00:00Z,10.7825
2025-10-27T05:00:00Z,54.99999925
2025-10-27T06:00:00Z,86.0649985
2025-10-27T07:00:00Z,100.147501
2025-10-27T08:00:00Z,101.8600005
2025-10-27T09:00:00Z,96.73749925
2025-10-27T10:00:00Z,94.63249975
2025-10-27T11:00:00Z,82.69750225
2025-10-27T12:00:00Z,81.12249925
2025-10-27T13:00:00Z,83.3474995
2025-10-27T14:00:00Z,83.664999
2025-10-27T15:00:00Z,99.23250175
2025-10-27T16:00:00Z,110.71999925
2025-10-27T17:00:00Z,126.53749675
2025-10-27T18:00:00Z,113.49750125
2025-10-27T19:00:00Z,95.03499975
2025-10-27T20:00:00Z,77.93999975
2025-10-27T21:00:00Z,74.48000125
2025-10-27T22:00:00Z,62.4249995
2025-10-27T23:00:00Z,44.11
2025-10-28T00:00:00Z,28.8825
2025-10-28T01:00:00Z,18.54250025
2025-10-28T02:00:00Z,10.2225
2025-10-28T03:00:00Z,10.95250025
2025-10-28T04:00:00Z,30.40750025
2025-10-28T05:00:00Z,58.4374995
2025-10-28T06:00:00Z,79.6399995
2025-10-28T07:00:00Z,89.39499825
2025-10-28T08:00:00Z,87.36500175
2025-10-28T09:00:00Z,81.00250075
2025-10-28T10:00:00Z,75.415001
2025-10-28T11:00:00Z,67.80000025
2025-10-28T12:00:00Z,62.7874995
2025-10-28T13:00:00Z,67.9825
2025-10-28T14:00:00Z,78.09999925
2025-10-28T15:00:00Z,86.960001
2025-10-28T16:00:00Z,99.79500025
2025-10-28T17:00:00Z,111.02249925
2025-10-28T18:00:00Z,107.21000075
2025-10-28T19:00:00Z,91.92500125
2025-10-28T20:00:00Z,80.8374995
2025-10-28T21:00:00Z,79.58000025
2025-10-28T22:00:00Z,73.22249975
2025-10-28T23:00:00Z,58.80250075
2025-10-29T00:00:00Z,54.03499975
2025-10-29T01:00:00Z,54.15499975
2025-10-29T02:00:00Z,56.3474985
2025-10-29T03:00:00Z,54.72500025
2025-10-29T04:00:00Z,64.6549995
2025-10-29T05:00:00Z,81.92
2025-10-29T06:00:00Z,98.9400005
2025-10-29T07:00:00Z,100.2649995
2025-10-29T08:00:00Z,85.80499825
2025-10-29T09:00:00Z,71.95249925
2025-10-29T10:00:00Z,70.21250125
2025-10-29T11:00:00Z,70.83749975
2025-10-29T12:00:00Z,77.11249925
2025-10-29T13:00:00Z,88.852499
2025-10-29T14:00:00Z,96.89750075
2025-10-29T15:00:00Z,101.93499925
2025-10-29T16:00:00Z,120.99749975
2025-10-29T17:00:00Z,125.2774985
2025-10-29T18:00:00Z,113.54250125
2025-10-29T19:00:00Z,102.6499995
2025-10-29T20:00:00Z,96.50249875
2025-10-29T21:00:00Z,94.4225005
2025-10-29T22:00:00Z,87.14249975
2025-10-29T23:00:00Z,75.245001
2025-10-30T00:00:00Z,70.1049995
2025-10-30T01:00:00Z,65.5250005
2025-10-30T02:00:00Z,60.4175005
2025-10-30T03:00:00Z,57.1525
2025-10-30T04:00:00Z,60.01249875
2025-10-30T05:00:00Z,69.17749775
2025-10-30T06:00:00Z,79.937498
2025-10-30T07:00:00Z,85.2974985
2025-10-30T08:00:00Z,66.72249975
2025-10-30T09:00:00Z,55.98499975
2025-10-30T10:00:00Z,47.87749975
2025-10-30T11:00:00Z,43.00749975
2025-10-30T12:00:00Z,40.182501
2025-10-30T13:00:00Z,35.9950005
2025-10-30T14:00:00Z,69.8
2025-10-30T15:00:00Z,85.29500075
2025-10-30T16:00:00Z,91.66749975
2025-10-30T17:00:00Z,97.94499975
2025-10-30T18:00:00Z,98.6174985
2025-10-30T19:00:00Z,87.5150015
2025-10-30T20:00:00Z,82.90500075
2025-10-30T21:00:00Z,77.4375
2025-10-30T22:00:00Z,76.9825
2025-10-30T23:00:00Z,81.2325
2025-10-31T00:00:00Z,78.15749925
2025-10-31T01:00:00Z,74.73999975
2025-10-31T02:00:00Z,75.6775
2025-10-31T03:00:00Z,79.762501
2025-10-31T04:00:00Z,71.19999875
2025-10-31T05:00:00Z,82.87750075
2025-10-31T06:00:00Z,108.76749975
2025-10-31T07:00:00Z,100.18000025
2025-10-31T08:00:00Z,83.09000025
2025-10-31T09:00:00Z,75.66999824999999
2025-10-31T10:00:00Z,74.08750175
2025-10-31T11:00:00Z,75.98999950000001
2025-10-31T12:00:00Z,81.932499000000007
2025-10-31T13:00:00Z,95.7675
2025-10-31T14:00:00Z,102.25749975
2025-10-31T15:00:00Z,100.40250025
2025-10-31T16:00:00Z,88.84749975
2025-10-31T17:00:00Z,95.42
2025-10-31T18:00:00Z,83.01749975
2025-10-31T19:00:00Z,76.70999900000001
2025-10-31T20:00:00Z,74.11499975
2025-10-31T21:00:00Z,67.66500075
2025-10-31T22:00:00Z,53.60250075
2025-10-31T23:00:00Z,50.2924995
2025-11-01T00:00:00Z,32.597501
2025-11-01T01:00:00Z,21.965
2025-11-01T02:00:00Z,18.29749975
2025-11-01T03:00:00Z,14.79500025
2025-11-01T04:00:00Z,12.145
2025-11-01T05:00:00Z,11.615
2025-11-01T06:00:00Z,17.5925
2025-11-01T07:00:00Z,29.94999975
2025-11-01T08:00:00Z,27.04500075
2025-11-01T09:00:00Z,18.29999975
2025-11-01T10:00:00Z,15.75749975
2025-11-01T11:00:00Z,21.01500025
2025-11-01T12:00:00Z,31.74000025
2025-11-01T13:00:00Z,48.40750025
2025-11-01T14:00:00Z,51.98500075
2025-11-01T15:00:00Z,67
2025-11-01T16:00:00Z,73.25749975
2025-11-01T17:00:00Z,75.89750125
2025-11-01T18:00:00Z,68.75000025
2025-11-01T19:00:00Z,66.60250099999999
2025-11-01T20:00:00Z,65.675001
2025-11-01T21:00:00Z,66.79750075
2025-11-01T22:00:00Z,65.762501
2025-11-01T23:00:00Z,51.88499925
2025-11-02T00:00:00Z,53.317500249999995
2025-11-02T01:00:00Z,53.562499
2025-11-02T02:00:00Z,54.802499999999995
2025-11-02T03:00:00Z,57.54
2025-11-02T04:00:00Z,56.11499975
2025-11-02T05:00:00Z,57.022501
2025-11-02T06:00:00Z,63.40750025
2025-11-02T07:00:00Z,68.69500049999999
2025-11-02T08:00:00Z,67.39749925
2025-11-02T09:00:00Z,65.597501
2025-11-02T10:00:00Z,64.5825015
2025-11-02T11:00:00Z,65.67249975
2025-11-02T12:00:00Z,68.897501
2025-11-02T13:00:00Z,80.7124995
2025-11-02T14:00:00Z,98.392498
2025-11-02T15:00:00Z,105.072502
2025-11-02T16:00:00Z,130.9225005
2025-11-02T17:00:00Z,130.3150025
2025-11-02T18:00:00Z,113.607498
2025-11-02T19:00:00Z,98.60000025
2025-11-02T20:00:00Z,91.48250025
2025-11-02T21:00:00Z,85.2800025
2025-11-02T22:00:00Z,78.215002
2025-11-02T23:00:00Z,79.612499
2025-11-03T00:00:00Z,75.91499875
2025-11-03T01:00:00Z,69.81749825
2025-11-03T02:00:00Z,68.87499825
2025-11-03T03:00:00Z,67.5824985
2025-11-03T04:00:00Z,65.01249975
2025-11-03T05:00:00Z,84.4525015
2025-11-03T06:00:00Z,88.58
2025-11-03T07:00:00Z,86.42749975
2025-11-03T08:00:00Z,83.6275005
2025-11-03T09:00:00Z,73.74250025
2025-11-03T10:00:00Z,67.89250175000001
2025-11-03T11:00:00Z,66.6274985
2025-11-03T12:00:00Z,66.50999825
2025-11-03T13:00:00Z,66.9524975
2025-11-03T14:00:00Z,68.3949995
2025-11-03T15:00:00Z,69.9974995
2025-11-03T16:00:00Z,90
2025-11-03T17:00:00Z,78.4399985
2025-11-03T18:00:00Z,64.61499975
2025-11-03T19:00:00Z,62.72500025
2025-11-03T20:00:00Z,57.812499
2025-11-03T21:00:00Z,46.245
2025-11-03T22:00:00Z,27.43
2025-11-03T23:00:00Z,15.54999975
2025-11-04T00:00:00Z,7.2575
2025-11-04T01:00:00Z,4.925
2025-11-04T02:00:00Z,5.68
2025-11-04T03:00:00Z,6.3325
2025-11-04T04:00:00Z,11.89499975
2025-11-04T05:00:00Z,27.9800005
2025-11-04T06:00:00Z,47.122499500000004
2025-11-04T07:00:00Z,63.75249975
2025-11-04T08:00:00Z,60.00000025
2025-11-04T09:00:00Z,58.465001
2025-11-04T10:00:00Z,52.870001
2025-11-04T11:00:00Z,50.1525
2025-11-04T12:00:00Z,60.72249975
2025-11-04T13:00:00Z,64.11250125
2025-11-04T14:00:00Z,69.73999775
2025-11-04T15:00:00Z,73.82749925
2025-11-04T16:00:00Z,99.06749725
2025-11-04T17:00:00Z,89.9974995
2025-11-04T18:00:00Z,79.99999825
2025-11-04T19:00:00Z,69.03249925
2025-11-04T20:00:00Z,66.254999
2025-11-04T21:00:00Z,67.94249925
2025-11-04T22:00:00Z,67.28750125
2025-11-04T23:00:00Z,58.0000005
2025-11-05T00:00:00Z,66.455
2025-11-05T01:00:00Z,64.9975005
2025-11-05T02:00:00Z,63.997499500000004
2025-11-05T03:00:00Z,62.4399995
2025-11-05T04:00:00Z,64.3999985
2025-11-05T05:00:00Z,72.67250075
2025-11-05T06:00:00Z,80.46749875
2025-11-05T07:00:00Z,78.47999899999999
2025-11-05T08:00:00Z,72.90750125
2025-11-05T09:00:00Z,62.882501
2025-11-05T10:00:00Z,62.007499749999994
2025-11-05T11:00:00Z,62.07000175
2025-11-05T12:00:00Z,71.7350005
2025-11-05T13:00:00Z,81.022501
2025-11-05T14:00:00Z,91.46500025
2025-11-05T15:00:00Z,116.7700005
2025-11-05T16:00:00Z,128.22249775
2025-11-05T17:00:00Z,112.80750075
2025-11-05T18:00:00Z,103.7774985
2025-11-05T19:00:00Z,94.12749875
2025-11-05T20:00:00Z,90.52249875
2025-11-05T21:00:00Z,86.04499825
2025-11-05T22:00:00Z,81.37999925
2025-11-05T23:00:00Z,87.0949995
2025-11-06T00:00:00Z,88.5599995
2025-11-06T01:00:00Z,87.879999
2025-11-06T02:00:00Z,87.8374975
2025-11-06T03:00:00Z,83.7975005
2025-11-06T04:00:00Z,84.35250099999999
2025-11-06T05:00:00Z,106.53750225
2025-11-06T06:00:00Z,126.69000025
2025-11-06T07:00:00Z,118.33
2025-11-06T08:00:00Z,93.21250125
2025-11-06T09:00:00Z,85.157501
2025-11-06T10:00:00Z,83.70000075
2025-11-06T11:00:00Z,83.9925
2025-11-06T12:00:00Z,87.18000025
2025-11-06T13:00:00Z,99.48500075
2025-11-06T14:00:00Z,123.512501
2025-11-06T15:00:00Z,147.494997
2025-11-06T16:00:00Z,154.255001
2025-11-06T17:00:00Z,137.447498
2025-11-06T18:00:00Z,126.45999725
2025-11-06T19:00:00Z,114.96499825
2025-11-06T20:00:00Z,100.9800015
2025-11-06T21:00:00Z,97.4799995
2025-11-06T22:00:00Z,90.549999
2025-11-06T23:00:00Z,90.17250075
2025-11-07T00:00:00Z,88.8150005
2025-11-07T01:00:00Z,89.59750149999999
2025-11-07T02:00:00Z,89.6049995
2025-11-07T03:00:00Z,85.89999775
2025-11-07T04:00:00Z,87.549999
2025-11-07T05:00:00Z,107.8100015
2025-11-07T06:00:00Z,127.18749825
2025-11-07T07:00:00Z,123.5324995
2025-11-07T08:00:00Z,104.90250025
2025-11-07T09:00:00Z,93.38000075
2025-11-07T10:00:00Z,89.98750100000001
2025-11-07T11:00:00Z,88.80250175
2025-11-07T12:00:00Z,92.05249975
2025-11-07T13:00:00Z,97.92750175
2025-11-07T14:00:00Z,121.45749875
2025-11-07T15:00:00Z,165.12250525000002
2025-11-07T16:00:00Z,178.53999725
2025-11-07T17:00:00Z,145.6849975
2025-11-07T18:00:00Z,129.227499
2025-11-07T19:00:00Z,115.99749925
2025-11-07T20:00:00Z,106.65249825
2025-11-07T21:00:00Z,98.2700005
2025-11-07T22:00:00Z,92.0524995
2025-11-07T23:00:00Z,96.52999875
2025-11-08T00:00:00Z,96.324999
2025-11-08T01:00:00Z,93.99249825
2025-11-08T02:00:00Z,93.97250175
2025-11-08T03:00:00Z,93.56500075
2025-11-08T04:00:00Z,94.19500175
2025-11-08T05:00:00Z,94.33749975
2025-11-08T06:00:00Z,103.835001
2025-11-08T07:00:00Z,105.50000025
2025-11-08T08:00:00Z,103.61999900000001
2025-11-08T09:00:00Z,102.1775
2025-11-08T10:00:00Z,96.9475
2025-11-08T11:00:00Z,95.15999775
2025-11-08T12:00:00Z,95.9124985
2025-11-08T13:00:00Z,101.5425015
2025-11-08T14:00:00Z,117.61750025
2025-11-08T15:00:00Z,124.63499825
2025-11-08T16:00:00Z,134.91499900000002
2025-11-08T17:00:00Z,136.532501
2025-11-08T18:00:00Z,131.234997
2025-11-08T19:00:00Z,119.6900005
2025-11-08T20:00:00Z,112.30249975
2025-11-08T21:00:00Z,106.260002
2025-11-08T22:00:00Z,96.90250025
2025-11-08T23:00:00Z,94.78499975
2025-11-09T00:00:00Z,94.55500025
2025-11-09T01:00:00Z,92.82499925
2025-11-09T02:00:00Z,91.13000125
2025-11-09T03:00:00Z,91.64250175
2025-11-09T04:00:00Z,91.6800005
2025-11-09T05:00:00Z,89.932499000000007
2025-11-09T06:00:00Z,88.60999874999999
2025-11-09T07:00:00Z,97.2699985
2025-11-09T08:00:00Z,97.61000075
2025-11-09T09:00:00Z,97.03250125
2025-11-09T10:00:00Z,97.30249975
2025-11-09T11:00:00Z,97.834999
2025-11-09T12:00:00Z,96.39999975
2025-11-09T13:00:00Z,97.3150005
2025-11-09T14:00:00Z,97.79250125
2025-11-09T15:00:00Z,109.84749975
2025-11-09T16:00:00Z,125.09999675
2025-11-09T17:00:00Z,126.102501
2025-11-09T18:00:00Z,117.955
2025-11-09T19:00:00Z,106
2025-11-09T20:00:00Z,93.53750025
2025-11-09T21:00:00Z,92.3125
2025-11-09T22:00:00Z,89.92749775
2025-11-09T23:00:00Z,88.9800015
2025-11-10T00:00:00Z,87.635
2025-11-10T01:00:00Z,83.95999875000001
2025-11-10T02:00:00Z,87.51999875
2025-11-10T03:00:00Z,87.1749995
2025-11-10T04:00:00Z,92.31250025
2025-11-10T05:00:00Z,110.38249975
2025-11-10T06:00:00Z,142.994997
2025-11-10T07:00:00Z,157.87499624999998
2025-11-10T08:00:00Z,141.99750325
2025-11-10T09:00:00Z,126.2749995
2025-11-10T10:00:00Z,115.24499900000001
2025-11-10T11:00:00Z,105.9225005
2025-11-10T12:00:00Z,108.41000175
2025-11-10T13:00:00Z,115.5650005
2025-11-10T14:00:00Z,121.767498
2025-11-10T15:00:00Z,130.119999
2025-11-10T16:00:00Z,139.295002
2025-11-10T17:00:00Z,120.7249985
2025-11-10T18:00:00Z,103.67749975
2025-11-10T19:00:00Z,90.125
2025-11-10T20:00:00Z,86.27499975
2025-11-10T21:00:00Z,83.45499825
2025-11-10T22:00:00Z,77.8374995
2025-11-10T23:00:00Z,77.6899985
2025-11-11T00:00:00Z,76.652502
2025-11-11T01:00:00Z,70.87249975
2025-11-11T02:00:00Z,67.5650005
2025-11-11T03:00:00Z,67.220001
2025-11-11T04:00:00Z,68.05250175
2025-11-11T05:00:00Z,77.69250124999999
2025-11-11T06:00:00Z,91.8025
2025-11-11T07:00:00Z,99.99999825
2025-11-11T08:00:00Z,96.6049995
2025-11-11T09:00:00Z,89.36250125000001
2025-11-11T10:00:00Z,83.98000125
2025-11-11T11:00:00Z,80.30249950000001
2025-11-11T12:00:00Z,81
2025-11-11T13:00:00Z,94.54249925
2025-11-11T14:00:00Z,104.76500125
2025-11-11T15:00:00Z,123.42
2025-11-11T16:00:00Z,133.300003
2025-11-11T17:00:00Z,107.88500025
2025-11-11T18:00:00Z,93.512501
2025-11-11T19:00:00Z,85.62249925
2025-11-11T20:00:00Z,79.7975005
2025-11-11T21:00:00Z,66.6100005
2025-11-11T22:00:00Z,58.447498499999995
2025-11-11T23:00:00Z,60.0024995
2025-11-12T00:00:00Z,56.23000075
2025-11-12T01:00:00Z,52.335
2025-11-12T02:00:00Z,48.6100005
2025-11-12T03:00:00Z,43.6150005
2025-11-12T04:00:00Z,46.04250025
2025-11-12T05:00:00Z,50.00000025
2025-11-12T06:00:00Z,51.97499925
2025-11-12T07:00:00Z,51.397499
2025-11-12T08:00:00Z,50.005
2025-11-12T09:00:00Z,45.434999500000004
2025-11-12T10:00:00Z,47.7425005
2025-11-12T11:00:00Z,49.14750025
2025-11-12T12:00:00Z,49.54
2025-11-12T13:00:00Z,52.39750025
2025-11-12T14:00:00Z,57.8575
2025-11-12T15:00:00Z,53.9525005
2025-11-12T16:00:00Z,74.50249875
2025-11-12T17:00:00Z,68.61750025
2025-11-12T18:00:00Z,65.737499
2025-11-12T19:00:00Z,54.7750005
2025-11-12T20:00:00Z,56.41500075
2025-11-12T21:00:00Z,57.28500075
2025-11-12T22:00:00Z,51.835
2025-11-12T23:00:00Z,30.49499925
2025-11-13T00:00:00Z,18.9725005
2025-11-13T01:00:00Z,11.1875
2025-11-13T02:00:00Z,7.78
2025-11-13T03:00:00Z,6
2025-11-13T04:00:00Z,25.49
2025-11-13T05:00:00Z,42.3074995
2025-11-13T06:00:00Z,54.48250125
2025-11-13T07:00:00Z,64.9225015
2025-11-13T08:00:00Z,53.6099995
2025-11-13T09:00:00Z,49.7925005
2025-11-13T10:00:00Z,42.5250005
2025-11-13T11:00:00Z,47.59500025
2025-11-13T12:00:00Z,59.88749975
2025-11-13T13:00:00Z,64.20750075
2025-11-13T14:00:00Z,67.88749874999999
2025-11-13T15:00:00Z,74.26500125
2025-11-13T16:00:00Z,102.779999
2025-11-13T17:00:00Z,110.85249875
2025-11-13T18:00:00Z,100.99999775
2025-11-13T19:00:00Z,97.2299995
2025-11-13T20:00:00Z,96.0025005
2025-11-13T21:00:00Z,97.69750025
2025-11-13T22:00:00Z,91.3600005
2025-11-13T23:00:00Z,90.727501
2025-11-14T00:00:00Z,90.56749925
2025-11-14T01:00:00Z,84.1525
2025-11-14T02:00:00Z,81.32249825
2025-11-14T03:00:00Z,79.67
2025-11-14T04:00:00Z,79.2549995
2025-11-14T05:00:00Z,102.33
2025-11-14T06:00:00Z,126.955
2025-11-14T07:00:00Z,136.3849965
2025-11-14T08:00:00Z,120.9000015
2025-11-14T09:00:00Z,111.92250075
2025-11-14T10:00:00Z,105.26999875
2025-11-14T11:00:00Z,101.22500025
2025-11-14T12:00:00Z,102.19750025
2025-11-14T13:00:00Z,102.59000025
2025-11-14T14:00:00Z,111.674999
2025-11-14T15:00:00Z,109.15999975
2025-11-14T16:00:00Z,121.402502
2025-11-14T17:00:00Z,101.67
2025-11-14T18:00:00Z,92.56999975
2025-11-14T19:00:00Z,82.75999825
2025-11-14T20:00:00Z,76.5725
2025-11-14T21:00:00Z,63.29999925
2025-11-14T22:00:00Z,59.785
2025-11-14T23:00:00Z,60.99999875
2025-11-15T00:00:00Z,60.76750075
2025-11-15T01:00:00Z,57.620000000000005
2025-11-15T02:00:00Z,55.00999925
2025-11-15T03:00:00Z,52.6799995
2025-11-15T04:00:00Z,53.56750025
2025-11-15T05:00:00Z,56.74750025
2025-11-15T06:00:00Z,62.6225005
2025-11-15T07:00:00Z,72.8150005
2025-11-15T08:00:00Z,81.3325005
2025-11-15T09:00:00Z,81.52500125
2025-11-15T10:00:00Z,83.0699995
2025-11-15T11:00:00Z,83.0825005
2025-11-15T12:00:00Z,86.529997
2025-11-15T13:00:00Z,88.3274995
2025-11-15T14:00:00Z,92.6175
2025-11-15T15:00:00Z,96.3199995
2025-11-15T16:00:00Z,111.81999975
2025-11-15T17:00:00Z,115.9174995
2025-11-15T18:00:00Z,105.12000075
2025-11-15T19:00:00Z,94.442499
2025-11-15T20:00:00Z,93.375
2025-11-15T21:00:00Z,94.99999975
2025-11-15T22:00:00Z,95.60999875
2025-11-15T23:00:00Z,93.7475015
2025-11-16T00:00:00Z,95.00000025
2025-11-16T01:00:00Z,93.34749825
2025-11-16T02:00:00Z,91.449999
2025-11-16T03:00:00Z,88.21249775
2025-11-16T04:00:00Z,84.8575
2025-11-16T05:00:00Z,79.27000025000001
2025-11-16T06:00:00Z,82.86749825
2025-11-16T07:00:00Z,86.522499
2025-11-16T08:00:00Z,91.30749875
2025-11-16T09:00:00Z,87.62750075
2025-11-16T10:00:00Z,90.50749975
2025-11-16T11:00:00Z,95.03499975
2025-11-16T12:00:00Z,92.4950005
2025-11-16T13:00:00Z,95.56749925
2025-11-16T14:00:00Z,99.48749925
2025-11-16T15:00:00Z,108.49250025
2025-11-16T16:00:00Z,118.1224995
2025-11-16T17:00:00Z,117.40500075
2025-11-16T18:00:00Z,109.11750225
2025-11-16T19:00:00Z,93.932501
2025-11-16T20:00:00Z,83.37999925
2025-11-16T21:00:00Z,79.98750075000001
2025-11-16T22:00:00Z,68.1624995
2025-11-16T23:00:00Z,68.99500075
2025-11-17T00:00:00Z,65.98999975
2025-11-17T01:00:00Z,63.34250075
2025-11-17T02:00:00Z,58.977501
2025-11-17T03:00:00Z,58.2799995
2025-11-17T04:00:00Z,63.205001
2025-11-17T05:00:00Z,73.6400015
2025-11-17T06:00:00Z,93.0024985
2025-11-17T07:00:00Z,105.0025025
2025-11-17T08:00:00Z,103.635
2025-11-17T09:00:00Z,96.3600005
2025-11-17T10:00:00Z,84.18249875000001
2025-11-17T11:00:00Z,77.8050005
2025-11-17T12:00:00Z,77.78499975
2025-11-17T13:00:00Z,86.9000015
2025-11-17T14:00:00Z,95.09
2025-11-17T15:00:00Z,98.67249875
2025-11-17T16:00:00Z,116.95750025
2025-11-17T17:00:00Z,116.49249825
2025-11-17T18:00:00Z,110.70249925
2025-11-17T19:00:00Z,102.7350005
2025-11-17T20:00:00Z,92.5075015
2025-11-17T21:00:00Z,87.83750175
2025-11-17T22:00:00Z,81.02499975
2025-11-17T23:00:00Z,84.58999825000001
2025-11-18T00:00:00Z,82.70250325
2025-11-18T01:00:00Z,78.9924985
2025-11-18T02:00:00Z,77.70250125
2025-11-18T03:00:00Z,79.99249825000001
2025-11-18T04:00:00Z,82.99749925
2025-11-18T05:00:00Z,91.04750075
2025-11-18T06:00:00Z,104.68250075
2025-11-18T07:00:00Z,119.9274975
2025-11-18T08:00:00Z,107.85999675
2025-11-18T09:00:00Z,92.43249875
2025-11-18T10:00:00Z,89.09499925
2025-11-18T11:00:00Z,89.772501
2025-11-18T12:00:00Z,92.567501
2025-11-18T13:00:00Z,99.9224985
2025-11-18T14:00:00Z,120.595001
2025-11-18T15:00:00Z,144.2649995
2025-11-18T16:00:00Z,152.269997
2025-11-18T17:00:00Z,146.51499925
2025-11-18T18:00:00Z,132.24499725
2025-11-18T19:00:00Z,107.71499825
2025-11-18T20:00:00Z,94.9475005
2025-11-18T21:00:00Z,97.56250025
2025-11-18T22:00:00Z,89.9624995
2025-11-18T23:00:00Z,87.3774985
2025-11-19T00:00:00Z,86.22500025
2025-11-19T01:00:00Z,84.16749975
2025-11-19T02:00:00Z,83.1849995
2025-11-19T03:00:00Z,84.3925
2025-11-19T04:00:00Z,87.15250025
2025-11-19T05:00:00Z,100.51750025
2025-11-19T06:00:00Z,129.35499950000002
2025-11-19T07:00:00Z,139.87250125
2025-11-19T08:00:00Z,119.58749975
2025-11-19T09:00:00Z,102.05249975
2025-11-19T10:00:00Z,95.63750075
2025-11-19T11:00:00Z,93.79500025
2025-11-19T12:00:00Z,97.762501
2025-11-19T13:00:00Z,108.07000175
2025-11-19T14:00:00Z,120.47999975
2025-11-19T15:00:00Z,125.784998
2025-11-19T16:00:00Z,133.137497
2025-11-19T17:00:00Z,122.84749975
2025-11-19T18:00:00Z,120.1150015
2025-11-19T19:00:00Z,106.0725
2025-11-19T20:00:00Z,100.44250125
2025-11-19T21:00:00Z,99.17000025
2025-11-19T22:00:00Z,91.885002
2025-11-19T23:00:00Z,90.6275005
2025-11-20T00:00:00Z,88.092499
2025-11-20T01:00:00Z,87.0324995
2025-11-20T02:00:00Z,86.795
2025-11-20T03:00:00Z,86.945
2025-11-20T04:00:00Z,90.120001
2025-11-20T05:00:00Z,103.05500025
2025-11-20T06:00:00Z,144.07000325
2025-11-20T07:00:00Z,155.4074975
2025-11-20T08:00:00Z,153.159996
2025-11-20T09:00:00Z,140.89249999999998
2025-11-20T10:00:00Z,128.925001
2025-11-20T11:00:00Z,124.68750175
2025-11-20T12:00:00Z,123.6150015
2025-11-20T13:00:00Z,131.62750225
2025-11-20T14:00:00Z,149.3125
2025-11-20T15:00:00Z,173.31499875
2025-11-20T16:00:00Z,175.0999985
2025-11-20T17:00:00Z,162.99750125
2025-11-20T18:00:00Z,155.76999675000002
2025-11-20T19:00:00Z,135.952503
2025-11-20T20:00:00Z,118.449997
2025-11-20T21:00:00Z,107.2800005
2025-11-20T22:00:00Z,93.63499825
2025-11-20T23:00:00Z,98.5874995
2025-11-21T00:00:00Z,93.49
2025-11-21T01:00:00Z,89.55999750000001
2025-11-21T02:00:00Z,88.875
2025-11-21T03:00:00Z,91.2824995
2025-11-21T04:00:00Z,98.8024995
2025-11-21T05:00:00Z,128.58749975
2025-11-21T06:00:00Z,180.420002
2025-11-21T07:00:00Z,205.3824995
2025-11-21T08:00:00Z,181.83000175
2025-11-21T09:00:00Z,151.0149995
2025-11-21T10:00:00Z,137.71999925
2025-11-21T11:00:00Z,130.3425025
2025-11-21T12:00:00Z,135.5750025
2025-11-21T13:00:00Z,153.75250225
2025-11-21T14:00:00Z,196.6100005
2025-11-21T15:00:00Z,251.31749725
2025-11-21T16:00:00Z,250.0075035
2025-11-21T17:00:00Z,205.0875015
2025-11-21T18:00:00Z,171.3675005
2025-11-21T19:00:00Z,141.95000075
2025-11-21T20:00:00Z,117.30750075
2025-11-21T21:00:00Z,103.732502
2025-11-21T22:00:00Z,94.2250005
2025-11-21T23:00:00Z,100.42249875
2025-11-22T00:00:00Z,94.42749975
2025-11-22T01:00:00Z,88.44000249999999
2025-11-22T02:00:00Z,85.27750025
2025-11-22T03:00:00Z,81.369999000000007
2025-11-22T04:00:00Z,78
2025-11-22T05:00:00Z,78.17250050000001
2025-11-22T06:00:00Z,82.15750125
2025-11-22T07:00:00Z,83.67499925
2025-11-22T08:00:00Z,81.5
2025-11-22T09:00:00Z,82.01000225
2025-11-22T10:00:00Z,78.557497
2025-11-22T11:00:00Z,76.25749975
2025-11-22T12:00:00Z,75.36750025
2025-11-22T13:00:00Z,80.397503
2025-11-22T14:00:00Z,77.539999
2025-11-22T15:00:00Z,85.51000025
2025-11-22T16:00:00Z,88.352499
2025-11-22T17:00:00Z,84.03249925
2025-11-22T18:00:00Z,73.86499950000001
2025-11-22T19:00:00Z,70.8200015
2025-11-22T20:00:00Z,70
2025-11-22T21:00:00Z,68.499998
2025-11-22T22:00:00Z,66.69250100000001
2025-11-22T23:00:00Z,50.89249975
2025-11-23T00:00:00Z,48.4300005
2025-11-23T01:00:00Z,46.4849985
2025-11-23T02:00:00Z,50.28999975
2025-11-23T03:00:00Z,48.19499975
2025-11-23T04:00:00Z,45.58749975
2025-11-23T05:00:00Z,46.96750075
2025-11-23T06:00:00Z,56.76000025
2025-11-23T07:00:00Z,61.75749975
2025-11-23T08:00:00Z,63.177499999999995
2025-11-23T09:00:00Z,65.97499825
2025-11-23T10:00:00Z,66.69000075
2025-11-23T11:00:00Z,67.862501
2025-11-23T12:00:00Z,65.4575005
2025-11-23T13:00:00Z,69.4274995
2025-11-23T14:00:00Z,77.29000075
2025-11-23T15:00:00Z,77.88750075
2025-11-23T16:00:00Z,80.84000025
2025-11-23T17:00:00Z,82.54249725
2025-11-23T18:00:00Z,83.79500025
2025-11-23T19:00:00Z,77.4124985
2025-11-23T20:00:00Z,74.16
2025-11-23T21:00:00Z,73.42
2025-11-23T22:00:00Z,69.3125
2025-11-23T23:00:00Z,68.92499925
2025-11-24T00:00:00Z,68.9975015
2025-11-24T01:00:00Z,70.147501
2025-11-24T02:00:00Z,69.67500125000001
2025-11-24T03:00:00Z,68.81749925
2025-11-24T04:00:00Z,75.68000025
2025-11-24T05:00:00Z,87.67499925
2025-11-24T06:00:00Z,93.5725005
2025-11-24T07:00:00Z,98.994999000000007
2025-11-24T08:00:00Z,104.42000025
2025-11-24T09:00:00Z,117.4474985
2025-11-24T10:00:00Z,127.942499
2025-11-24T11:00:00Z,128.3500005
2025-11-24T12:00:00Z,149.732498
2025-11-24T13:00:00Z,163.549999
2025-11-24T14:00:00Z,183.16000000000005
2025-11-24T15:00:00Z,218.78500375
2025-11-24T16:00:00Z,247.73999800000001
2025-11-24T17:00:00Z,217.550003
2025-11-24T18:00:00Z,180.2599985
2025-11-24T19:00:00Z,147.79250324999998
2025-11-24T20:00:00Z,132.48749924999998
2025-11-24T21:00:00Z,118.71750075
2025-11-24T22:00:00Z,100.3999995
2025-11-24T23:00:00Z,95.02000025
2025-11-25T00:00:00Z,91.39999775
2025-11-25T01:00:00Z,90.11249925
2025-11-25T02:00:00Z,86.3775005
2025-11-25T03:00:00Z,88.44499975
2025-11-25T04:00:00Z,90.58000175
2025-11-25T05:00:00Z,109.6525
2025-11-25T06:00:00Z,242.0875015
2025-11-25T07:00:00Z,297.11750025
2025-11-25T08:00:00Z,260.8149985
2025-11-25T09:00:00Z,273.08499525
2025-11-25T10:00:00Z,320.58000200000004
2025-11-25T11:00:00Z,299.99750525
2025-11-25T12:00:00Z,273.99750525
2025-11-25T13:00:00Z,283.3100055
2025-11-25T14:00:00Z,300.0025025
2025-11-25T15:00:00Z,332.41000375
2025-11-25T16:00:00Z,374.88250725
2025-11-25T17:00:00Z,298.7625045
2025-11-25T18:00:00Z,249.372494
2025-11-25T19:00:00Z,172.83499899999998
2025-11-25T20:00:00Z,135.01999874999998
2025-11-25T21:00:00Z,119.15500275
2025-11-25T22:00:00Z,102.03499975
2025-11-25T23:00:00Z,92.8549995
2025-11-26T00:00:00Z,89.950001
2025-11-26T01:00:00Z,88.32500075
2025-11-26T02:00:00Z,89.4349995
2025-11-26T03:00:00Z,89.80249975000001
2025-11-26T04:00:00Z,97.24999775
2025-11-26T05:00:00Z,129.82249825
2025-11-26T06:00:00Z,191.170002
2025-11-26T07:00:00Z,237.22249975
2025-11-26T08:00:00Z,211.8475
2025-11-26T09:00:00Z,197.13750075
2025-11-26T10:00:00Z,170.49750125
2025-11-26T11:00:00Z,164.682499
2025-11-26T12:00:00Z,168.2374955
2025-11-26T13:00:00Z,184.48999800000001
2025-11-26T14:00:00Z,223.72249975
2025-11-26T15:00:00Z,294.37749875
2025-11-26T16:00:00Z,294.6100005
2025-11-26T17:00:00Z,228.93
2025-11-26T18:00:00Z,183.6749995
2025-11-26T19:00:00Z,141.26000025
2025-11-26T20:00:00Z,114.9475005
2025-11-26T21:00:00Z,101.99250025
2025-11-26T22:00:00Z,90.18750025
2025-11-26T23:00:00Z,89.94499975
2025-11-27T00:00:00Z,83.95750075
2025-11-27T01:00:00Z,79.18000025
2025-11-27T02:00:00Z,73.254999
2025-11-27T03:00:00Z,67.72499825
2025-11-27T04:00:00Z,65.9674985
2025-11-27T05:00:00Z,73.0999985
2025-11-27T06:00:00Z,86.89749725
2025-11-27T07:00:00Z,90.57750125
2025-11-27T08:00:00Z,80.5475005
2025-11-27T09:00:00Z,76.90499875
2025-11-27T10:00:00Z,75.75000025
2025-11-27T11:00:00Z,72.994999000000007
2025-11-27T12:00:00Z,69.994999000000007
2025-11-27T13:00:00Z,70.620001
2025-11-27T14:00:00Z,69.6849995
2025-11-27T15:00:00Z,73.6800005
2025-11-27T16:00:00Z,76.6900025
2025-11-27T17:00:00Z,71.99750125
2025-11-27T18:00:00Z,67.812498
2025-11-27T19:00:00Z,60.874999249999995
2025-11-27T20:00:00Z,57.86000075
2025-11-27T21:00:00Z,55.0075005
2025-11-27T22:00:00Z,52.45750075
2025-11-27T23:00:00Z,39.682499
2025-11-28T00:00:00Z,40.8050005
2025-11-28T01:00:00Z,37.99749925
2025-11-28T02:00:00Z,37.98500075
2025-11-28T03:00:00Z,38.88500025
2025-11-28T04:00:00Z,42.379999
2025-11-28T05:00:00Z,48.50250075
2025-11-28T06:00:00Z,72.52750025
2025-11-28T07:00:00Z,76.32249825
2025-11-28T08:00:00Z,73.71999925
2025-11-28T09:00:00Z,73.69499975
2025-11-28T10:00:00Z,67.62249925
2025-11-28T11:00:00Z,68.442499
2025-11-28T12:00:00Z,69.19999899999999
2025-11-28T13:00:00Z,69.5599995
2025-11-28T14:00:00Z,71.99499875000001
2025-11-28T15:00:00Z,70.09
2025-11-28T16:00:00Z,68.22500025
2025-11-28T17:00:00Z,65.294999
2025-11-28T18:00:00Z,58.880000249999995
2025-11-28T19:00:00Z,56.39250025
2025-11-28T20:00:00Z,53.4425
2025-11-28T21:00:00Z,52.65250025
2025-11-28T22:00:00Z,54.04
2025-11-28T23:00:00Z,47
2025-11-29T00:00:00Z,53.022501
2025-11-29T01:00:00Z,54.97000125
2025-11-29T02:00:00Z,56.99999875
2025-11-29T03:00:00Z,56.69249925
2025-11-29T04:00:00Z,56.49999875
2025-11-29T05:00:00Z,58.27999975
2025-11-29T06:00:00Z,63.744998
2025-11-29T07:00:00Z,68.39249975
2025-11-29T08:00:00Z,72.40250025
2025-11-29T09:00:00Z,72.11500175
2025-11-29T10:00:00Z,72.25250075
2025-11-29T11:00:00Z,72.39750124999999
2025-11-29T12:00:00Z,77.40999975
2025-11-29T13:00:00Z,85.8475
2025-11-29T14:00:00Z,88.99750125
2025-11-29T15:00:00Z,92.9974995
2025-11-29T16:00:00Z,99.51749975
2025-11-29T17:00:00Z,96.9975015
2025-11-29T18:00:00Z,88.4299985
2025-11-29T19:00:00Z,81.11250125000001
2025-11-29T20:00:00Z,78.387499
2025-11-29T21:00:00Z,75.45249725
2025-11-29T22:00:00Z,74.48750125000001
2025-11-29T23:00:00Z,61.214999
2025-11-30T00:00:00Z,64.0600015
2025-11-30T01:00:00Z,60.92249875
2025-11-30T02:00:00Z,56.19999975
2025-11-30T03:00:00Z,53.5075005
2025-11-30T04:00:00Z,48.92499925
2025-11-30T05:00:00Z,53.12
2025-11-30T06:00:00Z,56.997499500000004
2025-11-30T07:00:00Z,58.1075
2025-11-30T08:00:00Z,59.30000125
2025-11-30T09:00:00Z,56.632501
2025-11-30T10:00:00Z,54.88249975
2025-11-30T11:00:00Z,55.83750075
2025-11-30T12:00:00Z,55.675
2025-11-30T13:00:00Z,56.8
2025-11-30T14:00:00Z,60.119999
2025-11-30T15:00:00Z,64.147499
2025-11-30T16:00:00Z,70.555002
2025-11-30T17:00:00Z,68.2975005
2025-11-30T18:00:00Z,66.73749925
2025-11-30T19:00:00Z,65.39249975
2025-11-30T20:00:00Z,64.504999
2025-11-30T21:00:00Z,63.76250075
2025-11-30T22:00:00Z,64.5650005
2025-11-30T23:00:00Z,62.99750075
2025-12-01T00:00:00Z,61.799999
2025-12-01T01:00:00Z,60.6000015
2025-12-01T02:00:00Z,54.735
2025-12-01T03:00:00Z,57.714999
2025-12-01T04:00:00Z,56.21250075
2025-12-01T05:00:00Z,61.59499925
2025-12-01T06:00:00Z,78.772499
2025-12-01T07:00:00Z,79.0199985
2025-12-01T08:00:00Z,81.9975015
2025-12-01T09:00:00Z,81.6050015
2025-12-01T10:00:00Z,79.3374995
2025-12-01T11:00:00Z,76.8099995
2025-12-01T12:00:00Z,78.82750125
2025-12-01T13:00:00Z,78.0025005
2025-12-01T14:00:00Z,78.807501
2025-12-01T15:00:00Z,81.2775
2025-12-01T16:00:00Z,81.00250249999999
2025-12-01T17:00:00Z,75.1450005
2025-12-01T18:00:00Z,70.585001
2025-12-01T19:00:00Z,67.382499
2025-12-01T20:00:00Z,64.49250125
2025-12-01T21:00:00Z,61.789999
2025-12-01T22:00:00Z,59.3550005
2025-12-01T23:00:00Z,53.972501
2025-12-02T00:00:00Z,51.9825
2025-12-02T01:00:00Z,47.98499975
2025-12-02T02:00:00Z,45.47
2025-12-02T03:00:00Z,46.6525005
2025-12-02T04:00:00Z,50.544999
2025-12-02T05:00:00Z,60.61499975
2025-12-02T06:00:00Z,67.2374995
2025-12-02T07:00:00Z,70.5524975
2025-12-02T08:00:00Z,70.0424995
2025-12-02T09:00:00Z,78.2425025
2025-12-02T10:00:00Z,74.9175015
2025-12-02T11:00:00Z,78.9800015
2025-12-02T12:00:00Z,88.46000075
2025-12-02T13:00:00Z,90.1124995
2025-12-02T14:00:00Z,96.5825005
2025-12-02T15:00:00Z,120.72000325
2025-12-02T16:00:00Z,140.48750125
2025-12-02T17:00:00Z,119.52999875
2025-12-02T18:00:00Z,122
2025-12-02T19:00:00Z,104.1900005
2025-12-02T20:00:00Z,99.8724995
2025-12-02T21:00:00Z,94.51499925
2025-12-02T22:00:00Z,96.0324975
2025-12-02T23:00:00Z,90.8024995
2025-12-03T00:00:00Z,89.072502
2025-12-03T01:00:00Z,90.157501
2025-12-03T02:00:00Z,87.8575
2025-12-03T03:00:00Z,85.000002
2025-12-03T04:00:00Z,92.6225015
2025-12-03T05:00:00Z,107.2325
2025-12-03T06:00:00Z,140.69499975
2025-12-03T07:00:00Z,188.079998
2025-12-03T08:00:00Z,169.835003
2025-12-03T09:00:00Z,149.94249725
2025-12-03T10:00:00Z,145.35499975
2025-12-03T11:00:00Z,142.67750175
2025-12-03T12:00:00Z,148.10250075
2025-12-03T13:00:00Z,180.60499975
2025-12-03T14:00:00Z,221.6224975
2025-12-03T15:00:00Z,275.5674935
2025-12-03T16:00:00Z,248.66750325
2025-12-03T17:00:00Z,198.285
2025-12-03T18:00:00Z,168.51999675
2025-12-03T19:00:00Z,142.15750125
2025-12-03T20:00:00Z,117.89249975
2025-12-03T21:00:00Z,104.549999
2025-12-03T22:00:00Z,91.63500025
2025-12-03T23:00:00Z,97.3824995
2025-12-04T00:00:00Z,93.8825015
2025-12-04T01:00:00Z,90.83250075
2025-12-04T02:00:00Z,90.35750025
2025-12-04T03:00:00Z,92.3274995
2025-12-04T04:00:00Z,96.754999
2025-12-04T05:00:00Z,112.30500025
2025-12-04T06:00:00Z,128.40999975
2025-12-04T07:00:00Z,144.70250325
2025-12-04T08:00:00Z,145.56999975
2025-12-04T09:00:00Z,138.404999
2025-12-04T10:00:00Z,148.092499
2025-12-04T11:00:00Z,141.96000275
2025-12-04T12:00:00Z,145.182499
2025-12-04T13:00:00Z,152.05750275
2025-12-04T14:00:00Z,150.9925005
2025-12-04T15:00:00Z,144.75749975
2025-12-04T16:00:00Z,144.69750575
2025-12-04T17:00:00Z,142.3325005
2025-12-04T18:00:00Z,134.5599995
2025-12-04T19:00:00Z,118.107502
2025-12-04T20:00:00Z,103.35249875
2025-12-04T21:00:00Z,97.05249775
2025-12-04T22:00:00Z,90.2125015
2025-12-04T23:00:00Z,95.61749825
2025-12-05T00:00:00Z,93.86249925
2025-12-05T01:00:00Z,90.11750025
2025-12-05T02:00:00Z,85.6624985
2025-12-05T03:00:00Z,81.817501
2025-12-05T04:00:00Z,90.4850005
2025-12-05T05:00:00Z,117.932501
2025-12-05T06:00:00Z,162.414997
2025-12-05T07:00:00Z,184.432503
2025-12-05T08:00:00Z,184.14250175
2025-12-05T09:00:00Z,171.34750350000002
2025-12-05T10:00:00Z,167.51499575
2025-12-05T11:00:00Z,161.55999775
2025-12-05T12:00:00Z,157.44749825
2025-12-05T13:00:00Z,161.17750175
2025-12-05T14:00:00Z,162.34749975
2025-12-05T15:00:00Z,169.4975015
2025-12-05T16:00:00Z,157.38249975
2025-12-05T17:00:00Z,142.32500075000002
2025-12-05T18:00:00Z,117.91250225
2025-12-05T19:00:00Z,108.352499
2025-12-05T20:00:00Z,97.55500225
2025-12-05T21:00:00Z,86.960001
2025-12-05T22:00:00Z,84.12249975
2025-12-05T23:00:00Z,78.14500050000001
2025-12-06T00:00:00Z,75.08999825000001
2025-12-06T01:00:00Z,70.87000075
2025-12-06T02:00:00Z,65.07499875
2025-12-06T03:00:00Z,61.73999975
2025-12-06T04:00:00Z,57.0325005
2025-12-06T05:00:00Z,56.6050005
2025-12-06T06:00:00Z,61.74499975
2025-12-06T07:00:00Z,71.1450005
2025-12-06T08:00:00Z,76.134998
2025-12-06T09:00:00Z,76.342499
2025-12-06T10:00:00Z,77.414999
2025-12-06T11:00:00Z,76.1125015
2025-12-06T12:00:00Z,77.02500125
2025-12-06T13:00:00Z,77.9800015
2025-12-06T14:00:00Z,80.25749975
2025-12-06T15:00:00Z,80.73750125000001
2025-12-06T16:00:00Z,82.50000025
2025-12-06T17:00:00Z,80.64499875
2025-12-06T18:00:00Z,79.1849995
2025-12-06T19:00:00Z,76.09499925
2025-12-06T20:00:00Z,73.2474995
2025-12-06T21:00:00Z,71.34249875
2025-12-06T22:00:00Z,69.530001
2025-12-06T23:00:00Z,67.32249924999999
2025-12-07T00:00:00Z,60.994999500000006
2025-12-07T01:00:00Z,59.4225005
2025-12-07T02:00:00Z,58.5600005
2025-12-07T03:00:00Z,62.075
2025-12-07T04:00:00Z,62.004999
2025-12-07T05:00:00Z,63.71999925
2025-12-07T06:00:00Z,71.834999
2025-12-07T07:00:00Z,77.9974995
2025-12-07T08:00:00Z,85.55500025
2025-12-07T09:00:00Z,90.5300005
2025-12-07T10:00:00Z,91.9224985
2025-12-07T11:00:00Z,97.43750025
2025-12-07T12:00:00Z,99.57250225
2025-12-07T13:00:00Z,104.1449985
2025-12-07T14:00:00Z,105.73499875
2025-12-07T15:00:00Z,108.5
2025-12-07T16:00:00Z,111.81999975
2025-12-07T17:00:00Z,96.87999925
2025-12-07T18:00:00Z,87.4625015
2025-12-07T19:00:00Z,80.370001
2025-12-07T20:00:00Z,71.80749899999999
2025-12-07T21:00:00Z,64.79500025
2025-12-07T22:00:00Z,41.73749975
2025-12-07T23:00:00Z,19.2700005
2025-12-08T00:00:00Z,12.47749975
2025-12-08T01:00:00Z,11.7
2025-12-08T02:00:00Z,6.995
2025-12-08T03:00:00Z,12.89
2025-12-08T04:00:00Z,26.96500025
2025-12-08T05:00:00Z,46.9750005
2025-12-08T06:00:00Z,64.54750075
2025-12-08T07:00:00Z,67.18000025
2025-12-08T08:00:00Z,67.75
2025-12-08T09:00:00Z,66.97999925
2025-12-08T10:00:00Z,66.4349995
2025-12-08T11:00:00Z,67.36750025
2025-12-08T12:00:00Z,66.3450015
2025-12-08T13:00:00Z,66.0725005
2025-12-08T14:00:00Z,69.64500025
2025-12-08T15:00:00Z,69.60749799999999
2025-12-08T16:00:00Z,72.09249875
2025-12-08T17:00:00Z,69.602499
2025-12-08T18:00:00Z,66.08
2025-12-08T19:00:00Z,64.90250025
2025-12-08T20:00:00Z,64.13000025
2025-12-08T21:00:00Z,62.80249975
2025-12-08T22:00:00Z,61.5775005
2025-12-08T23:00:00Z,68.06500025
2025-12-09T00:00:00Z,66.0775015
2025-12-09T01:00:00Z,66.94249925
2025-12-09T02:00:00Z,67.5149995
2025-12-09T03:00:00Z,64.2425005
2025-12-09T04:00:00Z,62.159999
2025-12-09T05:00:00Z,80.77249925000001
2025-12-09T06:00:00Z,98.942501
2025-12-09T07:00:00Z,103.199999
2025-12-09T08:00:00Z,104.6674995
2025-12-09T09:00:00Z,95.3274995
2025-12-09T10:00:00Z,92.805
2025-12-09T11:00:00Z,89.3725015
2025-12-09T12:00:00Z,91.9125005
2025-12-09T13:00:00Z,91.1100005
2025-12-09T14:00:00Z,99.6850015
2025-12-09T15:00:00Z,96.60250075
2025-12-09T16:00:00Z,97.6674995
2025-12-09T17:00:00Z,89.10499949999999
2025-12-09T18:00:00Z,80.44749825
2025-12-09T19:00:00Z,76.25749975
2025-12-09T20:00:00Z,68.7125015
2025-12-09T21:00:00Z,62.59499825
2025-12-09T22:00:00Z,48.0024995
2025-12-09T23:00:00Z,41.18250025
2025-12-10T00:00:00Z,33.38000075
2025-12-10T01:00:00Z,27.9150005
2025-12-10T02:00:00Z,28.86000075
2025-12-10T03:00:00Z,29.30499975
2025-12-10T04:00:00Z,34.0375
2025-12-10T05:00:00Z,43.99250025
2025-12-10T06:00:00Z,61.147499
2025-12-10T07:00:00Z,73.530001
2025-12-10T08:00:00Z,68.65250025
2025-12-10T09:00:00Z,69.205
2025-12-10T10:00:00Z,66.1399995
2025-12-10T11:00:00Z,63.29000125
2025-12-10T12:00:00Z,62.85749925
2025-12-10T13:00:00Z,64.375001
2025-12-10T14:00:00Z,63.5374995
2025-12-10T15:00:00Z,65.05249975000001
2025-12-10T16:00:00Z,65.09249875
2025-12-10T17:00:00Z,62.73999975
2025-12-10T18:00:00Z,58.17500025
2025-12-10T19:00:00Z,55.6075
2025-12-10T20:00:00Z,55.78499975
2025-12-10T21:00:00Z,54.71749975
2025-12-10T22:00:00Z,54.00500025
2025-12-10T23:00:00Z,49.9275005
2025-12-11T00:00:00Z,46.055
2025-12-11T01:00:00Z,42.14499825
2025-12-11T02:00:00Z,36.88749975
2025-12-11T03:00:00Z,33.989999999999995
2025-12-11T04:00:00Z,40.6275005
2025-12-11T05:00:00Z,51.98750025
2025-12-11T06:00:00Z,43.937499
2025-12-11T07:00:00Z,44.84999925
2025-12-11T08:00:00Z,50.11750025
2025-12-11T09:00:00Z,46.43999975
2025-12-11T10:00:00Z,9.37
2025-12-11T11:00:00Z,7.0225
2025-12-11T12:00:00Z,12.2125
2025-12-11T13:00:00Z,53.82499975
2025-12-11T14:00:00Z,70.29500175
2025-12-11T15:00:00Z,67.55750075
2025-12-11T16:00:00Z,73.29249949999999
2025-12-11T17:00:00Z,85.657499
2025-12-11T18:00:00Z,87.32999775
2025-12-11T19:00:00Z,87.875
2025-12-11T20:00:00Z,81.9974995
2025-12-11T21:00:00Z,83.46500025
2025-12-11T22:00:00Z,86.35000025
2025-12-11T23:00:00Z,74.5075015
2025-12-12T00:00:00Z,81.965
2025-12-12T01:00:00Z,84.70499799999999
2025-12-12T02:00:00Z,85.205
2025-12-12T03:00:00Z,82.83
2025-12-12T04:00:00Z,83.44249925
2025-12-12T05:00:00Z,92.90999975
2025-12-12T06:00:00Z,120.2599985
2025-12-12T07:00:00Z,130.85250075
2025-12-12T08:00:00Z,126.9025
2025-12-12T09:00:00Z,121.954998
2025-12-12T10:00:00Z,118.30500025
2025-12-12T11:00:00Z,113.067499
2025-12-12T12:00:00Z,116.045
2025-12-12T13:00:00Z,122.23499875
2025-12-12T14:00:00Z,127.61999900000001
2025-12-12T15:00:00Z,143.10000250000002
2025-12-12T16:00:00Z,145.33750125
2025-12-12T17:00:00Z,130.567499
2025-12-12T18:00:00Z,118.10999675
2025-12-12T19:00:00Z,103.324999
2025-12-12T20:00:00Z,96.46750075
2025-12-12T21:00:00Z,91.1900005
2025-12-12T22:00:00Z,90.112501
2025-12-12T23:00:00Z,91.8775005
2025-12-13T00:00:00Z,90.50249875
2025-12-13T01:00:00Z,86.9974995
2025-12-13T02:00:00Z,82.99499899999999
2025-12-13T03:00:00Z,80.52999875
2025-12-13T04:00:00Z,81.45750025
2025-12-13T05:00:00Z,77.14750075
2025-12-13T06:00:00Z,79.37499825
2025-12-13T07:00:00Z,93.98999975
2025-12-13T08:00:00Z,102.3825015
2025-12-13T09:00:00Z,98.33749975
2025-12-13T10:00:00Z,91.37499775
2025-12-13T11:00:00Z,79.960001
2025-12-13T12:00:00Z,79.47999949999999
2025-12-13T13:00:00Z,80.9974995
2025-12-13T14:00:00Z,88.3724995
2025-12-13T15:00:00Z,100.699999
2025-12-13T16:00:00Z,106.24999975
2025-12-13T17:00:00Z,108.61499975
2025-12-13T18:00:00Z,100.1200005
2025-12-13T19:00:00Z,86.98999975000001
2025-12-13T20:00:00Z,75.8025
2025-12-13T21:00:00Z,62.52999975
2025-12-13T22:00:00Z,56.3175
2025-12-13T23:00:00Z,51.999999
2025-12-14T00:00:00Z,48.1100005
2025-12-14T01:00:00Z,47.78749925
2025-12-14T02:00:00Z,41.535
2025-12-14T03:00:00Z,34.3999995
2025-12-14T04:00:00Z,31.24249975
2025-12-14T05:00:00Z,30.02750075
2025-12-14T06:00:00Z,33.59749975
2025-12-14T07:00:00Z,35.03000075
2025-12-14T08:00:00Z,35.80000025
2025-12-14T09:00:00Z,37.10000025
2025-12-14T10:00:00Z,39.999999
2025-12-14T11:00:00Z,37.0099995
2025-12-14T12:00:00Z,37.09999925
2025-12-14T13:00:00Z,37.8549995
2025-12-14T14:00:00Z,39.74250025
2025-12-14T15:00:00Z,50.55749975
2025-12-14T16:00:00Z,51.1449995
2025-12-14T17:00:00Z,50.84250075
2025-12-14T18:00:00Z,50.0425005
2025-12-14T19:00:00Z,44.5375005
2025-12-14T20:00:00Z,47.9875
2025-12-14T21:00:00Z,45.58
2025-12-14T22:00:00Z,42.8475
2025-12-14T23:00:00Z,30.4499995
2025-12-15T00:00:00Z,31.29000075
2025-12-15T01:00:00Z,29.49249925
2025-12-15T02:00:00Z,29.0350005
2025-12-15T03:00:00Z,30.777500250000003
2025-12-15T04:00:00Z,33.99750025
2025-12-15T05:00:00Z,43.705
2025-12-15T06:00:00Z,57.43999825
2025-12-15T07:00:00Z,66.97500124999999
2025-12-15T08:00:00Z,68.14999975
2025-12-15T09:00:00Z,70.1625005
2025-12-15T10:00:00Z,75.06499875
2025-12-15T11:00:00Z,75.987499
2025-12-15T12:00:00Z,79.9725
2025-12-15T13:00:00Z,87.0024985
2025-12-15T14:00:00Z,95.0824985
2025-12-15T15:00:00Z,99.99999975
2025-12-15T16:00:00Z,103
2025-12-15T17:00:00Z,97.49250025
2025-12-15T18:00:00Z,89.8324985
2025-12-15T19:00:00Z,82.87249975
2025-12-15T20:00:00Z,79.80249950000001
2025-12-15T21:00:00Z,75.81500075
2025-12-15T22:00:00Z,75.32249825
2025-12-15T23:00:00Z,77.73750125000001
2025-12-16T00:00:00Z,77.790001
2025-12-16T01:00:00Z,76.34500125
2025-12-16T02:00:00Z,77.1675015
2025-12-16T03:00:00Z,78.7975005
2025-12-16T04:00:00Z,80.402502
2025-12-16T05:00:00Z,86.98249799999999
2025-12-16T06:00:00Z,89.9050005
2025-12-16T07:00:00Z,99.91749975
2025-12-16T08:00:00Z,97.63249975
2025-12-16T09:00:00Z,92.34499925
2025-12-16T10:00:00Z,90.6075
2025-12-16T11:00:00Z,91.51249875
2025-12-16T12:00:00Z,98.39500025
2025-12-16T13:00:00Z,120.65750125
2025-12-16T14:00:00Z,136.80999574999998
2025-12-16T15:00:00Z,152.84750375
2025-12-16T16:00:00Z,160.90250025
2025-12-16T17:00:00Z,140.85499975
2025-12-16T18:00:00Z,137.09500125
2025-12-16T19:00:00Z,126.19750225
2025-12-16T20:00:00Z,116.66250025
2025-12-16T21:00:00Z,112.26999825
2025-12-16T22:00:00Z,101.03000075
2025-12-16T23:00:00Z,87.3674985
2025-12-17T00:00:00Z,87.8275015
2025-12-17T01:00:00Z,85.03000075
2025-12-17T02:00:00Z,82.522499
2025-12-17T03:00:00Z,83.75
2025-12-17T04:00:00Z,87.664999
2025-12-17T05:00:00Z,93.17999825
2025-12-17T06:00:00Z,107.18249900000001
2025-12-17T07:00:00Z,132.10500125
2025-12-17T08:00:00Z,124.692499
2025-12-17T09:00:00Z,121.7874985
2025-12-17T10:00:00Z,115.29999725
2025-12-17T11:00:00Z,111.8950005
2025-12-17T12:00:00Z,120.959999
2025-12-17T13:00:00Z,129.65750325
2025-12-17T14:00:00Z,127.50250025
2025-12-17T15:00:00Z,126.4975015
2025-12-17T16:00:00Z,122.2425025
2025-12-17T17:00:00Z,111.399998
2025-12-17T18:00:00Z,97.504999
2025-12-17T19:00:00Z,92.39999975
2025-12-17T20:00:00Z,87.5875015
2025-12-17T21:00:00Z,80.8674985
2025-12-17T22:00:00Z,74.99749925
2025-12-17T23:00:00Z,69.5
2025-12-18T00:00:00Z,61.12750075
2025-12-18T01:00:00Z,53.70250025
2025-12-18T02:00:00Z,41.7574995
2025-12-18T03:00:00Z,30.295
2025-12-18T04:00:00Z,27.5000005
2025-12-18T05:00:00Z,45.29500025
2025-12-18T06:00:00Z,57.705
2025-12-18T07:00:00Z,61.3899995
2025-12-18T08:00:00Z,62.1450015
2025-12-18T09:00:00Z,60.30000025
2025-12-18T10:00:00Z,60.34500025
2025-12-18T11:00:00Z,61.3975
2025-12-18T12:00:00Z,65.1875
2025-12-18T13:00:00Z,73.26999875
2025-12-18T14:00:00Z,79.369999000000007
2025-12-18T15:00:00Z,82.41250225
2025-12-18T16:00:00Z,85
2025-12-18T17:00:00Z,79.3999995
2025-12-18T18:00:00Z,69.92249875
2025-12-18T19:00:00Z,63.33
2025-12-18T20:00:00Z,53.255
2025-12-18T21:00:00Z,48.52999975
2025-12-18T22:00:00Z,17.83749975
2025-12-18T23:00:00Z,9.84
2025-12-19T00:00:00Z,5.8575
2025-12-19T01:00:00Z,4.33
2025-12-19T02:00:00Z,3.515
2025-12-19T03:00:00Z,4.0325
2025-12-19T04:00:00Z,9.1825
2025-12-19T05:00:00Z,31.28999975
2025-12-19T06:00:00Z,50.5725005
2025-12-19T07:00:00Z,59.66000075
2025-12-19T08:00:00Z,62.175
2025-12-19T09:00:00Z,62.78500075
2025-12-19T10:00:00Z,63.26000025
2025-12-19T11:00:00Z,61.9074995
2025-12-19T12:00:00Z,61.3999995
2025-12-19T13:00:00Z,62.88749975
2025-12-19T14:00:00Z,73.61000025000001
2025-12-19T15:00:00Z,80.67
2025-12-19T16:00:00Z,81.34499925
2025-12-19T17:00:00Z,73.67750175
2025-12-19T18:00:00Z,52.147499
2025-12-19T19:00:00Z,54.9624995
2025-12-19T20:00:00Z,51.8374995
2025-12-19T21:00:00Z,50.8599995
2025-12-19T22:00:00Z,57.6549995
2025-12-19T23:00:00Z,67.40250125
2025-12-20T00:00:00Z,67.30749775
2025-12-20T01:00:00Z,74.78249925
2025-12-20T02:00:00Z,78.90249825000001
2025-12-20T03:00:00Z,82.03499975
2025-12-20T04:00:00Z,83.12749875
2025-12-20T05:00:00Z,85.45499825
2025-12-20T06:00:00Z,96.78500175
2025-12-20T07:00:00Z,104.36249925
2025-12-20T08:00:00Z,109.530001
2025-12-20T09:00:00Z,106.89500025
2025-12-20T10:00:00Z,104.00250075
2025-12-20T11:00:00Z,103.0975
2025-12-20T12:00:00Z,105.15999975
2025-12-20T13:00:00Z,112.2299995
2025-12-20T14:00:00Z,113.69499975
2025-12-20T15:00:00Z,114.53250125
2025-12-20T16:00:00Z,117.36249925
2025-12-20T17:00:00Z,113.214998
2025-12-20T18:00:00Z,104.1099985
2025-12-20T19:00:00Z,96.38250175
2025-12-20T20:00:00Z,93.01000025
2025-12-20T21:00:00Z,92.24500075
2025-12-20T22:00:00Z,90.67250075
2025-12-20T23:00:00Z,95.69999875
2025-12-21T00:00:00Z,90.045
2025-12-21T01:00:00Z,86.4850005
2025-12-21T02:00:00Z,85.39500225
2025-12-21T03:00:00Z,85.62750075
2025-12-21T04:00:00Z,81.65999975
2025-12-21T05:00:00Z,81.9124985
2025-12-21T06:00:00Z,88.744999000000007
2025-12-21T07:00:00Z,96.40750125
2025-12-21T08:00:00Z,101.51749975
2025-12-21T09:00:00Z,102.5825005
2025-12-21T10:00:00Z,101.2999995
2025-12-21T11:00:00Z,98.48249825
2025-12-21T12:00:00Z,94.8675005
2025-12-21T13:00:00Z,98.8925
2025-12-21T14:00:00Z,100.86999900000001
2025-12-21T15:00:00Z,97.5149995
2025-12-21T16:00:00Z,97.067499
2025-12-21T17:00:00Z,90.79500025
2025-12-21T18:00:00Z,84.99999975
2025-12-21T19:00:00Z,81.65500075
2025-12-21T20:00:00Z,77.8275015
2025-12-21T21:00:00Z,76.1875
2025-12-21T22:00:00Z,70.90499875
2025-12-21T23:00:00Z,70.227499
2025-12-22T00:00:00Z,68.824999
2025-12-22T01:00:00Z,67.78500149999999
2025-12-22T02:00:00Z,66.2700005
2025-12-22T03:00:00Z,65.4825
2025-12-22T04:00:00Z,68.39499875
2025-12-22T05:00:00Z,72.3025015
2025-12-22T06:00:00Z,82.8200015
2025-12-22T07:00:00Z,84.66499925
2025-12-22T08:00:00Z,90.3950025
2025-12-22T09:00:00Z,88.914997
2025-12-22T10:00:00Z,84.91250025
2025-12-22T11:00:00Z,86.3199975
2025-12-22T12:00:00Z,88.48999975
2025-12-22T13:00:00Z,91.99249875
2025-12-22T14:00:00Z,95
2025-12-22T15:00:00Z,100.0075015
2025-12-22T16:00:00Z,106.51250075
2025-12-22T17:00:00Z,100.8999995
2025-12-22T18:00:00Z,93.789999
2025-12-22T19:00:00Z,84.95749875
2025-12-22T20:00:00Z,78.220001
2025-12-22T21:00:00Z,74.77499775
2025-12-22T22:00:00Z,69.76750025
2025-12-22T23:00:00Z,69.53499975
2025-12-23T00:00:00Z,65.03249825
2025-12-23T01:00:00Z,62.004999999999995
2025-12-23T02:00:00Z,59.0600005
2025-12-23T03:00:00Z,58.11250025
2025-12-23T04:00:00Z,58.55999925
2025-12-23T05:00:00Z,67.84749875
2025-12-23T06:00:00Z,77.38750075
2025-12-23T07:00:00Z,83.08749975
2025-12-23T08:00:00Z,85.465
2025-12-23T09:00:00Z,83.83749974999999
2025-12-23T10:00:00Z,81.86750025
2025-12-23T11:00:00Z,80.48500075
2025-12-23T12:00:00Z,79.21249975
2025-12-23T13:00:00Z,79.21499800000001
2025-12-23T14:00:00Z,81.82750125
2025-12-23T15:00:00Z,83.687498
2025-12-23T16:00:00Z,82.46749875
2025-12-23T17:00:00Z,83.945
2025-12-23T18:00:00Z,82.46500225
2025-12-23T19:00:00Z,78.00499875
2025-12-23T20:00:00Z,69.93000025
2025-12-23T21:00:00Z,71.83500125
2025-12-23T22:00:00Z,64.09249875
2025-12-23T23:00:00Z,60.24750025
2025-12-24T00:00:00Z,55.86250025
2025-12-24T01:00:00Z,57.44499975
2025-12-24T02:00:00Z,56.61000075
2025-12-24T03:00:00Z,55.84749975
2025-12-24T04:00:00Z,55.85000025
2025-12-24T05:00:00Z,57.21499925
2025-12-24T06:00:00Z,67.44500074999999
2025-12-24T07:00:00Z,81
2025-12-24T08:00:00Z,82.46999925
2025-12-24T09:00:00Z,76.022501
2025-12-24T10:00:00Z,69.28750025
2025-12-24T11:00:00Z,68.53499975
2025-12-24T12:00:00Z,68.01000225
2025-12-24T13:00:00Z,73.75749975
2025-12-24T14:00:00Z,83.05249975
2025-12-24T15:00:00Z,87.89999974999999
2025-12-24T16:00:00Z,89.380001
2025-12-24T17:00:00Z,78.9075015
2025-12-24T18:00:00Z,71.772501
2025-12-24T19:00:00Z,68.15750025
2025-12-24T20:00:00Z,67.98749925
2025-12-24T21:00:00Z,69.007498
2025-12-24T22:00:00Z,65.16249925
2025-12-24T23:00:00Z,63.21999925
2025-12-25T00:00:00Z,58.442500249999995
2025-12-25T01:00:00Z,56.8575
2025-12-25T02:00:00Z,55.8449995
2025-12-25T03:00:00Z,54.52999975
2025-12-25T04:00:00Z,52.6049995
2025-12-25T05:00:00Z,49.165001
2025-12-25T06:00:00Z,54.02750025
2025-12-25T07:00:00Z,64.205
2025-12-25T08:00:00Z,64.7074995
2025-12-25T09:00:00Z,53.7649995
2025-12-25T10:00:00Z,50.21000025
2025-12-25T11:00:00Z,48.487499
2025-12-25T12:00:00Z,47.86500075
2025-12-25T13:00:00Z,68.5475005
2025-12-25T14:00:00Z,89.4150005
2025-12-25T15:00:00Z,92.2350005
2025-12-25T16:00:00Z,94.00500125
2025-12-25T17:00:00Z,94.05500025
2025-12-25T18:00:00Z,91.71500025
2025-12-25T19:00:00Z,91.03250125
2025-12-25T20:00:00Z,92.699999
2025-12-25T21:00:00Z,96.15250025
2025-12-25T22:00:00Z,91.46999925
2025-12-25T23:00:00Z,97.0999985
2025-12-26T00:00:00Z,91.05249975
2025-12-26T01:00:00Z,85.81749925
2025-12-26T02:00:00Z,83.05249975
2025-12-26T03:00:00Z,82.3925
2025-12-26T04:00:00Z,82.835001
2025-12-26T05:00:00Z,85.01999825
2025-12-26T06:00:00Z,93.11499975
2025-12-26T07:00:00Z,98.89999975
2025-12-26T08:00:00Z,96.73000125
2025-12-26T09:00:00Z,89.25
2025-12-26T10:00:00Z,84.99250025
2025-12-26T11:00:00Z,82.31250025
2025-12-26T12:00:00Z,83.09749975
2025-12-26T13:00:00Z,92.70000075
2025-12-26T14:00:00Z,109.14249975
2025-12-26T15:00:00Z,116.772499
2025-12-26T16:00:00Z,120.4699975
2025-12-26T17:00:00Z,116.97250175
2025-12-26T18:00:00Z,116.262501
2025-12-26T19:00:00Z,113.72500225
2025-12-26T20:00:00Z,111.5
2025-12-26T21:00:00Z,108.25499925
2025-12-26T22:00:00Z,99.3675005
2025-12-26T23:00:00Z,96.68999825
2025-12-27T00:00:00Z,91.7250025
2025-12-27T01:00:00Z,84.0325015
2025-12-27T02:00:00Z,80.870001
2025-12-27T03:00:00Z,81.62249925
2025-12-27T04:00:00Z,72.40499875
2025-12-27T05:00:00Z,68.345001
2025-12-27T06:00:00Z,67.3724995
2025-12-27T07:00:00Z,68.20499975
2025-12-27T08:00:00Z,66.989999
2025-12-27T09:00:00Z,65.80499950000001
2025-12-27T10:00:00Z,64.4349995
2025-12-27T11:00:00Z,62.27249975
2025-12-27T12:00:00Z,62.97500025
2025-12-27T13:00:00Z,66.71249949999999
2025-12-27T14:00:00Z,76.3449975
2025-12-27T15:00:00Z,90.48999775
2025-12-27T16:00:00Z,102.19000075
2025-12-27T17:00:00Z,106.522501
2025-12-27T18:00:00Z,104.0475005
2025-12-27T19:00:00Z,100.91250025
2025-12-27T20:00:00Z,92.800001
2025-12-27T21:00:00Z,94.1099985
2025-12-27T22:00:00Z,89.90250025
2025-12-27T23:00:00Z,84.33499925
2025-12-28T00:00:00Z,83.37000075
2025-12-28T01:00:00Z,79.960001
2025-12-28T02:00:00Z,78.817499
2025-12-28T03:00:00Z,80.44750025
2025-12-28T04:00:00Z,83.61000075
2025-12-28T05:00:00Z,86.47749925
2025-12-28T06:00:00Z,92.15
2025-12-28T07:00:00Z,95.61499975
2025-12-28T08:00:00Z,96.5650005
2025-12-28T09:00:00Z,88.21249975
2025-12-28T10:00:00Z,88.36750025
2025-12-28T11:00:00Z,80.022499
2025-12-28T12:00:00Z,80.02499949999999
2025-12-28T13:00:00Z,84.44499775
2025-12-28T14:00:00Z,85.36499975
2025-12-28T15:00:00Z,80.459999
2025-12-28T16:00:00Z,73.5599995
2025-12-28T17:00:00Z,70.435001
2025-12-28T18:00:00Z,69.625
2025-12-28T19:00:00Z,69.6049995
2025-12-28T20:00:00Z,69.0200005
2025-12-28T21:00:00Z,68.6099985
2025-12-28T22:00:00Z,68.59749975
2025-12-28T23:00:00Z,55.080001
2025-12-29T00:00:00Z,64.067501
2025-12-29T01:00:00Z,63.3925
2025-12-29T02:00:00Z,63.08500025
2025-12-29T03:00:00Z,63.102501
2025-12-29T04:00:00Z,66.932499000000007
2025-12-29T05:00:00Z,68.13000124999999
2025-12-29T06:00:00Z,70.26749975
2025-12-29T07:00:00Z,72.44750025
2025-12-29T08:00:00Z,74.54500025
2025-12-29T09:00:00Z,74.6175005
2025-12-29T10:00:00Z,75.59000025
2025-12-29T11:00:00Z,76.0650005
2025-12-29T12:00:00Z,80.40250025
2025-12-29T13:00:00Z,85.1999985
2025-12-29T14:00:00Z,87.3999995
2025-12-29T15:00:00Z,88.710001
2025-12-29T16:00:00Z,93.1899985
2025-12-29T17:00:00Z,89.545002
2025-12-29T18:00:00Z,81.92749975
2025-12-29T19:00:00Z,74.352501
2025-12-29T20:00:00Z,72.379999
2025-12-29T21:00:00Z,71.7024995
2025-12-29T22:00:00Z,70.999998
2025-12-29T23:00:00Z,75.307499000000007
2025-12-30T00:00:00Z,73.13249775
2025-12-30T01:00:00Z,71.69750025
2025-12-30T02:00:00Z,69.3575
2025-12-30T03:00:00Z,68.5375025
2025-12-30T04:00:00Z,71.9475
2025-12-30T05:00:00Z,76.0725
2025-12-30T06:00:00Z,82.1949995
2025-12-30T07:00:00Z,92.1099985
2025-12-30T08:00:00Z,94.39250175
2025-12-30T09:00:00Z,85.8199995
2025-12-30T10:00:00Z,79.380001
2025-12-30T11:00:00Z,76.15500075
2025-12-30T12:00:00Z,76.7575015
2025-12-30T13:00:00Z,87.17250075
2025-12-30T14:00:00Z,99.5325015
2025-12-30T15:00:00Z,109.0699995
2025-12-30T16:00:00Z,110.715
2025-12-30T17:00:00Z,109.120001
2025-12-30T18:00:00Z,105.60750025
2025-12-30T19:00:00Z,100.66
2025-12-30T20:00:00Z,92.994999000000007
2025-12-30T21:00:00Z,92.045
2025-12-30T22:00:00Z,85.80750075
2025-12-30T23:00:00Z,88.0825005
2025-12-31T00:00:00Z,84.3374995
2025-12-31T01:00:00Z,80.21249975
2025-12-31T02:00:00Z,76.57999975
2025-12-31T03:00:00Z,74.93250075
2025-12-31T04:00:00Z,77.3275015
2025-12-31T05:00:00Z,80.04750075
2025-12-31T06:00:00Z,84.8475
2025-12-31T07:00:00Z,95.7925015
2025-12-31T08:00:00Z,95.335001
2025-12-31T09:00:00Z,89.26249899999999
2025-12-31T10:00:00Z,83.4799995
2025-12-31T11:00:00Z,83.0475005
2025-12-31T12:00:00Z,85.16999975
2025-12-31T13:00:00Z,85.17749975
2025-12-31T14:00:00Z,90.8324985
2025-12-31T15:00:00Z,100.70500175
2025-12-31T16:00:00Z,110.09999875
2025-12-31T17:00:00Z,107.52750025
2025-12-31T18:00:00Z,95.98999975
2025-12-31T19:00:00Z,82.9974995
2025-12-31T20:00:00Z,78.43000025
2025-12-31T21:00:00Z,73
2025-12-31T22:00:00Z,66.3125
2025-12-31T23:00:00Z,58.27750025
2026-01-01T00:00:00Z,42.3950005
2026-01-01T01:00:00Z,19.5699995
2026-01-01T02:00:00Z,6.285
2026-01-01T03:00:00Z,3.83
2026-01-01T04:00:00Z,2.55
2026-01-01T05:00:00Z,2.8125
2026-01-01T06:00:00Z,2.8575
2026-01-01T07:00:00Z,3.22
2026-01-01T08:00:00Z,3.765
2026-01-01T09:00:00Z,4.34
2026-01-01T10:00:00Z,4.9025
2026-01-01T11:00:00Z,5.092499999999999
2026-01-01T12:00:00Z,6.535
2026-01-01T13:00:00Z,9.97
2026-01-01T14:00:00Z,15.16749975
2026-01-01T15:00:00Z,23.55500025
2026-01-01T16:00:00Z,32.2499995
2026-01-01T17:00:00Z,26.25749975
2026-01-01T18:00:00Z,24.1075
2026-01-01T19:00:00Z,22.2699995
2026-01-01T20:00:00Z,31.03249975
2026-01-01T21:00:00Z,29.64249925
2026-01-01T22:00:00Z,32.652499500000005
2026-01-01T23:00:00Z,15.535
2026-01-02T00:00:00Z,13.525
2026-01-02T01:00:00Z,14.995
2026-01-02T02:00:00Z,8.817499999999999
2026-01-02T03:00:00Z,10.0025
2026-01-02T04:00:00Z,15.555
2026-01-02T05:00:00Z,26.06999975
2026-01-02T06:00:00Z,51.56000025
2026-01-02T07:00:00Z,68.86750025
2026-01-02T08:00:00Z,71.19750025
2026-01-02T09:00:00Z,59.184999500000004
2026-01-02T10:00:00Z,56.92500025
2026-01-02T11:00:00Z,58.00249975
2026-01-02T12:00:00Z,66.947498
2026-01-02T13:00:00Z,70.12000075
2026-01-02T14:00:00Z,77.49499875000001
2026-01-02T15:00:00Z,82.455
2026-01-02T16:00:00Z,85.435001
2026-01-02T17:00:00Z,88.3425005
2026-01-02T18:00:00Z,88.57250025
2026-01-02T19:00:00Z,89.15250025
2026-01-02T20:00:00Z,83.51749975
2026-01-02T21:00:00Z,85.59250075
2026-01-02T22:00:00Z,81.81500075
2026-01-02T23:00:00Z,79.8250005
2026-01-03T00:00:00Z,78.33
2026-01-03T01:00:00Z,75.8199995
2026-01-03T02:00:00Z,74.82000175
2026-01-03T03:00:00Z,73.02249900000001
2026-01-03T04:00:00Z,74.98999975
2026-01-03T05:00:00Z,75.91
2026-01-03T06:00:00Z,79.31249825
2026-01-03T07:00:00Z,90.6900005
2026-01-03T08:00:00Z,94.089998
2026-01-03T09:00:00Z,93.30999925
2026-01-03T10:00:00Z,88.7074985
2026-01-03T11:00:00Z,87.4125005
2026-01-03T12:00:00Z,86.6049995
2026-01-03T13:00:00Z,89.68249925
2026-01-03T14:00:00Z,94.59749975
2026-01-03T15:00:00Z,99.880001
2026-01-03T16:00:00Z,109.71500025
2026-01-03T17:00:00Z,110.82500075
2026-01-03T18:00:00Z,104.76000025
2026-01-03T19:00:00Z,97.624998
2026-01-03T20:00:00Z,91.11750025
2026-01-03T21:00:00Z,90.619999000000007
2026-01-03T22:00:00Z,86.015001
2026-01-03T23:00:00Z,88.82250025
2026-01-04T00:00:00Z,85.32999975
2026-01-04T01:00:00Z,85.04249925
2026-01-04T02:00:00Z,83.73750100000001
2026-01-04T03:00:00Z,82.55750075
2026-01-04T04:00:00Z,83.407501
2026-01-04T05:00:00Z,83.795
2026-01-04T06:00:00Z,86.4825
2026-01-04T07:00:00Z,88.12249925
2026-01-04T08:00:00Z,94.29999925
2026-01-04T09:00:00Z,94.75500075
2026-01-04T10:00:00Z,90.8774985
2026-01-04T11:00:00Z,89.54250125
2026-01-04T12:00:00Z,86.77749825000001
2026-01-04T13:00:00Z,92.675001
2026-01-04T14:00:00Z,93.19750025
2026-01-04T15:00:00Z,100.59250075
2026-01-04T16:00:00Z,118.42499925
2026-01-04T17:00:00Z,121.18000025
2026-01-04T18:00:00Z,119.71499825
2026-01-04T19:00:00Z,112.45000075
2026-01-04T20:00:00Z,99.70000075
2026-01-04T21:00:00Z,95.76500125
2026-01-04T22:00:00Z,89.210001
2026-01-04T23:00:00Z,92.45250125
2026-01-05T00:00:00Z,88.84749975
2026-01-05T01:00:00Z,86.50749975
2026-01-05T02:00:00Z,86.3125
2026-01-05T03:00:00Z,87.49500075
2026-01-05T04:00:00Z,90.8575
2026-01-05T05:00:00Z,109.022499
2026-01-05T06:00:00Z,129.312502
2026-01-05T07:00:00Z,151.17500275
2026-01-05T08:00:00Z,152.15000125
2026-01-05T09:00:00Z,145.63750475
2026-01-05T10:00:00Z,136.70249925
2026-01-05T11:00:00Z,134.43250275
2026-01-05T12:00:00Z,134.579998
2026-01-05T13:00:00Z,140.872501
2026-01-05T14:00:00Z,150.68
2026-01-05T15:00:00Z,182.04500175
2026-01-05T16:00:00Z,223.58000175
2026-01-05T17:00:00Z,213.7350005
2026-01-05T18:00:00Z,182.80250175
2026-01-05T19:00:00Z,147.03499975
2026-01-05T20:00:00Z,129.10250275
2026-01-05T21:00:00Z,123.85000225
2026-01-05T22:00:00Z,111.30000125
2026-01-05T23:00:00Z,104.69499975
2026-01-06T00:00:00Z,104.5999985
2026-01-06T01:00:00Z,101.54500025
2026-01-06T02:00:00Z,100.0875015
2026-01-06T03:00:00Z,102.4524995
2026-01-06T04:00:00Z,107
2026-01-06T05:00:00Z,121.2875005
2026-01-06T06:00:00Z,138.4974975
2026-01-06T07:00:00Z,164.18499775
2026-01-06T08:00:00Z,168.81999975
2026-01-06T09:00:00Z,154.8425025
2026-01-06T10:00:00Z,147.26500325
2026-01-06T11:00:00Z,134.49250025
2026-01-06T12:00:00Z,130.20250325
2026-01-06T13:00:00Z,130.70249775
2026-01-06T14:00:00Z,136.98499875
2026-01-06T15:00:00Z,145.00749975
2026-01-06T16:00:00Z,152.99250025
2026-01-06T17:00:00Z,148.2675015
2026-01-06T18:00:00Z,139.11750225
2026-01-06T19:00:00Z,121.60250075
2026-01-06T20:00:00Z,108.562502
2026-01-06T21:00:00Z,102.22249975
2026-01-06T22:00:00Z,92.81749925
2026-01-06T23:00:00Z,93.9874995
2026-01-07T00:00:00Z,88.6099985
2026-01-07T01:00:00Z,85.04500025
2026-01-07T02:00:00Z,81.64750075
2026-01-07T03:00:00Z,80.7824995
2026-01-07T04:00:00Z,84.8824995
2026-01-07T05:00:00Z,92.54999925
2026-01-07T06:00:00Z,99.219999
2026-01-07T07:00:00Z,109.3499985
2026-01-07T08:00:00Z,112.1275005
2026-01-07T09:00:00Z,108.312498
2026-01-07T10:00:00Z,99.93500125
2026-01-07T11:00:00Z,96.317501
2026-01-07T12:00:00Z,93.155001
2026-01-07T13:00:00Z,95.21499825
2026-01-07T14:00:00Z,101.83749975
2026-01-07T15:00:00Z,106.38499825
2026-01-07T16:00:00Z,125.18750175
2026-01-07T17:00:00Z,124.10000025
2026-01-07T18:00:00Z,115.1050015
2026-01-07T19:00:00Z,97.53249925
2026-01-07T20:00:00Z,92.8724995
2026-01-07T21:00:00Z,90.97999975
2026-01-07T22:00:00Z,87.32749925
2026-01-07T23:00:00Z,83.505003
2026-01-08T00:00:00Z,83.0824985
2026-01-08T01:00:00Z,84.522499
2026-01-08T02:00:00Z,82.47250149999999
2026-01-08T03:00:00Z,85.26499925
2026-01-08T04:00:00Z,87.8875005
2026-01-08T05:00:00Z,97.87999925
2026-01-08T06:00:00Z,126.7125015
2026-01-08T07:00:00Z,168.80999775
2026-01-08T08:00:00Z,192.72000125
2026-01-08T09:00:00Z,207.93249525
2026-01-08T10:00:00Z,213.11249925
2026-01-08T11:00:00Z,220.2700005
2026-01-08T12:00:00Z,236.215
2026-01-08T13:00:00Z,264.58499525
2026-01-08T14:00:00Z,264.4174995
2026-01-08T15:00:00Z,259.489998
2026-01-08T16:00:00Z,233.85250075
2026-01-08T17:00:00Z,199.397499
2026-01-08T18:00:00Z,139.24750125
2026-01-08T19:00:00Z,102.125
2026-01-08T20:00:00Z,94.48249825
2026-01-08T21:00:00Z,90.62000075
2026-01-08T22:00:00Z,78.26500125
2026-01-08T23:00:00Z,78.96249949999999
2026-01-09T00:00:00Z,70.69000125
2026-01-09T01:00:00Z,57.35000049999999
2026-01-09T02:00:00Z,50.84000025
2026-01-09T03:00:00Z,47.845001
2026-01-09T04:00:00Z,56.57499975
2026-01-09T05:00:00Z,72.6049995
2026-01-09T06:00:00Z,84.30249975
2026-01-09T07:00:00Z,89.45750025000001
2026-01-09T08:00:00Z,89.14749925
2026-01-09T09:00:00Z,93.93000025
2026-01-09T10:00:00Z,85.795
2026-01-09T11:00:00Z,83.01499925
2026-01-09T12:00:00Z,82.8500005
2026-01-09T13:00:00Z,82.835001
2026-01-09T14:00:00Z,85.245001
2026-01-09T15:00:00Z,87.57250025
2026-01-09T16:00:00Z,92.51999875
2026-01-09T17:00:00Z,88.53750025
2026-01-09T18:00:00Z,83.8025
2026-01-09T19:00:00Z,82.80250175
2026-01-09T20:00:00Z,80.31249975
2026-01-09T21:00:00Z,80.08749974999999
2026-01-09T22:00:00Z,74.50999825
2026-01-09T23:00:00Z,72.790001
2026-01-10T00:00:00Z,69.7750015
2026-01-10T01:00:00Z,66.23749925
2026-01-10T02:00:00Z,66.53499975
2026-01-10T03:00:00Z,66.51250075
2026-01-10T04:00:00Z,68.45999925
2026-01-10T05:00:00Z,69.960001
2026-01-10T06:00:00Z,76.665001
2026-01-10T07:00:00Z,85.02750025
2026-01-10T08:00:00Z,92.295002
2026-01-10T09:00:00Z,96.99250025
2026-01-10T10:00:00Z,100.93249900000001
2026-01-10T11:00:00Z,100.94250125
2026-01-10T12:00:00Z,104.71750075
2026-01-10T13:00:00Z,110.107498
2026-01-10T14:00:00Z,116.86999875
2026-01-10T15:00:00Z,128.0074995
2026-01-10T16:00:00Z,139.52750375
2026-01-10T17:00:00Z,136.91000350000002
2026-01-10T18:00:00Z,128.30500025
2026-01-10T19:00:00Z,120.4900015
2026-01-10T20:00:00Z,113.209999
2026-01-10T21:00:00Z,107.6800005
2026-01-10T22:00:00Z,98.19750025
2026-01-10T23:00:00Z,96.90249825
2026-01-11T00:00:00Z,92.7475015
2026-01-11T01:00:00Z,88.034998
2026-01-11T02:00:00Z,84.85999875
2026-01-11T03:00:00Z,82.68000025
2026-01-11T04:00:00Z,82.25999825
2026-01-11T05:00:00Z,81.6775015
2026-01-11T06:00:00Z,84.25999825
2026-01-11T07:00:00Z,92.0599995
2026-01-11T08:00:00Z,103.10250075
2026-01-11T09:00:00Z,100.6825005
2026-01-11T10:00:00Z,99.91749925
2026-01-11T11:00:00Z,97.0874995
2026-01-11T12:00:00Z,96.517502
2026-01-11T13:00:00Z,98.87750075
2026-01-11T14:00:00Z,101.2750015
2026-01-11T15:00:00Z,111.754999
2026-01-11T16:00:00Z,116.25000025
2026-01-11T17:00:00Z,112.24749925
2026-01-11T18:00:00Z,106.20750025
2026-01-11T19:00:00Z,96.039999
2026-01-11T20:00:00Z,94.8475
2026-01-11T21:00:00Z,92.6875
2026-01-11T22:00:00Z,84.95000250000001
2026-01-11T23:00:00Z,78.289999
2026-01-12T00:00:00Z,77.96499825000001
2026-01-12T01:00:00Z,78.05249975
2026-01-12T02:00:00Z,70.17000025
2026-01-12T03:00:00Z,71.71749875
2026-01-12T04:00:00Z,73.960001
2026-01-12T05:00:00Z,79.33499900000001
2026-01-12T06:00:00Z,78.96749875
2026-01-12T07:00:00Z,89.545
2026-01-12T08:00:00Z,91.30249975
2026-01-12T09:00:00Z,82.90500075
2026-01-12T10:00:00Z,84
2026-01-12T11:00:00Z,94.147499
2026-01-12T12:00:00Z,101.642502
2026-01-12T13:00:00Z,101.02499975
2026-01-12T14:00:00Z,94.6499995
2026-01-12T15:00:00Z,112.84250075
2026-01-12T16:00:00Z,118.67749975
2026-01-12T17:00:00Z,115.81749925
2026-01-12T18:00:00Z,102.33750175
2026-01-12T19:00:00Z,93.32249825
2026-01-12T20:00:00Z,91.43749825
2026-01-12T21:00:00Z,89.9975015
2026-01-12T22:00:00Z,84.58749975
2026-01-12T23:00:00Z,84.30500025
2026-01-13T00:00:00Z,82.6900005
2026-01-13T01:00:00Z,82.6850015
2026-01-13T02:00:00Z,84.08749775
2026-01-13T03:00:00Z,86.16750175
2026-01-13T04:00:00Z,86.07499875
2026-01-13T05:00:00Z,96.717501
2026-01-13T06:00:00Z,115.9850005
2026-01-13T07:00:00Z,129.5149975
2026-01-13T08:00:00Z,132.27499774999998
2026-01-13T09:00:00Z,141.885002
2026-01-13T10:00:00Z,123.85250075
2026-01-13T11:00:00Z,117.67499925
2026-01-13T12:00:00Z,112.977499
2026-01-13T13:00:00Z,122.23250025
2026-01-13T14:00:00Z,120.51500125
2026-01-13T15:00:00Z,121.57749925
2026-01-13T16:00:00Z,123.6075
2026-01-13T17:00:00Z,111.82500075
2026-01-13T18:00:00Z,98.68750025
2026-01-13T19:00:00Z,90.94999875
2026-01-13T20:00:00Z,89.1075
2026-01-13T21:00:00Z,87.3150005
2026-01-13T22:00:00Z,80.7300015
2026-01-13T23:00:00Z,85.56250025
2026-01-14T00:00:00Z,84.295
2026-01-14T01:00:00Z,85.8775005
2026-01-14T02:00:00Z,86.1625005
2026-01-14T03:00:00Z,87.6450005
2026-01-14T04:00:00Z,89.654999
2026-01-14T05:00:00Z,93.2150005
2026-01-14T06:00:00Z,105.13999925
2026-01-14T07:00:00Z,128.95750425
2026-01-14T08:00:00Z,132.0324995
2026-01-14T09:00:00Z,116.45250125
2026-01-14T10:00:00Z,107.53000075
2026-01-14T11:00:00Z,103.4750005
2026-01-14T12:00:00Z,103.59999875
2026-01-14T13:00:00Z,115.04250125
2026-01-14T14:00:00Z,138.0274985
2026-01-14T15:00:00Z,149.64249999999998
2026-01-14T16:00:00Z,218.5424995
2026-01-14T17:00:00Z,180.80749875
2026-01-14T18:00:00Z,158.22000125
2026-01-14T19:00:00Z,129.590002
2026-01-14T20:00:00Z,109.7574995
2026-01-14T21:00:00Z,103.425001
2026-01-14T22:00:00Z,96.89249975
2026-01-14T23:00:00Z,100.61499775
2026-01-15T00:00:00Z,94.04750075
2026-01-15T01:00:00Z,89.34
2026-01-15T02:00:00Z,84.80749899999999
2026-01-15T03:00:00Z,82.92999875
2026-01-15T04:00:00Z,85.8325005
2026-01-15T05:00:00Z,95.9850005
2026-01-15T06:00:00Z,103.1950015
2026-01-15T07:00:00Z,102.209999
2026-01-15T08:00:00Z,101.24250025
2026-01-15T09:00:00Z,100.00499925
2026-01-15T10:00:00Z,97.86249925
2026-01-15T11:00:00Z,95.28250125
2026-01-15T12:00:00Z,100.6149995
2026-01-15T13:00:00Z,105.6450005
2026-01-15T14:00:00Z,123.09499925
2026-01-15T15:00:00Z,135.14250175
2026-01-15T16:00:00Z,145.494999
2026-01-15T17:00:00Z,119.74500075
2026-01-15T18:00:00Z,105.49250025
2026-01-15T19:00:00Z,97.837498
2026-01-15T20:00:00Z,90.92000025
2026-01-15T21:00:00Z,88.1875
2026-01-15T22:00:00Z,81.15500075
2026-01-15T23:00:00Z,80.97250199999999
2026-01-16T00:00:00Z,75.00000025
2026-01-16T01:00:00Z,70.55499825
2026-01-16T02:00:00Z,67.22999949999999
2026-01-16T03:00:00Z,70.807501
2026-01-16T04:00:00Z,62.17749975
2026-01-16T05:00:00Z,61.80249975
2026-01-16T06:00:00Z,74.5375005
2026-01-16T07:00:00Z,64.01999775
2026-01-16T08:00:00Z,55.9850005
2026-01-16T09:00:00Z,62.18999975
2026-01-16T10:00:00Z,73.7574975
2026-01-16T11:00:00Z,83.79750075
2026-01-16T12:00:00Z,92.4574985
2026-01-16T13:00:00Z,101.66250025
2026-01-16T14:00:00Z,115.010002
2026-01-16T15:00:00Z,124.64500225
2026-01-16T16:00:00Z,144.5449945
2026-01-16T17:00:00Z,161.53500350000002
2026-01-16T18:00:00Z,154.80499650000002
2026-01-16T19:00:00Z,133.66000350000002
2026-01-16T20:00:00Z,117.61250125
2026-01-16T21:00:00Z,117.70500175
2026-01-16T22:00:00Z,104.17000025
2026-01-16T23:00:00Z,104.65999975
2026-01-17T00:00:00Z,101.2875005
2026-01-17T01:00:00Z,98.2350005
2026-01-17T02:00:00Z,96.13749675
2026-01-17T03:00:00Z,95.187502
2026-01-17T04:00:00Z,95.24250025
2026-01-17T05:00:00Z,95.852501
2026-01-17T06:00:00Z,99.18749975
2026-01-17T07:00:00Z,105.970001
2026-01-17T08:00:00Z,116.654999
2026-01-17T09:00:00Z,115.10000025
2026-01-17T10:00:00Z,111.607498
2026-01-17T11:00:00Z,111.94750025
2026-01-17T12:00:00Z,108.6400015
2026-01-17T13:00:00Z,112.8174995
2026-01-17T14:00:00Z,122.7700005
2026-01-17T15:00:00Z,135.77499975
2026-01-17T16:00:00Z,140.91250225
2026-01-17T17:00:00Z,142.84750350000002
2026-01-17T18:00:00Z,138.5875015
2026-01-17T19:00:00Z,119.912502
2026-01-17T20:00:00Z,107.80500025
2026-01-17T21:00:00Z,109.11750025
2026-01-17T22:00:00Z,107.022499
2026-01-17T23:00:00Z,110.71499825
2026-01-18T00:00:00Z,109.18999875
2026-01-18T01:00:00Z,107.390001
2026-01-18T02:00:00Z,102.54000075
2026-01-18T03:00:00Z,102.2350005
2026-01-18T04:00:00Z,102.07999975
2026-01-18T05:00:00Z,101.0475005
2026-01-18T06:00:00Z,100.32250225
2026-01-18T07:00:00Z,105.4349995
2026-01-18T08:00:00Z,107.40749925
2026-01-18T09:00:00Z,101.909998
2026-01-18T10:00:00Z,98.48249975
2026-01-18T11:00:00Z,96.8549995
2026-01-18T12:00:00Z,96.96249775
2026-01-18T13:00:00Z,100.84499925
2026-01-18T14:00:00Z,105.55000125
2026-01-18T15:00:00Z,114.875
2026-01-18T16:00:00Z,129.9925
2026-01-18T17:00:00Z,141.4449995
2026-01-18T18:00:00Z,123.7850035
2026-01-18T19:00:00Z,115.92
2026-01-18T20:00:00Z,106.98749925
2026-01-18T21:00:00Z,106.6875
2026-01-18T22:00:00Z,103.7325
2026-01-18T23:00:00Z,101.1499995
2026-01-19T00:00:00Z,100.4399985
2026-01-19T01:00:00Z,100.8325005
2026-01-19T02:00:00Z,100.4375
2026-01-19T03:00:00Z,100.13499825
2026-01-19T04:00:00Z,102.53000075
2026-01-19T05:00:00Z,126.09000025
2026-01-19T06:00:00Z,161.0824965
2026-01-19T07:00:00Z,175.98249825
2026-01-19T08:00:00Z,161.9375
2026-01-19T09:00:00Z,135.92250275
2026-01-19T10:00:00Z,123.00499725
2026-01-19T11:00:00Z,119.21000075
2026-01-19T12:00:00Z,125.00249875
2026-01-19T13:00:00Z,144.35000025
2026-01-19T14:00:00Z,170.04249975
2026-01-19T15:00:00Z,198.6499975
2026-01-19T16:00:00Z,227.43999875
2026-01-19T17:00:00Z,200.05500025
2026-01-19T18:00:00Z,180.96250175
2026-01-19T19:00:00Z,157.385006
2026-01-19T20:00:00Z,135.16999825
2026-01-19T21:00:00Z,126.402502
2026-01-19T22:00:00Z,112.470001
2026-01-19T23:00:00Z,115.0599995
2026-01-20T00:00:00Z,114.335001
2026-01-20T01:00:00Z,110.35500125
2026-01-20T02:00:00Z,109.8675025
2026-01-20T03:00:00Z,113.17250075
2026-01-20T04:00:00Z,125.28000075
2026-01-20T05:00:00Z,190.104996
2026-01-20T06:00:00Z,246.392502
2026-01-20T07:00:00Z,273.32999424999997
2026-01-20T08:00:00Z,218.45999925
2026-01-20T09:00:00Z,174.80500025
2026-01-20T10:00:00Z,129.432499
2026-01-20T11:00:00Z,116.05750075
2026-01-20T12:00:00Z,122.012499
2026-01-20T13:00:00Z,148.70250325
2026-01-20T14:00:00Z,188.837498
2026-01-20T15:00:00Z,277.38249975
2026-01-20T16:00:00Z,249.630001
2026-01-20T17:00:00Z,198.5825005
2026-01-20T18:00:00Z,176.65999975
2026-01-20T19:00:00Z,155.100002
2026-01-20T20:00:00Z,139.8899975
2026-01-20T21:00:00Z,117.19250075
2026-01-20T22:00:00Z,107.6849995
2026-01-20T23:00:00Z,99.705
2026-01-21T00:00:00Z,99.94500175
2026-01-21T01:00:00Z,98.53500175
2026-01-21T02:00:00Z,97.380001
2026-01-21T03:00:00Z,95.5325015
2026-01-21T04:00:00Z,97.79249975
2026-01-21T05:00:00Z,103.86999875
2026-01-21T06:00:00Z,126.38249975
2026-01-21T07:00:00Z,148.1100005
2026-01-21T08:00:00Z,137.745001
2026-01-21T09:00:00Z,118.334999
2026-01-21T10:00:00Z,101.07749725
2026-01-21T11:00:00Z,99.18500125
2026-01-21T12:00:00Z,103.4750005
2026-01-21T13:00:00Z,108.6100005
2026-01-21T14:00:00Z,120.87500175
2026-01-21T15:00:00Z,123.02499775
2026-01-21T16:00:00Z,117.9375
2026-01-21T17:00:00Z,115.0625
2026-01-21T18:00:00Z,97.75999825
2026-01-21T19:00:00Z,82.11499975000001
2026-01-21T20:00:00Z,82.99499875
2026-01-21T21:00:00Z,63.3949995
2026-01-21T22:00:00Z,69.99249925
2026-01-21T23:00:00Z,74.9674985
2026-01-22T00:00:00Z,70.4400005
2026-01-22T01:00:00Z,66.93000025
2026-01-22T02:00:00Z,73.87499975
2026-01-22T03:00:00Z,62.249998000000005
2026-01-22T04:00:00Z,65.27000025
2026-01-22T05:00:00Z,74.539999
2026-01-22T06:00:00Z,97.59749975
2026-01-22T07:00:00Z,106.99250025
2026-01-22T08:00:00Z,100.25
2026-01-22T09:00:00Z,91.075001
2026-01-22T10:00:00Z,83.61249925
2026-01-22T11:00:00Z,77.11499950000001
2026-01-22T12:00:00Z,73.61250125
2026-01-22T13:00:00Z,69.89500050000001
2026-01-22T14:00:00Z,90.96249975
2026-01-22T15:00:00Z,101.17
2026-01-22T16:00:00Z,96.6275005
2026-01-22T17:00:00Z,92.595001
2026-01-22T18:00:00Z,83.61999875000001
2026-01-22T19:00:00Z,83.05000125000001
2026-01-22T20:00:00Z,78.47750125
2026-01-22T21:00:00Z,72.09749975
2026-01-22T22:00:00Z,67.58749949999999
2026-01-22T23:00:00Z,86.99500075
2026-01-23T00:00:00Z,83.1774995
2026-01-23T01:00:00Z,80.99750125
2026-01-23T02:00:00Z,79.33250050000001
2026-01-23T03:00:00Z,75.1975
2026-01-23T04:00:00Z,76.9925
2026-01-23T05:00:00Z,80.40250025
2026-01-23T06:00:00Z,102.16500075
2026-01-23T07:00:00Z,119.545
2026-01-23T08:00:00Z,120.88500025
2026-01-23T09:00:00Z,111.9975015
2026-01-23T10:00:00Z,100.13500225
2026-01-23T11:00:00Z,96.21249975
2026-01-23T12:00:00Z,95.8024995
2026-01-23T13:00:00Z,97.079998
2026-01-23T14:00:00Z,102.995001
2026-01-23T15:00:00Z,110.977499
2026-01-23T16:00:00Z,120.9825
2026-01-23T17:00:00Z,115.27499975
2026-01-23T18:00:00Z,101.96750075
2026-01-23T19:00:00Z,96.717499
2026-01-23T20:00:00Z,93.77750025
2026-01-23T21:00:00Z,88.875
2026-01-23T22:00:00Z,91.40749925
2026-01-23T23:00:00Z,81.1224995
2026-01-24T00:00:00Z,83.949999
2026-01-24T01:00:00Z,90.22249975
2026-01-24T02:00:00Z,85.192499
2026-01-24T03:00:00Z,88.11500175
2026-01-24T04:00:00Z,88.47750075
2026-01-24T05:00:00Z,91.205
2026-01-24T06:00:00Z,94.92500125
2026-01-24T07:00:00Z,104.620003
2026-01-24T08:00:00Z,110.79750075
2026-01-24T09:00:00Z,117.63999925
2026-01-24T10:00:00Z,110.29749875
2026-01-24T11:00:00Z,106.21750075
2026-01-24T12:00:00Z,101.87249925
2026-01-24T13:00:00Z,104.82250025
2026-01-24T14:00:00Z,116.50500125
2026-01-24T15:00:00Z,127.86250325
2026-01-24T16:00:00Z,137.9999965
2026-01-24T17:00:00Z,137.4625015
2026-01-24T18:00:00Z,127.3549975
2026-01-24T19:00:00Z,115.137501
2026-01-24T20:00:00Z,108.710001
2026-01-24T21:00:00Z,106.75749975
2026-01-24T22:00:00Z,103.137499
2026-01-24T23:00:00Z,99.47499825
2026-01-25T00:00:00Z,101.289999
2026-01-25T01:00:00Z,99.76250075
2026-01-25T02:00:00Z,98.574999
2026-01-25T03:00:00Z,98.0599995
2026-01-25T04:00:00Z,96.4349995
2026-01-25T05:00:00Z,97.2349965
2026-01-25T06:00:00Z,100.72999925
2026-01-25T07:00:00Z,103.59999825
2026-01-25T08:00:00Z,107.4974995
2026-01-25T09:00:00Z,112.949999
2026-01-25T10:00:00Z,115.3025015
2026-01-25T11:00:00Z,119.84
2026-01-25T12:00:00Z,116.10750225
2026-01-25T13:00:00Z,114.31500075
2026-01-25T14:00:00Z,111.7524985
2026-01-25T15:00:00Z,116.8999995
2026-01-25T16:00:00Z,130.7400015
2026-01-25T17:00:00Z,137.1624985
2026-01-25T18:00:00Z,132.2525025
2026-01-25T19:00:00Z,123.999998
2026-01-25T20:00:00Z,114.022499
2026-01-25T21:00:00Z,111.8775005
2026-01-25T22:00:00Z,104.49000175
2026-01-25T23:00:00Z,103.92500125
2026-01-26T00:00:00Z,101.11249925
2026-01-26T01:00:00Z,98.727501
2026-01-26T02:00:00Z,95.85250075
2026-01-26T03:00:00Z,95.032501
2026-01-26T04:00:00Z,96.09499925
2026-01-26T05:00:00Z,103.04999925
2026-01-26T06:00:00Z,134.4300005
2026-01-26T07:00:00Z,138
2026-01-26T08:00:00Z,140.257496
2026-01-26T09:00:00Z,154.8899995
2026-01-26T10:00:00Z,139.9975015
2026-01-26T11:00:00Z,142.0774995
2026-01-26T12:00:00Z,139.510002
2026-01-26T13:00:00Z,139.09249875
2026-01-26T14:00:00Z,157.42749800000001
2026-01-26T15:00:00Z,165.884998
2026-01-26T16:00:00Z,178.69749825
2026-01-26T17:00:00Z,177.79249950000002
2026-01-26T18:00:00Z,169.2574995
2026-01-26T19:00:00Z,144.950001
2026-01-26T20:00:00Z,134.54249775
2026-01-26T21:00:00Z,120.40250025
2026-01-26T22:00:00Z,110.9400005
2026-01-26T23:00:00Z,115.11249925
2026-01-27T00:00:00Z,109.84250075
2026-01-27T01:00:00Z,104.8999995
2026-01-27T02:00:00Z,101.575001
2026-01-27T03:00:00Z,100.25250075
2026-01-27T04:00:00Z,101.295002
2026-01-27T05:00:00Z,113.39249825
2026-01-27T06:00:00Z,152.56999975
2026-01-27T07:00:00Z,168.59999825
2026-01-27T08:00:00Z,158.0975035
2026-01-27T09:00:00Z,149.050003
2026-01-27T10:00:00Z,133.30500225
2026-01-27T11:00:00Z,123.04249775
2026-01-27T12:00:00Z,113.1974985
2026-01-27T13:00:00Z,122.9974995
2026-01-27T14:00:00Z,109.2250005
2026-01-27T15:00:00Z,112.977501
2026-01-27T16:00:00Z,127.68000225
2026-01-27T17:00:00Z,140.5324975
2026-01-27T18:00:00Z,136.61500175
2026-01-27T19:00:00Z,119.54999925
2026-01-27T20:00:00Z,113.039999
2026-01-27T21:00:00Z,111.7975005
2026-01-27T22:00:00Z,105.84249875
2026-01-27T23:00:00Z,96.76499925
2026-01-28T00:00:00Z,97.2624985
2026-01-28T01:00:00Z,97.254999
2026-01-28T02:00:00Z,97.675001
2026-01-28T03:00:00Z,97.21749875
2026-01-28T04:00:00Z,98.28999925
2026-01-28T05:00:00Z,109.0324975
2026-01-28T06:00:00Z,138.39249974999998
2026-01-28T07:00:00Z,171.02000049999998
2026-01-28T08:00:00Z,172.5600015
2026-01-28T09:00:00Z,171.1174965
2026-01-28T10:00:00Z,162.42750175
2026-01-28T11:00:00Z,152.1375005
2026-01-28T12:00:00Z,142.012497
2026-01-28T13:00:00Z,134.42000175
2026-01-28T14:00:00Z,137.02749649999998
2026-01-28T15:00:00Z,146.47999950000002
2026-01-28T16:00:00Z,162.0374985
2026-01-28T17:00:00Z,170.0550005
2026-01-28T18:00:00Z,153.82000325
2026-01-28T19:00:00Z,133.8449955
2026-01-28T20:00:00Z,117.35000025
2026-01-28T21:00:00Z,111.272499
2026-01-28T22:00:00Z,105.73499875
2026-01-28T23:00:00Z,104.55000125
2026-01-29T00:00:00Z,104
2026-01-29T01:00:00Z,101.88000075
2026-01-29T02:00:00Z,100.022501
2026-01-29T03:00:00Z,100.93250075
2026-01-29T04:00:00Z,104.3900015
2026-01-29T05:00:00Z,111.62499975
2026-01-29T06:00:00Z,133.86750025
2026-01-29T07:00:00Z,157.29000100000002
2026-01-29T08:00:00Z,158.31000125
2026-01-29T09:00:00Z,147.699997
2026-01-29T10:00:00Z,138.4124985
2026-01-29T11:00:00Z,130.24500075
2026-01-29T12:00:00Z,128.4550015
2026-01-29T13:00:00Z,129.2525005
2026-01-29T14:00:00Z,129.994999
2026-01-29T15:00:00Z,142.49249675
2026-01-29T16:00:00Z,130.249996
2026-01-29T17:00:00Z,138
2026-01-29T18:00:00Z,126.91
2026-01-29T19:00:00Z,117.2800005
2026-01-29T20:00:00Z,111.084999
2026-01-29T21:00:00Z,106.5925005
2026-01-29T22:00:00Z,98.77750025
2026-01-29T23:00:00Z,98.66999975
2026-01-30T00:00:00Z,95.51749975
2026-01-30T01:00:00Z,94.4500005
2026-01-30T02:00:00Z,89.8150005
2026-01-30T03:00:00Z,86.98999975
2026-01-30T04:00:00Z,85.16250025
2026-01-30T05:00:00Z,92.397501
2026-01-30T06:00:00Z,109.9000015
2026-01-30T07:00:00Z,126.99499875
2026-01-30T08:00:00Z,124.78000275
2026-01-30T09:00:00Z,121.5699995
2026-01-30T10:00:00Z,107.99499900000001
2026-01-30T11:00:00Z,101.94749825
2026-01-30T12:00:00Z,100.722498
2026-01-30T13:00:00Z,98.02000025
2026-01-30T14:00:00Z,98.28249925
2026-01-30T15:00:00Z,102.892502
2026-01-30T16:00:00Z,107.00749975
2026-01-30T17:00:00Z,105.3600005
2026-01-30T18:00:00Z,86.14999975
2026-01-30T19:00:00Z,87.68249875000001
2026-01-30T20:00:00Z,85.9300005
2026-01-30T21:00:00Z,80.17249875
2026-01-30T22:00:00Z,83.460003
2026-01-30T23:00:00Z,95.00000025
2026-01-31T00:00:00Z,92.965
2026-01-31T01:00:00Z,86.7474995
2026-01-31T02:00:00Z,82.33000200000001
2026-01-31T03:00:00Z,80.49000175
2026-01-31T04:00:00Z,82.1399995
2026-01-31T05:00:00Z,81.74500075
2026-01-31T06:00:00Z,83.59749975
2026-01-31T07:00:00Z,87.79750075
2026-01-31T08:00:00Z,96.02249925
2026-01-31T09:00:00Z,91.13500025
2026-01-31T10:00:00Z,92.92499725
2026-01-31T11:00:00Z,91.915001
2026-01-31T12:00:00Z,92.06249825
2026-01-31T13:00:00Z,91.3999995
2026-01-31T14:00:00Z,96.09499925
2026-01-31T15:00:00Z,96.02249925
2026-01-31T16:00:00Z,89.26249899999999
2026-01-31T17:00:00Z,84.2874985
2026-01-31T18:00:00Z,84.130001
2026-01-31T19:00:00Z,81.5149995
2026-01-31T20:00:00Z,81.535
2026-01-31T21:00:00Z,78.9975015
2026-01-31T22:00:00Z,87.70000075
2026-01-31T23:00:00Z,92.99250025
2026-02-01T00:00:00Z,93.665001
2026-02-01T01:00:00Z,78.1175005
2026-02-01T02:00:00Z,87.6875
2026-02-01T03:00:00Z,88.5799995
2026-02-01T04:00:00Z,90.4575025
2026-02-01T05:00:00Z,85.6875
2026-02-01T06:00:00Z,84.46250175
2026-02-01T07:00:00Z,91.0299985
2026-02-01T08:00:00Z,89.61750025
2026-02-01T09:00:00Z,91.0650005
2026-02-01T10:00:00Z,90.5999985
2026-02-01T11:00:00Z,92.2924975
2026-02-01T12:00:00Z,90.7474995
2026-02-01T13:00:00Z,94.01750025
2026-02-01T14:00:00Z,95.78749825
2026-02-01T15:00:00Z,102.075001
2026-02-01T16:00:00Z,106.43000025
2026-02-01T17:00:00Z,103.05249975
2026-02-01T18:00:00Z,86.01000025
2026-02-01T19:00:00Z,86.14249975
2026-02-01T20:00:00Z,91.5699995
2026-02-01T21:00:00Z,84.94250124999999
2026-02-01T22:00:00Z,82.05499825
2026-02-01T23:00:00Z,84.370001
2026-02-02T00:00:00Z,83.65999975
2026-02-02T01:00:00Z,85.99250025
2026-02-02T02:00:00Z,86.76000024999999
2026-02-02T03:00:00Z,84.1525
2026-02-02T04:00:00Z,86.58
2026-02-02T05:00:00Z,96.9575005
2026-02-02T06:00:00Z,117.6725005
2026-02-02T07:00:00Z,126
2026-02-02T08:00:00Z,121.99499900000001
2026-02-02T09:00:00Z,118.48749925
2026-02-02T10:00:00Z,112.65999975
2026-02-02T11:00:00Z,107.9375
2026-02-02T12:00:00Z,103.90999975
2026-02-02T13:00:00Z,102.9025
2026-02-02T14:00:00Z,99.99999775
2026-02-02T15:00:00Z,103.01
2026-02-02T16:00:00Z,113.9050005
2026-02-02T17:00:00Z,112.98999975
2026-02-02T18:00:00Z,104.687498
2026-02-02T19:00:00Z,102.205
2026-02-02T20:00:00Z,99.00250075
2026-02-02T21:00:00Z,95.56749925
2026-02-02T22:00:00Z,88.93499925
2026-02-02T23:00:00Z,84.200001
2026-02-03T00:00:00Z,88.574997
2026-02-03T01:00:00Z,83.8724995
2026-02-03T02:00:00Z,77.50000025
2026-02-03T03:00:00Z,73.370001
2026-02-03T04:00:00Z,73.6549985
2026-02-03T05:00:00Z,89.60250075
2026-02-03T06:00:00Z,98.72749875
2026-02-03T07:00:00Z,107.87000075
2026-02-03T08:00:00Z,102.8600005
2026-02-03T09:00:00Z,96.139999
2026-02-03T10:00:00Z,81.9400005
2026-02-03T11:00:00Z,83.36749825
2026-02-03T12:00:00Z,85.4800015
2026-02-03T13:00:00Z,92.07249825
2026-02-03T14:00:00Z,99.99250225
2026-02-03T15:00:00Z,106.48250025
2026-02-03T16:00:00Z,118.295
2026-02-03T17:00:00Z,118.61249925
2026-02-03T18:00:00Z,110.88999925
2026-02-03T19:00:00Z,104.93
2026-02-03T20:00:00Z,101.30250175
2026-02-03T21:00:00Z,98.5300005
2026-02-03T22:00:00Z,94.14999775
2026-02-03T23:00:00Z,83.2350005
2026-02-04T00:00:00Z,87
2026-02-04T01:00:00Z,85.42
2026-02-04T02:00:00Z,80.3549995
2026-02-04T03:00:00Z,79.72750125
2026-02-04T04:00:00Z,76.96499825000001
2026-02-04T05:00:00Z,84.79500025
2026-02-04T06:00:00Z,92.63749875
2026-02-04T07:00:00Z,113.01000025
2026-02-04T08:00:00Z,112.99749925
2026-02-04T09:00:00Z,106.192501
2026-02-04T10:00:00Z,94.799999
2026-02-04T11:00:00Z,91.53999875
2026-02-04T12:00:00Z,91.1350005
2026-02-04T13:00:00Z,90.24250025
2026-02-04T14:00:00Z,91.25249825
2026-02-04T15:00:00Z,92.0200005
2026-02-04T16:00:00Z,100.00499925
2026-02-04T17:00:00Z,102.42999825
2026-02-04T18:00:00Z,98.4025
2026-02-04T19:00:00Z,91.182499000000007
2026-02-04T20:00:00Z,91.24499875
2026-02-04T21:00:00Z,88.499998
2026-02-04T22:00:00Z,83.63749874999999
2026-02-04T23:00:00Z,80.1800005
2026-02-05T00:00:00Z,84.5974995
2026-02-05T01:00:00Z,81.83249875
2026-02-05T02:00:00Z,75.36250125000001
2026-02-05T03:00:00Z,66.70000075
2026-02-05T04:00:00Z,68.09749875
2026-02-05T05:00:00Z,69.06000125
2026-02-05T06:00:00Z,98.2474995
2026-02-05T07:00:00Z,97.0625
2026-02-05T08:00:00Z,104.459999
2026-02-05T09:00:00Z,102.1450005
2026-02-05T10:00:00Z,100.0349995
2026-02-05T11:00:00Z,95.7175005
2026-02-05T12:00:00Z,97.807499000000007
2026-02-05T13:00:00Z,100.01749975
2026-02-05T14:00:00Z,102.902502
2026-02-05T15:00:00Z,114.8125
2026-02-05T16:00:00Z,123.0424975
2026-02-05T17:00:00Z,131.18500125
2026-02-05T18:00:00Z,122.78750025
2026-02-05T19:00:00Z,114.5199985
2026-02-05T20:00:00Z,105.62750075
2026-02-05T21:00:00Z,103.40000175
2026-02-05T22:00:00Z,97.46750075
2026-02-05T23:00:00Z,97.66749975
2026-02-06T00:00:00Z,99.12749875
2026-02-06T01:00:00Z,98.08749975
2026-02-06T02:00:00Z,98.22750125
2026-02-06T03:00:00Z,91.11999925
2026-02-06T04:00:00Z,96.209999
2026-02-06T05:00:00Z,104.81750075
2026-02-06T06:00:00Z,114.2350005
2026-02-06T07:00:00Z,137.1274985
2026-02-06T08:00:00Z,137.36750025
2026-02-06T09:00:00Z,139.892498
2026-02-06T10:00:00Z,136.20000075000002
2026-02-06T11:00:00Z,130.8999995
2026-02-06T12:00:00Z,130.6950015
2026-02-06T13:00:00Z,122.2325
2026-02-06T14:00:00Z,112.16749775
2026-02-06T15:00:00Z,124.744997
2026-02-06T16:00:00Z,132.0324995
2026-02-06T17:00:00Z,129.63249775
2026-02-06T18:00:00Z,116.3549995
2026-02-06T19:00:00Z,109.625
2026-02-06T20:00:00Z,107.380001
2026-02-06T21:00:00Z,105.62499825
2026-02-06T22:00:00Z,101.7124995
2026-02-06T23:00:00Z,101.4924985
2026-02-07T00:00:00Z,99.99999825
2026-02-07T01:00:00Z,98.0424995
2026-02-07T02:00:00Z,96.8849985
2026-02-07T03:00:00Z,96.3950005
2026-02-07T04:00:00Z,96.7249985
2026-02-07T05:00:00Z,96.4750005
2026-02-07T06:00:00Z,103.03249925
2026-02-07T07:00:00Z,106.47500025
2026-02-07T08:00:00Z,113.05500025
2026-02-07T09:00:00Z,109.80000125
2026-02-07T10:00:00Z,104.532499
2026-02-07T11:00:00Z,100.15750125
2026-02-07T12:00:00Z,97.46750075
2026-02-07T13:00:00Z,99.9675005
2026-02-07T14:00:00Z,106.33249875
2026-02-07T15:00:00Z,117.965
2026-02-07T16:00:00Z,126.75250425
2026-02-07T17:00:00Z,132.92750175
2026-02-07T18:00:00Z,123.880001
2026-02-07T19:00:00Z,110.79249975
2026-02-07T20:00:00Z,103.8325005
2026-02-07T21:00:00Z,103.30249775
2026-02-07T22:00:00Z,97.9974995
2026-02-07T23:00:00Z,102.03499975
2026-02-08T00:00:00Z,99.045
2026-02-08T01:00:00Z,97.56749925
2026-02-08T02:00:00Z,96.424999
2026-02-08T03:00:00Z,94.86000075
2026-02-08T04:00:00Z,95.574999
2026-02-08T05:00:00Z,94.40000175
2026-02-08T06:00:00Z,95.487499
2026-02-08T07:00:00Z,98.4225005
2026-02-08T08:00:00Z,100.3100015
2026-02-08T09:00:00Z,102.64500075
2026-02-08T10:00:00Z,99.59999825
2026-02-08T11:00:00Z,96.57250025
2026-02-08T12:00:00Z,95.4500005
2026-02-08T13:00:00Z,97.21999925
2026-02-08T14:00:00Z,103.3224985
2026-02-08T15:00:00Z,111.78499775
2026-02-08T16:00:00Z,127.53250125
2026-02-08T17:00:00Z,131.2174985
2026-02-08T18:00:00Z,126.90500075
2026-02-08T19:00:00Z,113.28250125
2026-02-08T20:00:00Z,107.6274985
2026-02-08T21:00:00Z,105.1399995
2026-02-08T22:00:00Z,99.98249825
2026-02-08T23:00:00Z,96.80500025
2026-02-09T00:00:00Z,95.522501
2026-02-09T01:00:00Z,95.76999825
2026-02-09T02:00:00Z,95.5375005
2026-02-09T03:00:00Z,96.61750025
2026-02-09T04:00:00Z,104.7474995
2026-02-09T05:00:00Z,131.6100025
2026-02-09T06:00:00Z,158.64249825000002
2026-02-09T07:00:00Z,182.824997
2026-02-09T08:00:00Z,169.30249800000001
2026-02-09T09:00:00Z,157.45249975000002
2026-02-09T10:00:00Z,144.50250225
2026-02-09T11:00:00Z,137.3224985
2026-02-09T12:00:00Z,135.307499
2026-02-09T13:00:00Z,137.90750125
2026-02-09T14:00:00Z,149.4649965
2026-02-09T15:00:00Z,170.2225035
2026-02-09T16:00:00Z,229.24500275
2026-02-09T17:00:00Z,184.40250025
2026-02-09T18:00:00Z,167.09500475
2026-02-09T19:00:00Z,144.51500325
2026-02-09T20:00:00Z,134.70000075
2026-02-09T21:00:00Z,122.98999975
2026-02-09T22:00:00Z,108.9224985
2026-02-09T23:00:00Z,104.64750125
2026-02-10T00:00:00Z,103.7474995
2026-02-10T01:00:00Z,102.75
2026-02-10T02:00:00Z,102.4375
2026-02-10T03:00:00Z,102.43999875
2026-02-10T04:00:00Z,105.4349995
2026-02-10T05:00:00Z,119.9349995
2026-02-10T06:00:00Z,139.402502
2026-02-10T07:00:00Z,149.79749700000002
2026-02-10T08:00:00Z,138.19749825
2026-02-10T09:00:00Z,133.71249975
2026-02-10T10:00:00Z,123.57000125
2026-02-10T11:00:00Z,114.05250175
2026-02-10T12:00:00Z,112.21250175
2026-02-10T13:00:00Z,118.02250125
2026-02-10T14:00:00Z,130.1950015
2026-02-10T15:00:00Z,131.1449985
2026-02-10T16:00:00Z,138.65999975
2026-02-10T17:00:00Z,136.0424995
2026-02-10T18:00:00Z,121.892502
2026-02-10T19:00:00Z,111.27499975
2026-02-10T20:00:00Z,108.13499825
2026-02-10T21:00:00Z,106.69499975
2026-02-10T22:00:00Z,100.53000075
2026-02-10T23:00:00Z,96.78750025
2026-02-11T00:00:00Z,96.62999925
2026-02-11T01:00:00Z,95.762499
2026-02-11T02:00:00Z,94.83
2026-02-11T03:00:00Z,94.96999925
2026-02-11T04:00:00Z,99.2775
2026-02-11T05:00:00Z,110.65250025
2026-02-11T06:00:00Z,129.23249825
2026-02-11T07:00:00Z,137.20999925
2026-02-11T08:00:00Z,132.0774995
2026-02-11T09:00:00Z,128.307501
2026-02-11T10:00:00Z,125.95499975
2026-02-11T11:00:00Z,115.880001
2026-02-11T12:00:00Z,117.3475
2026-02-11T13:00:00Z,116.7075005
2026-02-11T14:00:00Z,118.1900005
2026-02-11T15:00:00Z,123.02000075
2026-02-11T16:00:00Z,127.9124965
2026-02-11T17:00:00Z,125.48000175
2026-02-11T18:00:00Z,112.03750025
2026-02-11T19:00:00Z,105.46999925
2026-02-11T20:00:00Z,104.70249925
2026-02-11T21:00:00Z,102.174999
2026-02-11T22:00:00Z,95.31250025
2026-02-11T23:00:00Z,88.72999949999999
2026-02-12T00:00:00Z,87.98249824999999
2026-02-12T01:00:00Z,86.51499749999999
2026-02-12T02:00:00Z,84.642498
2026-02-12T03:00:00Z,85.73749925
2026-02-12T04:00:00Z,89.23000175
2026-02-12T05:00:00Z,90.78750025
2026-02-12T06:00:00Z,99.500002
2026-02-12T07:00:00Z,89.4299985
2026-02-12T08:00:00Z,95.96749875
2026-02-12T09:00:00Z,101.2199995
2026-02-12T10:00:00Z,103.987501
2026-02-12T11:00:00Z,104.51499925
2026-02-12T12:00:00Z,103.0525015
2026-02-12T13:00:00Z,104.017502
2026-02-12T14:00:00Z,105.0825005
2026-02-12T15:00:00Z,108.98750125
2026-02-12T16:00:00Z,120.6999985
2026-02-12T17:00:00Z,125.00250075
2026-02-12T18:00:00Z,111.42499925
2026-02-12T19:00:00Z,105.32750125
2026-02-12T20:00:00Z,99.9375
2026-02-12T21:00:00Z,96.75250075
2026-02-12T22:00:00Z,89.6000005
2026-02-12T23:00:00Z,84.3275015
2026-02-13T00:00:00Z,84.07000175
2026-02-13T01:00:00Z,85.2525025
2026-02-13T02:00:00Z,84.05499825
2026-02-13T03:00:00Z,83.779999
2026-02-13T04:00:00Z,87.6225015
2026-02-13T05:00:00Z,99.22749925
2026-02-13T06:00:00Z,118.30500025
2026-02-13T07:00:00Z,125.404999
2026-02-13T08:00:00Z,121.067499
2026-02-13T09:00:00Z,108.469999
2026-02-13T10:00:00Z,102.8125
2026-02-13T11:00:00Z,97.30000125
2026-02-13T12:00:00Z,97.49500075
2026-02-13T13:00:00Z,102.089998
2026-02-13T14:00:00Z,119.15500075
2026-02-13T15:00:00Z,127.7075005
2026-02-13T16:00:00Z,134.6
2026-02-13T17:00:00Z,137.23249825
2026-02-13T18:00:00Z,132.364996
2026-02-13T19:00:00Z,126.125
2026-02-13T20:00:00Z,117.67
2026-02-13T21:00:00Z,110.03750025
2026-02-13T22:00:00Z,100.98749925
2026-02-13T23:00:00Z,97.26500125
2026-02-14T00:00:00Z,92.23750125
2026-02-14T01:00:00Z,89.5074995
2026-02-14T02:00:00Z,89.09499925
2026-02-14T03:00:00Z,87.97249975
2026-02-14T04:00:00Z,89.08999825000001
2026-02-14T05:00:00Z,90.60750025
2026-02-14T06:00:00Z,93.6425
2026-02-14T07:00:00Z,102.7924995
2026-02-14T08:00:00Z,107.48999975
2026-02-14T09:00:00Z,103.969999
2026-02-14T10:00:00Z,98.1625005
2026-02-14T11:00:00Z,95.15999975
2026-02-14T12:00:00Z,93.9725
2026-02-14T13:00:00Z,97.112501
2026-02-14T14:00:00Z,104.97999975
2026-02-14T15:00:00Z,116.93500125
2026-02-14T16:00:00Z,126.26
2026-02-14T17:00:00Z,131.96249775
2026-02-14T18:00:00Z,128.7874985
2026-02-14T19:00:00Z,123.27000025
2026-02-14T20:00:00Z,117.0775015
2026-02-14T21:00:00Z,111.2699985
2026-02-14T22:00:00Z,101.18000025
2026-02-14T23:00:00Z,101.7775
2026-02-15T00:00:00Z,99.94750025
2026-02-15T01:00:00Z,100.75500125
2026-02-15T02:00:00Z,98.02499975
2026-02-15T03:00:00Z,96.5199985
2026-02-15T04:00:00Z,94.35499925
2026-02-15T05:00:00Z,94.16750125
2026-02-15T06:00:00Z,96.11500175
2026-02-15T07:00:00Z,96.79999925
2026-02-15T08:00:00Z,93.0650025
2026-02-15T09:00:00Z,83.017498
2026-02-15T10:00:00Z,74.7224995
2026-02-15T11:00:00Z,67.37000075
2026-02-15T12:00:00Z,64.40750025
2026-02-15T13:00:00Z,64.8650005
2026-02-15T14:00:00Z,71.95250025
2026-02-15T15:00:00Z,84.204998
2026-02-15T16:00:00Z,96.38500025
2026-02-15T17:00:00Z,98.20250125
2026-02-15T18:00:00Z,83.61250125000001
2026-02-15T19:00:00Z,71.00249875
2026-02-15T20:00:00Z,67.2625005
2026-02-15T21:00:00Z,65.61500050000001
2026-02-15T22:00:00Z,58.2725
2026-02-15T23:00:00Z,69.8199995
2026-02-16T00:00:00Z,65.63249975000001
2026-02-16T01:00:00Z,65.09499725
2026-02-16T02:00:00Z,64.41249925
2026-02-16T03:00:00Z,66.05249975
2026-02-16T04:00:00Z,69.98500075
2026-02-16T05:00:00Z,79.32750125
2026-02-16T06:00:00Z,94.1225015
2026-02-16T07:00:00Z,101.032501
2026-02-16T08:00:00Z,104.42499925
2026-02-16T09:00:00Z,101.539999
2026-02-16T10:00:00Z,94.86000075
2026-02-16T11:00:00Z,92.00249875
2026-02-16T12:00:00Z,94.40250025
2026-02-16T13:00:00Z,94.7474995
2026-02-16T14:00:00Z,94.539999
2026-02-16T15:00:00Z,102.282501
2026-02-16T16:00:00Z,114.41749975
2026-02-16T17:00:00Z,115.6375025
2026-02-16T18:00:00Z,117.44499775
2026-02-16T19:00:00Z,103.75499925
2026-02-16T20:00:00Z,96.1875
2026-02-16T21:00:00Z,94.3150005
2026-02-16T22:00:00Z,90.20000075
2026-02-16T23:00:00Z,87.01749975
2026-02-17T00:00:00Z,85.10249925
2026-02-17T01:00:00Z,84.77000025000001
2026-02-17T02:00:00Z,85.647499
2026-02-17T03:00:00Z,84.8125
2026-02-17T04:00:00Z,88.84
2026-02-17T05:00:00Z,102.459999
2026-02-17T06:00:00Z,114.3275015
2026-02-17T07:00:00Z,114.30000125
2026-02-17T08:00:00Z,110.8374995
2026-02-17T09:00:00Z,102.40000125
2026-02-17T10:00:00Z,93.05500225
2026-02-17T11:00:00Z,83.93999875
2026-02-17T12:00:00Z,82.29249924999999
2026-02-17T13:00:00Z,82.4174995
2026-02-17T14:00:00Z,86.3775005
2026-02-17T15:00:00Z,94.0824985
2026-02-17T16:00:00Z,110.80500025
2026-02-17T17:00:00Z,126.97500025
2026-02-17T18:00:00Z,126.5999985
2026-02-17T19:00:00Z,111.32500075
2026-02-17T20:00:00Z,99.952501
2026-02-17T21:00:00Z,93.2249985
2026-02-17T22:00:00Z,89.6100005
2026-02-17T23:00:00Z,95.630001
2026-02-18T00:00:00Z,93.562502
2026-02-18T01:00:00Z,93.29249725
2026-02-18T02:00:00Z,92.675001
2026-02-18T03:00:00Z,93.41750175
2026-02-18T04:00:00Z,101.19750025
2026-02-18T05:00:00Z,122.51250075
2026-02-18T06:00:00Z,175.744999
2026-02-18T07:00:00Z,186.09249875
2026-02-18T08:00:00Z,136.28250125
2026-02-18T09:00:00Z,118.010002
2026-02-18T10:00:00Z,107.272499
2026-02-18T11:00:00Z,102.8274995
2026-02-18T12:00:00Z,101.66250025
2026-02-18T13:00:00Z,104.70249925
2026-02-18T14:00:00Z,114.83749975
2026-02-18T15:00:00Z,122.472498
2026-02-18T16:00:00Z,140.4050025
2026-02-18T17:00:00Z,142.5974995
2026-02-18T18:00:00Z,120.192499
2026-02-18T19:00:00Z,103.28750225
2026-02-18T20:00:00Z,101.022499
2026-02-18T21:00:00Z,98.557499000000007
2026-02-18T22:00:00Z,89.86750025
2026-02-18T23:00:00Z,84.4224985
2026-02-19T00:00:00Z,82.55500025
2026-02-19T01:00:00Z,82.59999825
2026-02-19T02:00:00Z,82.25750175
2026-02-19T03:00:00Z,80.3999995
2026-02-19T04:00:00Z,84.94749999999999
2026-02-19T05:00:00Z,88.80500025
2026-02-19T06:00:00Z,96.44499975
2026-02-19T07:00:00Z,107.165001
2026-02-19T08:00:00Z,109.76500125
2026-02-19T09:00:00Z,104.15250025
2026-02-19T10:00:00Z,96.8374995
2026-02-19T11:00:00Z,92.125002
2026-02-19T12:00:00Z,90.7299975
2026-02-19T13:00:00Z,90.6849995
2026-02-19T14:00:00Z,93.7525005
2026-02-19T15:00:00Z,98.0650005
2026-02-19T16:00:00Z,108.8599985
2026-02-19T17:00:00Z,114.817501
2026-02-19T18:00:00Z,111.94499975
2026-02-19T19:00:00Z,101.6274985
2026-02-19T20:00:00Z,98.66250025
2026-02-19T21:00:00Z,92.4675005
2026-02-19T22:00:00Z,85.49749775000001
2026-02-19T23:00:00Z,86.4249975
2026-02-20T00:00:00Z,86.22750075
2026-02-20T01:00:00Z,85.55750075
2026-02-20T02:00:00Z,84.87999925
2026-02-20T03:00:00Z,84.41750175
2026-02-20T04:00:00Z,89.6875
2026-02-20T05:00:00Z,100.049999
2026-02-20T06:00:00Z,112.49249825
2026-02-20T07:00:00Z,116.39249975
2026-02-20T08:00:00Z,107.4000015
2026-02-20T09:00:00Z,90.60749975
2026-02-20T10:00:00Z,83.0425015
2026-02-20T11:00:00Z,79.3999995
2026-02-20T12:00:00Z,78.75999825
2026-02-20T13:00:00Z,79.95750050000001
2026-02-20T14:00:00Z,81.23999975000001
2026-02-20T15:00:00Z,78.44000075
2026-02-20T16:00:00Z,79.60000225
2026-02-20T17:00:00Z,86.102499
2026-02-20T18:00:00Z,82.7075005
2026-02-20T19:00:00Z,78.71249975
2026-02-20T20:00:00Z,67.99749925
2026-02-20T21:00:00Z,64.64000025
2026-02-20T22:00:00Z,46.80500025
2026-02-20T23:00:00Z,52.44000075
2026-02-21T00:00:00Z,46.64499925
2026-02-21T01:00:00Z,43.4575005
2026-02-21T02:00:00Z,42.36250025
2026-02-21T03:00:00Z,42
2026-02-21T04:00:00Z,41.625
2026-02-21T05:00:00Z,35.86000025
2026-02-21T06:00:00Z,46.98999975
2026-02-21T07:00:00Z,56.05000025
2026-02-21T08:00:00Z,58.41750025
2026-02-21T09:00:00Z,59.914999
2026-02-21T10:00:00Z,59.23499975
2026-02-21T11:00:00Z,59.0150005
2026-02-21T12:00:00Z,55.5025005
2026-02-21T13:00:00Z,56.732499
2026-02-21T14:00:00Z,68.8850015
2026-02-21T15:00:00Z,81.9400005
2026-02-21T16:00:00Z,98.635
2026-02-21T17:00:00Z,108.175001
2026-02-21T18:00:00Z,101.1725025
2026-02-21T19:00:00Z,89.09749825
2026-02-21T20:00:00Z,82.81249975
2026-02-21T21:00:00Z,76.59249875
2026-02-21T22:00:00Z,66.709999
2026-02-21T23:00:00Z,56.67499925
2026-02-22T00:00:00Z,52.71000025
2026-02-22T01:00:00Z,47.89750025
2026-02-22T02:00:00Z,41.7924995
2026-02-22T03:00:00Z,39.647499
2026-02-22T04:00:00Z,38.66750075
2026-02-22T05:00:00Z,37.64749975
2026-02-22T06:00:00Z,43.40250025
2026-02-22T07:00:00Z,47.46
2026-02-22T08:00:00Z,55.6724995
2026-02-22T09:00:00Z,56.99499975
2026-02-22T10:00:00Z,54.53000075
2026-02-22T11:00:00Z,51.4800005
2026-02-22T12:00:00Z,46.21
2026-02-22T13:00:00Z,44.5175
2026-02-22T14:00:00Z,49.007501
2026-02-22T15:00:00Z,66.8450005
2026-02-22T16:00:00Z,87.7800005
2026-02-22T17:00:00Z,91.567501
2026-02-22T18:00:00Z,89.825001
2026-02-22T19:00:00Z,82.32500075
2026-02-22T20:00:00Z,75.2749995
2026-02-22T21:00:00Z,70.45750050000001
2026-02-22T22:00:00Z,52.23750125
2026-02-22T23:00:00Z,45.84500025
2026-02-23T00:00:00Z,45.835
2026-02-23T01:00:00Z,44.4525005
2026-02-23T02:00:00Z,45.25500025
2026-02-23T03:00:00Z,45.40750025
2026-02-23T04:00:00Z,56.31999975
2026-02-23T05:00:00Z,77.7875005
2026-02-23T06:00:00Z,96.012499
2026-02-23T07:00:00Z,99.112501
2026-02-23T08:00:00Z,92.3449995
2026-02-23T09:00:00Z,88.95499975
2026-02-23T10:00:00Z,80.6624985
2026-02-23T11:00:00Z,83.70499975
2026-02-23T12:00:00Z,83.63500025
2026-02-23T13:00:00Z,86.21750075
2026-02-23T14:00:00Z,92.74250025
2026-02-23T15:00:00Z,89.96000325
2026-02-23T16:00:00Z,98.17
2026-02-23T17:00:00Z,107.28499975
2026-02-23T18:00:00Z,110.89750125
2026-02-23T19:00:00Z,100.05750075
2026-02-23T20:00:00Z,97.249998
2026-02-23T21:00:00Z,95.92750175
2026-02-23T22:00:00Z,90.3725015
2026-02-23T23:00:00Z,86.0249975
2026-02-24T00:00:00Z,84.99499875000001
2026-02-24T01:00:00Z,86.25749975
2026-02-24T02:00:00Z,86.49499875000001
2026-02-24T03:00:00Z,88.22250175
2026-02-24T04:00:00Z,94.174999
2026-02-24T05:00:00Z,111.7024995
2026-02-24T06:00:00Z,133.3500005
2026-02-24T07:00:00Z,147.5849955
2026-02-24T08:00:00Z,140.94000225
2026-02-24T09:00:00Z,128.904999
2026-02-24T10:00:00Z,111.6175005
2026-02-24T11:00:00Z,102.37500175
2026-02-24T12:00:00Z,101.21750075
2026-02-24T13:00:00Z,100.05749900000001
2026-02-24T14:00:00Z,109.5424995
2026-02-24T15:00:00Z,126.02000025
2026-02-24T16:00:00Z,182.8025015
2026-02-24T17:00:00Z,184.06750075
2026-02-24T18:00:00Z,145.81000125
2026-02-24T19:00:00Z,119.01250075
2026-02-24T20:00:00Z,108.7250005
2026-02-24T21:00:00Z,101.705
2026-02-24T22:00:00Z,93.90250025
2026-02-24T23:00:00Z,92.14249975
2026-02-25T00:00:00Z,87.40250025
2026-02-25T01:00:00Z,84.83250050000001
2026-02-25T02:00:00Z,88.09499925
2026-02-25T03:00:00Z,88.60999899999999
2026-02-25T04:00:00Z,92.64000125
2026-02-25T05:00:00Z,109.545
2026-02-25T06:00:00Z,130.557499
2026-02-25T07:00:00Z,120.289999
2026-02-25T08:00:00Z,107.4975015
2026-02-25T09:00:00Z,91.11499975
2026-02-25T10:00:00Z,82.9575005
2026-02-25T11:00:00Z,76.9274995
2026-02-25T12:00:00Z,72.76249899999999
2026-02-25T13:00:00Z,73.43250075
2026-02-25T14:00:00Z,80.98749925
2026-02-25T15:00:00Z,100.87750075
2026-02-25T16:00:00Z,116.2400035
2026-02-25T17:00:00Z,117.91
2026-02-25T18:00:00Z,107.15250225
2026-02-25T19:00:00Z,94.25499925
2026-02-25T20:00:00Z,86.07000175
2026-02-25T21:00:00Z,84.6675015
2026-02-25T22:00:00Z,79.119999000000007
2026-02-25T23:00:00Z,76.4224985
2026-02-26T00:00:00Z,72.38999925
2026-02-26T01:00:00Z,68.7424985
2026-02-26T02:00:00Z,67.93250075
2026-02-26T03:00:00Z,67.3775005
2026-02-26T04:00:00Z,72.4700005
2026-02-26T05:00:00Z,79.80249950000001
2026-02-26T06:00:00Z,97.43249875
2026-02-26T07:00:00Z,97.4475
2026-02-26T08:00:00Z,80.42500100000001
2026-02-26T09:00:00Z,71.1150015
2026-02-26T10:00:00Z,61.3500005
2026-02-26T11:00:00Z,53.60750025
2026-02-26T12:00:00Z,51.86000075
2026-02-26T13:00:00Z,55.225001250000005
2026-02-26T14:00:00Z,71.3075
2026-02-26T15:00:00Z,88.79249925
2026-02-26T16:00:00Z,95.215
2026-02-26T17:00:00Z,98.995001
2026-02-26T18:00:00Z,97.25250075
2026-02-26T19:00:00Z,88.902502
2026-02-26T20:00:00Z,82
2026-02-26T21:00:00Z,78
2026-02-26T22:00:00Z,71.5749995
2026-02-26T23:00:00Z,55.1475
2026-02-27T00:00:00Z,56.0074995
2026-02-27T01:00:00Z,57.30249975
2026-02-27T02:00:00Z,60.000001
2026-02-27T03:00:00Z,61.795001
2026-02-27T04:00:00Z,65.795001
2026-02-27T05:00:00Z,71.76249974999999
2026-02-27T06:00:00Z,85.6725005
2026-02-27T07:00:00Z,79.32999925
2026-02-27T08:00:00Z,69.31750124999999
2026-02-27T09:00:00Z,60.82749975
2026-02-27T10:00:00Z,55.0275
2026-02-27T11:00:00Z,59.06999975
2026-02-27T12:00:00Z,64.47999825
2026-02-27T13:00:00Z,70.84999825
2026-02-27T14:00:00Z,75.06499875
2026-02-27T15:00:00Z,91.99999975
2026-02-27T16:00:00Z,105.5075015
2026-02-27T17:00:00Z,115.2075025
2026-02-27T18:00:00Z,109.25250075
2026-02-27T19:00:00Z,100.0300005
2026-02-27T20:00:00Z,90.96250125
2026-02-27T21:00:00Z,87.51
2026-02-27T22:00:00Z,80.0025005
2026-02-27T23:00:00Z,80.0199985
2026-02-28T00:00:00Z,76.32250024999999
2026-02-28T01:00:00Z,74.745001
2026-02-28T02:00:00Z,72.630003
2026-02-28T03:00:00Z,71.942501
2026-02-28T04:00:00Z,72.869999000000007
2026-02-28T05:00:00Z,73.61750025
2026-02-28T06:00:00Z,77.8650015
2026-02-28T07:00:00Z,78.34499925
2026-02-28T08:00:00Z,82.3174995
2026-02-28T09:00:00Z,84.75999999999999
2026-02-28T10:00:00Z,82.31750124999999
2026-02-28T11:00:00Z,71.65500075
2026-02-28T12:00:00Z,58.3450005
2026-02-28T13:00:00Z,55.41
2026-02-28T14:00:00Z,53.5325005
2026-02-28T15:00:00Z,74.0650005
2026-02-28T16:00:00Z,89.93499925
2026-02-28T17:00:00Z,95.19249925
2026-02-28T18:00:00Z,85.16749949999999
2026-02-28T19:00:00Z,69.7175
2026-02-28T20:00:00Z,64.722501
2026-02-28T21:00:00Z,64.66250025000001
2026-02-28T22:00:00Z,60.67250075
2026-02-28T23:00:00Z,48.8150005
2026-03-01T00:00:00Z,51.55000025
2026-03-01T01:00:00Z,54.247499500000004
2026-03-01T02:00:00Z,57.072500000000005
2026-03-01T03:00:00Z,61.08499925
2026-03-01T04:00:00Z,60.6375
2026-03-01T05:00:00Z,65.17000025
2026-03-01T06:00:00Z,64.99750025
2026-03-01T07:00:00Z,52.53500075
2026-03-01T08:00:00Z,21.35999975
2026-03-01T09:00:00Z,14.39750025
2026-03-01T10:00:00Z,10.8975
2026-03-01T11:00:00Z,10.0925
2026-03-01T12:00:00Z,10.3875
2026-03-01T13:00:00Z,13.4925005
2026-03-01T14:00:00Z,32.62250075
2026-03-01T15:00:00Z,74.84000125
2026-03-01T16:00:00Z,103.76000025
2026-03-01T17:00:00Z,103.02000025
2026-03-01T18:00:00Z,97.4725015
2026-03-01T19:00:00Z,90.16250025
2026-03-01T20:00:00Z,81.31499875
2026-03-01T21:00:00Z,74.63749874999999
2026-03-01T22:00:00Z,68.1475
2026-03-01T23:00:00Z,65.13000124999999
2026-03-02T00:00:00Z,66.94499975
2026-03-02T01:00:00Z,69.0075
2026-03-02T02:00:00Z,69.56750075
2026-03-02T03:00:00Z,74.03000075
2026-03-02T04:00:00Z,84.0775015
2026-03-02T05:00:00Z,98.89000125
2026-03-02T06:00:00Z,131.35000025
2026-03-02T07:00:00Z,124.904999
2026-03-02T08:00:00Z,89.8975
2026-03-02T09:00:00Z,78.9675005
2026-03-02T10:00:00Z,73.8274995
2026-03-02T11:00:00Z,65.95000075
2026-03-02T12:00:00Z,80.5599995
2026-03-02T13:00:00Z,82.15249825000001
2026-03-02T14:00:00Z,85.1149995
2026-03-02T15:00:00Z,106.96000275
2026-03-02T16:00:00Z,162.53500350000002
2026-03-02T17:00:00Z,184.5475005
2026-03-02T18:00:00Z,142.10999850000002
2026-03-02T19:00:00Z,107.00749975
2026-03-02T20:00:00Z,96.467499
2026-03-02T21:00:00Z,96.79999925
2026-03-02T22:00:00Z,88.8950005
2026-03-02T23:00:00Z,89.06249825
2026-03-03T00:00:00Z,90.1225015
2026-03-03T01:00:00Z,89.4249995
2026-03-03T02:00:00Z,92.8150005
2026-03-03T03:00:00Z,95.7225
2026-03-03T04:00:00Z,103.1849995
2026-03-03T05:00:00Z,116.59749775
2026-03-03T06:00:00Z,140.0025025
2026-03-03T07:00:00Z,137.472496
2026-03-03T08:00:00Z,99.5200005
2026-03-03T09:00:00Z,78.17000075
2026-03-03T10:00:00Z,55.92250075
2026-03-03T11:00:00Z,32.1475
2026-03-03T12:00:00Z,34.9175
2026-03-03T13:00:00Z,61.44750025
2026-03-03T14:00:00Z,86.4750015
2026-03-03T15:00:00Z,106.91
2026-03-03T16:00:00Z,129.97749925
2026-03-03T17:00:00Z,179.42000175
2026-03-03T18:00:00Z,152.24750125
2026-03-03T19:00:00Z,125.03249925
2026-03-03T20:00:00Z,108.08250225
2026-03-03T21:00:00Z,103.91250025
2026-03-03T22:00:00Z,97.75
2026-03-03T23:00:00Z,129.01000025
2026-03-04T00:00:00Z,127.82250025
2026-03-04T01:00:00Z,125.32250225
2026-03-04T02:00:00Z,124.7350005
2026-03-04T03:00:00Z,128.2024975
2026-03-04T04:00:00Z,131.69999725
2026-03-04T05:00:00Z,172.39250175
2026-03-04T06:00:00Z,253.86250325
2026-03-04T07:00:00Z,193.34749975
2026-03-04T08:00:00Z,150.75999625
2026-03-04T09:00:00Z,110.41749975
2026-03-04T10:00:00Z,78.2975015
2026-03-04T11:00:00Z,42.5225005
2026-03-04T12:00:00Z,32.977500500000005
2026-03-04T13:00:00Z,65.4050015
2026-03-04T14:00:00Z,98.59999875
2026-03-04T15:00:00Z,137.210003
2026-03-04T16:00:00Z,251.2249985
2026-03-04T17:00:00Z,369.9524995
2026-03-04T18:00:00Z,270.71999725
2026-03-04T19:00:00Z,178.914997
2026-03-04T20:00:00Z,152.407501
2026-03-04T21:00:00Z,141.722496
2026-03-04T22:00:00Z,124.49999975
2026-03-04T23:00:00Z,116.484999
2026-03-05T00:00:00Z,109.93249900000001
2026-03-05T01:00:00Z,109.2625005
2026-03-05T02:00:00Z,108.785
2026-03-05T03:00:00Z,111.06249975
2026-03-05T04:00:00Z,122.68000225
2026-03-05T05:00:00Z,147.75750349999998
2026-03-05T06:00:00Z,169.454998
2026-03-05T07:00:00Z,139.329998
2026-03-05T08:00:00Z,97.09249875
2026-03-05T09:00:00Z,72.2300015
2026-03-05T10:00:00Z,62.9850005
2026-03-05T11:00:00Z,61.5474995
2026-03-05T12:00:00Z,61.81999975
2026-03-05T13:00:00Z,64.71250075
2026-03-05T14:00:00Z,90.00250075
2026-03-05T15:00:00Z,137.75
2026-03-05T16:00:00Z,179.7075005
2026-03-05T17:00:00Z,192.0199965
2026-03-05T18:00:00Z,165
2026-03-05T19:00:00Z,135.24499875
2026-03-05T20:00:00Z,130.589998
2026-03-05T21:00:00Z,130.14249975
2026-03-05T22:00:00Z,119.699999
2026-03-05T23:00:00Z,104.125
2026-03-06T00:00:00Z,105.99999975
2026-03-06T01:00:00Z,108.522499
2026-03-06T02:00:00Z,109.52500175
2026-03-06T03:00:00Z,115.5
2026-03-06T04:00:00Z,128.9925005
2026-03-06T05:00:00Z,157.30749725
2026-03-06T06:00:00Z,173.49999975
2026-03-06T07:00:00Z,138.28750025
2026-03-06T08:00:00Z,112.3050005
2026-03-06T09:00:00Z,96.5000015
2026-03-06T10:00:00Z,76.23750125000001
2026-03-06T11:00:00Z,57.057499
2026-03-06T12:00:00Z,54.2749995
2026-03-06T13:00:00Z,75.20000075
2026-03-06T14:00:00Z,107.067501
2026-03-06T15:00:00Z,130.39749725
2026-03-06T16:00:00Z,177.43750175
2026-03-06T17:00:00Z,229.32500075
2026-03-06T18:00:00Z,189.7650035
2026-03-06T19:00:00Z,153.109997
2026-03-06T20:00:00Z,134.19250275
2026-03-06T21:00:00Z,127.245001
2026-03-06T22:00:00Z,126.074997
2026-03-06T23:00:00Z,135.1624985
2026-03-07T00:00:00Z,130.67749975
2026-03-07T01:00:00Z,125.672501
2026-03-07T02:00:00Z,124.3899995
2026-03-07T03:00:00Z,124.74749925
2026-03-07T04:00:00Z,129.57499525
2026-03-07T05:00:00Z,135.619999
2026-03-07T06:00:00Z,129.557499
2026-03-07T07:00:00Z,112.90250025
2026-03-07T08:00:00Z,103.58499925
2026-03-07T09:00:00Z,84.90749925
2026-03-07T10:00:00Z,78.51749975
2026-03-07T11:00:00Z,76.96500025
2026-03-07T12:00:00Z,72.000001
2026-03-07T13:00:00Z,65.38
2026-03-07T14:00:00Z,84.4749995
2026-03-07T15:00:00Z,126.43999875
2026-03-07T16:00:00Z,147.63249975
2026-03-07T17:00:00Z,180.8724975
2026-03-07T18:00:00Z,166.7249985
2026-03-07T19:00:00Z,148.19750225
2026-03-07T20:00:00Z,137.60749825
2026-03-07T21:00:00Z,134.197502
2026-03-07T22:00:00Z,130.6450025
2026-03-07T23:00:00Z,135.99500275
2026-03-08T00:00:00Z,132.732502
2026-03-08T01:00:00Z,131.192499
2026-03-08T02:00:00Z,130.09250075
2026-03-08T03:00:00Z,129.33499899999998
2026-03-08T04:00:00Z,129.63500025000002
2026-03-08T05:00:00Z,131.097496
2026-03-08T06:00:00Z,116.984997
2026-03-08T07:00:00Z,108.562498
2026-03-08T08:00:00Z,100.90999775
2026-03-08T09:00:00Z,94.84000025
2026-03-08T10:00:00Z,84.99749925
2026-03-08T11:00:00Z,83.522501
2026-03-08T12:00:00Z,80.3125
2026-03-08T13:00:00Z,76.96000000000001
2026-03-08T14:00:00Z,76.96249949999999
2026-03-08T15:00:00Z,117.2024995
2026-03-08T16:00:00Z,146.31249775
2026-03-08T17:00:00Z,160.25999825
2026-03-08T18:00:00Z,154.05249775
2026-03-08T19:00:00Z,138.79249775
2026-03-08T20:00:00Z,127.43499925
2026-03-08T21:00:00Z,121.11500175
2026-03-08T22:00:00Z,113.57250225
2026-03-08T23:00:00Z,114.0874995
2026-03-09T00:00:00Z,109.272499
2026-03-09T01:00:00Z,109.11999900000001
2026-03-09T02:00:00Z,110.48000175
2026-03-09T03:00:00Z,116.38999925
2026-03-09T04:00:00Z,136.994999
2026-03-09T05:00:00Z,163.91999825
2026-03-09T06:00:00Z,191.58000175
2026-03-09T07:00:00Z,162.60500325
2026-03-09T08:00:00Z,127.072502
2026-03-09T09:00:00Z,102.630001
2026-03-09T10:00:00Z,87.4000015
2026-03-09T11:00:00Z,74.10750025
2026-03-09T12:00:00Z,72.47750075
2026-03-09T13:00:00Z,82.845001
2026-03-09T14:00:00Z,112.99249825
2026-03-09T15:00:00Z,143.43750025
2026-03-09T16:00:00Z,187.0249975
2026-03-09T17:00:00Z,254.272503
2026-03-09T18:00:00Z,249.99750525
2026-03-09T19:00:00Z,180.8899995
2026-03-09T20:00:00Z,152.1574975
2026-03-09T21:00:00Z,143.2699965
2026-03-09T22:00:00Z,132.6950035
2026-03-09T23:00:00Z,138.58000175
2026-03-10T00:00:00Z,130.44000225
2026-03-10T01:00:00Z,127.61249925
2026-03-10T02:00:00Z,126.89999975
2026-03-10T03:00:00Z,128.477499
2026-03-10T04:00:00Z,138.62000075
2026-03-10T05:00:00Z,168.59000025
2026-03-10T06:00:00Z,181.8375015
2026-03-10T07:00:00Z,173.3200035
2026-03-10T08:00:00Z,140.5375005
2026-03-10T09:00:00Z,120.76250075
2026-03-10T10:00:00Z,112.142502
2026-03-10T11:00:00Z,110.5650005
2026-03-10T12:00:00Z,107.67499925
2026-03-10T13:00:00Z,107.164999
2026-03-10T14:00:00Z,121.49249675
2026-03-10T15:00:00Z,144.392502
2026-03-10T16:00:00Z,179
2026-03-10T17:00:00Z,210.307499
2026-03-10T18:00:00Z,199.88249975
2026-03-10T19:00:00Z,154.49999624999998
2026-03-10T20:00:00Z,135.2249965
2026-03-10T21:00:00Z,123.25500125
2026-03-10T22:00:00Z,98.15750125
2026-03-10T23:00:00Z,83.95749875
2026-03-11T00:00:00Z,70.8049985
2026-03-11T01:00:00Z,65.424999
2026-03-11T02:00:00Z,63.552501
2026-03-11T03:00:00Z,49.3549995
2026-03-11T04:00:00Z,53.542500749999995
2026-03-11T05:00:00Z,51.9399985
2026-03-11T06:00:00Z,79.83750175
2026-03-11T07:00:00Z,75.5024985
2026-03-11T08:00:00Z,57.945002
2026-03-11T09:00:00Z,35.86
2026-03-11T10:00:00Z,32.05250025
2026-03-11T11:00:00Z,31.19250075
2026-03-11T12:00:00Z,29.24749975
2026-03-11T13:00:00Z,47.2725
2026-03-11T14:00:00Z,79.33
2026-03-11T15:00:00Z,93.11749825
2026-03-11T16:00:00Z,112.2425
2026-03-11T17:00:00Z,135
2026-03-11T18:00:00Z,140.4975015
2026-03-11T19:00:00Z,121.86750025
2026-03-11T20:00:00Z,112
2026-03-11T21:00:00Z,108.0599995
2026-03-11T22:00:00Z,99.63500025
2026-03-11T23:00:00Z,86.317501
2026-03-12T00:00:00Z,86.1000005
2026-03-12T01:00:00Z,75.29499824999999
2026-03-12T02:00:00Z,67.00749975
2026-03-12T03:00:00Z,60.4775
2026-03-12T04:00:00Z,48.8499995
2026-03-12T05:00:00Z,75.82500075
2026-03-12T06:00:00Z,90.50000175
2026-03-12T07:00:00Z,99.84
2026-03-12T08:00:00Z,75.02749925
2026-03-12T09:00:00Z,28.47499975
2026-03-12T10:00:00Z,0.5725
2026-03-12T11:00:00Z,-0.1075
2026-03-12T12:00:00Z,-0.05
2026-03-12T13:00:00Z,-0.0475
2026-03-12T14:00:00Z,3.5999999999999996
2026-03-12T15:00:00Z,45.824999
2026-03-12T16:00:00Z,67.72999974999999
2026-03-12T17:00:00Z,85.52000225
2026-03-12T18:00:00Z,78.44999874999999
2026-03-12T19:00:00Z,59.29750075
2026-03-12T20:00:00Z,41.15499975
2026-03-12T21:00:00Z,28.372500499999997
2026-03-12T22:00:00Z,17.9025
2026-03-12T23:00:00Z,6.29
2026-03-13T00:00:00Z,4.1025
2026-03-13T01:00:00Z,2.8875
2026-03-13T02:00:00Z,1.1475
2026-03-13T03:00:00Z,1.46
2026-03-13T04:00:00Z,2.9075
2026-03-13T05:00:00Z,8.46
2026-03-13T06:00:00Z,19.93750025
2026-03-13T07:00:00Z,6.9575
2026-03-13T08:00:00Z,2.3125
2026-03-13T09:00:00Z,2.3275
2026-03-13T10:00:00Z,2.3049999999999997
2026-03-13T11:00:00Z,1.84
2026-03-13T12:00:00Z,1.6349999999999998
2026-03-13T13:00:00Z,2.6325000000000003
2026-03-13T14:00:00Z,47.07000025
2026-03-13T15:00:00Z,80.13499925
2026-03-13T16:00:00Z,130.46250175
2026-03-13T17:00:00Z,147.08499725
2026-03-13T18:00:00Z,137.82250225
2026-03-13T19:00:00Z,131.88750275
2026-03-13T20:00:00Z,127.4325025
2026-03-13T21:00:00Z,123.4224985
2026-03-13T22:00:00Z,115.8074985
2026-03-13T23:00:00Z,112.9450015
2026-03-14T00:00:00Z,109.0700015
2026-03-14T01:00:00Z,103.98999975
2026-03-14T02:00:00Z,101.8624975
2026-03-14T03:00:00Z,105.114998
2026-03-14T04:00:00Z,109.067499
2026-03-14T05:00:00Z,111.5199985
2026-03-14T06:00:00Z,116.7075005
2026-03-14T07:00:00Z,121.879999
2026-03-14T08:00:00Z,116.1399995
2026-03-14T09:00:00Z,107.52249925
2026-03-14T10:00:00Z,103.92750175
2026-03-14T11:00:00Z,104.6775
2026-03-14T12:00:00Z,103.57000175
2026-03-14T13:00:00Z,105.67749975
2026-03-14T14:00:00Z,114.2199995
2026-03-14T15:00:00Z,130.00000225
2026-03-14T16:00:00Z,138.6500015
2026-03-14T17:00:00Z,161.09999875
2026-03-14T18:00:00Z,169.8349955
2026-03-14T19:00:00Z,150.26499925000002
2026-03-14T20:00:00Z,137.4524955
2026-03-14T21:00:00Z,135.23749924999998
2026-03-14T22:00:00Z,128.045002
2026-03-14T23:00:00Z,137.3425005
2026-03-15T00:00:00Z,133.7300015
2026-03-15T01:00:00Z,124.959999
2026-03-15T02:00:00Z,123.5275
2026-03-15T03:00:00Z,122.17749975
2026-03-15T04:00:00Z,124.1200025
2026-03-15T05:00:00Z,124.387499
2026-03-15T06:00:00Z,117.80750075
2026-03-15T07:00:00Z,109.09499925
2026-03-15T08:00:00Z,94.76999875
2026-03-15T09:00:00Z,87.3049985
2026-03-15T10:00:00Z,72.210002
2026-03-15T11:00:00Z,52.96749975
2026-03-15T12:00:00Z,36.45749925
2026-03-15T13:00:00Z,37.1975
2026-03-15T14:00:00Z,63.07750025
2026-03-15T15:00:00Z,85.5075015
2026-03-15T16:00:00Z,116.74499900000001
2026-03-15T17:00:00Z,127.98999975
2026-03-15T18:00:00Z,117.84250075
2026-03-15T19:00:00Z,93.147501
2026-03-15T20:00:00Z,80.795
2026-03-15T21:00:00Z,70.34249875
2026-03-15T22:00:00Z,61.45999975
2026-03-15T23:00:00Z,34.16499975
2026-03-16T00:00:00Z,23.3275
2026-03-16T01:00:00Z,17.59
2026-03-16T02:00:00Z,14.1375
2026-03-16T03:00:00Z,20.05750025
2026-03-16T04:00:00Z,37.4275
2026-03-16T05:00:00Z,66.1900005
2026-03-16T06:00:00Z,95.56749925
2026-03-16T07:00:00Z,95.97749875
2026-03-16T08:00:00Z,73.1049995
2026-03-16T09:00:00Z,42.5950005
2026-03-16T10:00:00Z,17.54749975
2026-03-16T11:00:00Z,13.245
2026-03-16T12:00:00Z,16.29
2026-03-16T13:00:00Z,42.1724995
2026-03-16T14:00:00Z,64.444999
2026-03-16T15:00:00Z,106.20999725
2026-03-16T16:00:00Z,137.57999999999998
2026-03-16T17:00:00Z,164.00249875
2026-03-16T18:00:00Z,177.09000025
2026-03-16T19:00:00Z,154.7475015
2026-03-16T20:00:00Z,125.71249975
2026-03-16T21:00:00Z,121.9125005
2026-03-16T22:00:00Z,99.7649995
2026-03-16T23:00:00Z,113.66500075
2026-03-17T00:00:00Z,105.58499925
2026-03-17T01:00:00Z,106.42250075
2026-03-17T02:00:00Z,106.4349995
2026-03-17T03:00:00Z,108.3199995
2026-03-17T04:00:00Z,116.237499
2026-03-17T05:00:00Z,142.3475
2026-03-17T06:00:00Z,162.159996
2026-03-17T07:00:00Z,151.665003
2026-03-17T08:00:00Z,123.0999985
2026-03-17T09:00:00Z,105.52999875
2026-03-17T10:00:00Z,97.1075
2026-03-17T11:00:00Z,89.03499775
2026-03-17T12:00:00Z,90.2800005
2026-03-17T13:00:00Z,88.38249975
2026-03-17T14:00:00Z,98.98249825
2026-03-17T15:00:00Z,117.80750075
2026-03-17T16:00:00Z,128.30249800000001
2026-03-17T17:00:00Z,147.06249825
2026-03-17T18:00:00Z,155.84250075
2026-03-17T19:00:00Z,139.04499825
2026-03-17T20:00:00Z,117.12500175
2026-03-17T21:00:00Z,110.23499875
2026-03-17T22:00:00Z,100.4575005
2026-03-17T23:00:00Z,89.79999925
2026-03-18T00:00:00Z,86.72750075
2026-03-18T01:00:00Z,85.6849995
2026-03-18T02:00:00Z,86.86750025
2026-03-18T03:00:00Z,88.834999
2026-03-18T04:00:00Z,100.0549985
2026-03-18T05:00:00Z,130.73999800000001
2026-03-18T06:00:00Z,133.592497
2026-03-18T07:00:00Z,99.9375
2026-03-18T08:00:00Z,62.95000075
2026-03-18T09:00:00Z,11.37500025
2026-03-18T10:00:00Z,2.765
2026-03-18T11:00:00Z,2.4825
2026-03-18T12:00:00Z,3.5625
2026-03-18T13:00:00Z,3.545
2026-03-18T14:00:00Z,47.194999
2026-03-18T15:00:00Z,107.032503
2026-03-18T16:00:00Z,145.21249775
2026-03-18T17:00:00Z,177.62249775
2026-03-18T18:00:00Z,170.19749825
2026-03-18T19:00:00Z,148.48999800000001
2026-03-18T20:00:00Z,132.05749875
2026-03-18T21:00:00Z,123.77500125
2026-03-18T22:00:00Z,113.374998
2026-03-18T23:00:00Z,109.2474995
2026-03-19T00:00:00Z,112.640001
2026-03-19T01:00:00Z,113.98999975
2026-03-19T02:00:00Z,113.777502
2026-03-19T03:00:00Z,117.21499825
2026-03-19T04:00:00Z,126.39000125
2026-03-19T05:00:00Z,154.635
2026-03-19T06:00:00Z,158.2425025
2026-03-19T07:00:00Z,138.60250275
2026-03-19T08:00:00Z,90.902502
2026-03-19T09:00:00Z,56.04749925
2026-03-19T10:00:00Z,22.1225
2026-03-19T11:00:00Z,21.65250025
2026-03-19T12:00:00Z,17.389999
2026-03-19T13:00:00Z,44.8075005
2026-03-19T14:00:00Z,85.947501
2026-03-19T15:00:00Z,120.3474995
2026-03-19T16:00:00Z,152.17500325
2026-03-19T17:00:00Z,209.26750175
2026-03-19T18:00:00Z,214.3825035
2026-03-19T19:00:00Z,163.369999
2026-03-19T20:00:00Z,149.04000075
2026-03-19T21:00:00Z,139.549999
2026-03-19T22:00:00Z,132.23750125
2026-03-19T23:00:00Z,143.56250025
2026-03-20T00:00:00Z,137.95999525000002
2026-03-20T01:00:00Z,135.64249825000002
2026-03-20T02:00:00Z,137.47499875
2026-03-20T03:00:00Z,138.9050025
2026-03-20T04:00:00Z,154.59000025
2026-03-20T05:00:00Z,192.29499825
2026-03-20T06:00:00Z,197.477501
2026-03-20T07:00:00Z,161.2325
2026-03-20T08:00:00Z,132.0074995
2026-03-20T09:00:00Z,101.08499925
2026-03-20T10:00:00Z,78.47249875
2026-03-20T11:00:00Z,65.609999
2026-03-20T12:00:00Z,65.60999875
2026-03-20T13:00:00Z,87.39999975
2026-03-20T14:00:00Z,117.154999
2026-03-20T15:00:00Z,144.675003
2026-03-20T16:00:00Z,174.8174975
2026-03-20T17:00:00Z,207.58249675
2026-03-20T18:00:00Z,212.3099975
2026-03-20T19:00:00Z,180.03500350000002
2026-03-20T20:00:00Z,163.04999924999998
2026-03-20T21:00:00Z,151.85000225
2026-03-20T22:00:00Z,148.11750425
2026-03-20T23:00:00Z,142.39250175
2026-03-21T00:00:00Z,138.34250275
2026-03-21T01:00:00Z,136.08500275
2026-03-21T02:00:00Z,132.05749875
2026-03-21T03:00:00Z,131.18999475
2026-03-21T04:00:00Z,137.66000375
2026-03-21T05:00:00Z,142.33250049999998
2026-03-21T06:00:00Z,139.66249825
2026-03-21T07:00:00Z,127.2649975
2026-03-21T08:00:00Z,100.57749925
2026-03-21T09:00:00Z,76.472501
2026-03-21T10:00:00Z,45.89999975
2026-03-21T11:00:00Z,23.48999975
2026-03-21T12:00:00Z,24.27
2026-03-21T13:00:00Z,62.92750075
2026-03-21T14:00:00Z,89.99999825
2026-03-21T15:00:00Z,115.664999
2026-03-21T16:00:00Z,146.0249995
2026-03-21T17:00:00Z,171.6175005
2026-03-21T18:00:00Z,163.10500324999998
2026-03-21T19:00:00Z,141.8274995
2026-03-21T20:00:00Z,126.875002
2026-03-21T21:00:00Z,120.24249825
2026-03-21T22:00:00Z,108
2026-03-21T23:00:00Z,100.4125005
2026-03-22T00:00:00Z,95.75499925
2026-03-22T01:00:00Z,94.20249925
2026-03-22T02:00:00Z,95.26
2026-03-22T03:00:00Z,98.59750175
2026-03-22T04:00:00Z,101.66250025
2026-03-22T05:00:00Z,100.1049995
2026-03-22T06:00:00Z,84.710001
2026-03-22T07:00:00Z,41.3300005
2026-03-22T08:00:00Z,8.2975
2026-03-22T09:00:00Z,3.2875
2026-03-22T10:00:00Z,0.7150000000000001
2026-03-22T11:00:00Z,-0.0075
2026-03-22T12:00:00Z,-0.01
2026-03-22T13:00:00Z,0.0975
2026-03-22T14:00:00Z,11.5124995
2026-03-22T15:00:00Z,93.152499
2026-03-22T16:00:00Z,145.63500025000002
2026-03-22T17:00:00Z,174.18999875
2026-03-22T18:00:00Z,173.38000125
2026-03-22T19:00:00Z,164.73000325
2026-03-22T20:00:00Z,155.3700025
2026-03-22T21:00:00Z,137.34
2026-03-22T22:00:00Z,133.72000125
2026-03-22T23:00:00Z,131.1349985
2026-03-23T00:00:00Z,125.8999995
2026-03-23T01:00:00Z,125.16
2026-03-23T02:00:00Z,128.58749975
2026-03-23T03:00:00Z,129.9975015
2026-03-23T04:00:00Z,142.517498
2026-03-23T05:00:00Z,174.67749800000001
2026-03-23T06:00:00Z,186.1825025
2026-03-23T07:00:00Z,147.60500125
2026-03-23T08:00:00Z,108.000004
2026-03-23T09:00:00Z,81.432502
2026-03-23T10:00:00Z,48.08249925
2026-03-23T11:00:00Z,49.25500025
2026-03-23T12:00:00Z,74.87499975
2026-03-23T13:00:00Z,94.9799995
2026-03-23T14:00:00Z,114.45250125
2026-03-23T15:00:00Z,130.64000125
2026-03-23T16:00:00Z,172.584999
2026-03-23T17:00:00Z,257.5499955
2026-03-23T18:00:00Z,240.90999975
2026-03-23T19:00:00Z,199.38750075
2026-03-23T20:00:00Z,167.94249725
2026-03-23T21:00:00Z,152.1375005
2026-03-23T22:00:00Z,137.0024985
2026-03-23T23:00:00Z,133.7050035
2026-03-24T00:00:00Z,117.3449975
2026-03-24T01:00:00Z,106.64000125
2026-03-24T02:00:00Z,95.925001
2026-03-24T03:00:00Z,94.79750075
2026-03-24T04:00:00Z,93.0825005
2026-03-24T05:00:00Z,78.7675
2026-03-24T06:00:00Z,103.8225005
2026-03-24T07:00:00Z,97.4575005
2026-03-24T08:00:00Z,70.9050015
2026-03-24T09:00:00Z,23.75249975
2026-03-24T10:00:00Z,5.359999999999999
2026-03-24T11:00:00Z,3.6775
2026-03-24T12:00:00Z,3.5225
2026-03-24T13:00:00Z,3.5725
2026-03-24T14:00:00Z,20.55999975
2026-03-24T15:00:00Z,77.43250075
2026-03-24T16:00:00Z,112.83999825
2026-03-24T17:00:00Z,126
2026-03-24T18:00:00Z,135.579998
2026-03-24T19:00:00Z,101.1000005
2026-03-24T20:00:00Z,74.4975015
2026-03-24T21:00:00Z,66.1025
2026-03-24T22:00:00Z,22.09750025
2026-03-24T23:00:00Z,1.81
2026-03-25T00:00:00Z,0.3675000000000001
2026-03-25T01:00:00Z,-0.0025
2026-03-25T02:00:00Z,-0.0075
2026-03-25T03:00:00Z,0
2026-03-25T04:00:00Z,0.5175
2026-03-25T05:00:00Z,3.6625
2026-03-25T06:00:00Z,10.19
2026-03-25T07:00:00Z,9.4825
2026-03-25T08:00:00Z,9.44
2026-03-25T09:00:00Z,6.44
2026-03-25T10:00:00Z,2.9425
2026-03-25T11:00:00Z,2.2225
2026-03-25T12:00:00Z,2.0175
2026-03-25T13:00:00Z,2.655
2026-03-25T14:00:00Z,5.0975
2026-03-25T15:00:00Z,36.287499
2026-03-25T16:00:00Z,59.97750025
2026-03-25T17:00:00Z,93.59499925
2026-03-25T18:00:00Z,76.0975
2026-03-25T19:00:00Z,64.84
2026-03-25T20:00:00Z,44.57999975
2026-03-25T21:00:00Z,48.120001
2026-03-25T22:00:00Z,33.71250075
2026-03-25T23:00:00Z,43.880000249999995
2026-03-26T00:00:00Z,48.234999
2026-03-26T01:00:00Z,45.8050015
2026-03-26T02:00:00Z,39.97500025
2026-03-26T03:00:00Z,45.47000025
2026-03-26T04:00:00Z,44.765
2026-03-26T05:00:00Z,81.4175015
2026-03-26T06:00:00Z,99.4575005
2026-03-26T07:00:00Z,82.1899985
2026-03-26T08:00:00Z,33.20000025
2026-03-26T09:00:00Z,40.36000075
2026-03-26T10:00:00Z,13.74
2026-03-26T11:00:00Z,4.8
2026-03-26T12:00:00Z,4.547499999999999
2026-03-26T13:00:00Z,7.98
2026-03-26T14:00:00Z,37.4350005
2026-03-26T15:00:00Z,75.817499
2026-03-26T16:00:00Z,115.91999825
2026-03-26T17:00:00Z,144.255001
2026-03-26T18:00:00Z,145.45249925000002
2026-03-26T19:00:00Z,133.204998
2026-03-26T20:00:00Z,126.1000025
2026-03-26T21:00:00Z,124.37250125
2026-03-26T22:00:00Z,115.02499975
2026-03-26T23:00:00Z,119.39249975
2026-03-27T00:00:00Z,119.50000225
2026-03-27T01:00:00Z,117.3425005
2026-03-27T02:00:00Z,117.8324985
2026-03-27T03:00:00Z,120.24750125
2026-03-27T04:00:00Z,136.4625015
2026-03-27T05:00:00Z,172.5324975
2026-03-27T06:00:00Z,176.39749925
2026-03-27T07:00:00Z,147.55750075
2026-03-27T08:00:00Z,114.0025005
2026-03-27T09:00:00Z,87.25999825
2026-03-27T10:00:00Z,72.8099995
2026-03-27T11:00:00Z,63.31999875
2026-03-27T12:00:00Z,59.5999995
2026-03-27T13:00:00Z,74.07500175
2026-03-27T14:00:00Z,92.3225005
2026-03-27T15:00:00Z,102.8949985
2026-03-27T16:00:00Z,128.397501
2026-03-27T17:00:00Z,143.00249475
2026-03-27T18:00:00Z,133.375002
2026-03-27T19:00:00Z,120.65750125
2026-03-27T20:00:00Z,118.67499925
2026-03-27T21:00:00Z,116.00000175
2026-03-27T22:00:00Z,105.24749925
2026-03-27T23:00:00Z,92.36999875
2026-03-28T00:00:00Z,92.66500075
2026-03-28T01:00:00Z,89.5474985
2026-03-28T02:00:00Z,87.26249899999999
2026-03-28T03:00:00Z,88.11750025
2026-03-28T04:00:00Z,88.54750075
2026-03-28T05:00:00Z,86.77750025
2026-03-28T06:00:00Z,79.1850015
2026-03-28T07:00:00Z,68.29999925
2026-03-28T08:00:00Z,44.9075005
2026-03-28T09:00:00Z,17.5825
2026-03-28T10:00:00Z,7.6475
2026-03-28T11:00:00Z,6.6975
2026-03-28T12:00:00Z,7.8475
2026-03-28T13:00:00Z,20.475
2026-03-28T14:00:00Z,54.24250025
2026-03-28T15:00:00Z,81.05000125
2026-03-28T16:00:00Z,105.52000025
2026-03-28T17:00:00Z,129.5249995
2026-03-28T18:00:00Z,154.06999975
2026-03-28T19:00:00Z,143.949995
2026-03-28T20:00:00Z,131.58999825
2026-03-28T21:00:00Z,125.33000175
2026-03-28T22:00:00Z,119.57999975
2026-03-28T23:00:00Z,114.55999925
2026-03-29T00:00:00Z,107.697502
2026-03-29T01:00:00Z,101.165001
2026-03-29T02:00:00Z,105.2250005
2026-03-29T03:00:00Z,104.6049995
2026-03-29T04:00:00Z,109.755001
2026-03-29T05:00:00Z,115.02999875
2026-03-29T06:00:00Z,114.8374995
2026-03-29T07:00:00Z,94.39749925
2026-03-29T08:00:00Z,74.80750175
2026-03-29T09:00:00Z,44.69749975
2026-03-29T10:00:00Z,10.01
2026-03-29T11:00:00Z,2.2625
2026-03-29T12:00:00Z,0.04249999999999999
2026-03-29T13:00:00Z,0.025
2026-03-29T14:00:00Z,0.8949999999999999
2026-03-29T15:00:00Z,32.7524995
2026-03-29T16:00:00Z,70.30499950000001
2026-03-29T17:00:00Z,93.0524995
2026-03-29T18:00:00Z,86.374998
2026-03-29T19:00:00Z,68.4825
2026-03-29T20:00:00Z,60.99749925
2026-03-29T21:00:00Z,25.6349995
2026-03-29T22:00:00Z,9.1975
2026-03-29T23:00:00Z,3.555
2026-03-30T00:00:00Z,5.02
2026-03-30T01:00:00Z,3.825
2026-03-30T02:00:00Z,4.3575
2026-03-30T03:00:00Z,18.42249975
2026-03-30T04:00:00Z,64.82499975
2026-03-30T05:00:00Z,90.3125
2026-03-30T06:00:00Z,109.2225015
2026-03-30T07:00:00Z,96.8374995
2026-03-30T08:00:00Z,73.847499
2026-03-30T09:00:00Z,45.997499
2026-03-30T10:00:00Z,23.58750025
2026-03-30T11:00:00Z,11.99999975
2026-03-30T12:00:00Z,8.705
2026-03-30T13:00:00Z,12.9375
2026-03-30T14:00:00Z,35.1449995
2026-03-30T15:00:00Z,74.7075005
2026-03-30T16:00:00Z,100.27750025
2026-03-30T17:00:00Z,119.99249875
2026-03-30T18:00:00Z,121.727501
2026-03-30T19:00:00Z,107.4225005
2026-03-30T20:00:00Z,107.75750175
2026-03-30T21:00:00Z,108.8199995
2026-03-30T22:00:00Z,93.03750025
2026-03-30T23:00:00Z,93.56500075
2026-03-31T00:00:00Z,95.6099985
2026-03-31T01:00:00Z,97.22249975
2026-03-31T02:00:00Z,87.977499
2026-03-31T03:00:00Z,103.23999975
2026-03-31T04:00:00Z,117.40250225
2026-03-31T05:00:00Z,130.607498
2026-03-31T06:00:00Z,130.1999985
2026-03-31T07:00:00Z,119.34500125
2026-03-31T08:00:00Z,104.254999
2026-03-31T09:00:00Z,87.3500005
2026-03-31T10:00:00Z,78.669998
2026-03-31T11:00:00Z,55.2250005
2026-03-31T12:00:00Z,53.4875
2026-03-31T13:00:00Z,63.05250075
2026-03-31T14:00:00Z,82.217499
2026-03-31T15:00:00Z,110.967499
2026-03-31T16:00:00Z,150.37000275
2026-03-31T17:00:00Z,174.2750015
2026-03-31T18:00:00Z,176.00500075
2026-03-31T19:00:00Z,171.7250025
2026-03-31T20:00:00Z,158.329998
2026-03-31T21:00:00Z,148.47000125
2026-03-31T22:00:00Z,145.630001
2026-03-31T23:00:00Z,129.60499775
2026-04-01T00:00:00Z,125.4125005
2026-04-01T01:00:00Z,129.62250325
2026-04-01T02:00:00Z,129.0774995
2026-04-01T03:00:00Z,146.50000375
2026-04-01T04:00:00Z,157.59749975
2026-04-01T05:00:00Z,184.18749975
2026-04-01T06:00:00Z,199.977497
2026-04-01T07:00:00Z,171.5149995
2026-04-01T08:00:00Z,139.79999924999998
2026-04-01T09:00:00Z,128.07750125
2026-04-01T10:00:00Z,115.0524995
2026-04-01T11:00:00Z,93.83499925
2026-04-01T12:00:00Z,86.3325025
2026-04-01T13:00:00Z,93.8374995
2026-04-01T14:00:00Z,105.51499925
2026-04-01T15:00:00Z,124.897501
2026-04-01T16:00:00Z,128.597498
2026-04-01T17:00:00Z,186.7024955
2026-04-01T18:00:00Z,164.2999995
2026-04-01T19:00:00Z,161.557499
2026-04-01T20:00:00Z,151.95249925
2026-04-01T21:00:00Z,129.38999925000002
2026-04-01T22:00:00Z,126.3375015
2026-04-01T23:00:00Z,118.995001
2026-04-02T00:00:00Z,114.12499975
2026-04-02T01:00:00Z,107.817501
2026-04-02T02:00:00Z,106.5924985
2026-04-02T03:00:00Z,115.38500225
2026-04-02T04:00:00Z,118.7299995
2026-04-02T05:00:00Z,136.70000075000002
2026-04-02T06:00:00Z,146.767502
2026-04-02T07:00:00Z,114.2775
2026-04-02T08:00:00Z,90.66250125
2026-04-02T09:00:00Z,74.249999
2026-04-02T10:00:00Z,59.74499975
2026-04-02T11:00:00Z,42.45499975
2026-04-02T12:00:00Z,52.8599995
2026-04-02T13:00:00Z,73.76500025
2026-04-02T14:00:00Z,90.619999000000007
2026-04-02T15:00:00Z,105.9974995
2026-04-02T16:00:00Z,122.83250025
2026-04-02T17:00:00Z,130.15250025
2026-04-02T18:00:00Z,128.835001
2026-04-02T19:00:00Z,125.1600015
2026-04-02T20:00:00Z,116.1625025
2026-04-02T21:00:00Z,115.59250075
2026-04-02T22:00:00Z,123.9000015
2026-04-02T23:00:00Z,113.3024995
2026-04-03T00:00:00Z,108.17249875
2026-04-03T01:00:00Z,105.2975005
2026-04-03T02:00:00Z,104.5300005
2026-04-03T03:00:00Z,106.29750075
2026-04-03T04:00:00Z,112.91000175
2026-04-03T05:00:00Z,116.21999925
2026-04-03T06:00:00Z,121.699997
2026-04-03T07:00:00Z,113.18000025
2026-04-03T08:00:00Z,85.58500025000001
2026-04-03T09:00:00Z,52.9575
2026-04-03T10:00:00Z,27.66749975
2026-04-03T11:00:00Z,14.02
2026-04-03T12:00:00Z,8.405
2026-04-03T13:00:00Z,9.6625
2026-04-03T14:00:00Z,26.84250025
2026-04-03T15:00:00Z,66.7974975
2026-04-03T16:00:00Z,88.9725
2026-04-03T17:00:00Z,99.38999925
2026-04-03T18:00:00Z,94.220003
2026-04-03T19:00:00Z,84.20250125
2026-04-03T20:00:00Z,80.73750100000001
2026-04-03T21:00:00Z,60.5875005
2026-04-03T22:00:00Z,13.3
2026-04-03T23:00:00Z,18.0325
2026-04-04T00:00:00Z,19.05250025
2026-04-04T01:00:00Z,11.4025
2026-04-04T02:00:00Z,9.3825
2026-04-04T03:00:00Z,11.735
2026-04-04T04:00:00Z,13.3625
2026-04-04T05:00:00Z,19.2675
2026-04-04T06:00:00Z,16.69499975
2026-04-04T07:00:00Z,6.6
2026-04-04T08:00:00Z,1.9425
2026-04-04T09:00:00Z,0.08
2026-04-04T10:00:00Z,0.0275
2026-04-04T11:00:00Z,0.1275
2026-04-04T12:00:00Z,0.1025
2026-04-04T13:00:00Z,0.0275
2026-04-04T14:00:00Z,10.68999975
2026-04-04T15:00:00Z,34.09750075
2026-04-04T16:00:00Z,94.2124975
2026-04-04T17:00:00Z,131.3500025
2026-04-04T18:00:00Z,120.39749925
2026-04-04T19:00:00Z,96.08999975
2026-04-04T20:00:00Z,73.920001
2026-04-04T21:00:00Z,41.8324995
2026-04-04T22:00:00Z,1.0625
2026-04-04T23:00:00Z,0.885
2026-04-05T00:00:00Z,1.205
2026-04-05T01:00:00Z,0.4725
2026-04-05T02:00:00Z,0
2026-04-05T03:00:00Z,4.336808689942018e-19
2026-04-05T04:00:00Z,-0.0125
2026-04-05T05:00:00Z,-0.125
2026-04-05T06:00:00Z,0.00249999999999999
2026-04-05T07:00:00Z,-1.3675
2026-04-05T08:00:00Z,-3.0275
2026-04-05T09:00:00Z,-5.7875
2026-04-05T10:00:00Z,-10.41000025
2026-04-05T11:00:00Z,-20.13250025
2026-04-05T12:00:00Z,-25.4575
2026-04-05T13:00:00Z,-24.11750025
2026-04-05T14:00:00Z,-19.46000025
2026-04-05T15:00:00Z,-2.5725
2026-04-05T16:00:00Z,0.11749999999999997
2026-04-05T17:00:00Z,20.0425
2026-04-05T18:00:00Z,33.350001
2026-04-05T19:00:00Z,30.2050005
2026-04-05T20:00:00Z,30.3775
2026-04-05T21:00:00Z,19.02250075
2026-04-05T22:00:00Z,3.24
2026-04-05T23:00:00Z,1.985
2026-04-06T00:00:00Z,1.04
2026-04-06T01:00:00Z,1.36
2026-04-06T02:00:00Z,1.06
2026-04-06T03:00:00Z,2.11
2026-04-06T04:00:00Z,1.985
2026-04-06T05:00:00Z,1.3325
2026-04-06T06:00:00Z,-0.0425
2026-04-06T07:00:00Z,-1.01
2026-04-06T08:00:00Z,-1.015
2026-04-06T09:00:00Z,-3.96
2026-04-06T10:00:00Z,-5.1925
2026-04-06T11:00:00Z,-5.5575
2026-04-06T12:00:00Z,-5.1075
2026-04-06T13:00:00Z,-4.797499999999999
2026-04-06T14:00:00Z,-1.4575
2026-04-06T15:00:00Z,0.1725
2026-04-06T16:00:00Z,37.0425
2026-04-06T17:00:00Z,104.89749925
2026-04-06T18:00:00Z,115.7074985
2026-04-06T19:00:00Z,109.22249975
2026-04-06T20:00:00Z,113.84749975
2026-04-06T21:00:00Z,108.80499825
2026-04-06T22:00:00Z,106.40000125
2026-04-06T23:00:00Z,101.29499825
2026-04-07T00:00:00Z,101.64750075
2026-04-07T01:00:00Z,102.27999875
2026-04-07T02:00:00Z,105.1349985
2026-04-07T03:00:00Z,112.80749900000001
2026-04-07T04:00:00Z,132.62000075
2026-04-07T05:00:00Z,159.6449965
2026-04-07T06:00:00Z,127.85749625
2026-04-07T07:00:00Z,81.8025
2026-04-07T08:00:00Z,28.30000075
2026-04-07T09:00:00Z,6.555
2026-04-07T10:00:00Z,4.4
2026-04-07T11:00:00Z,2.895
2026-04-07T12:00:00Z,7.272499999999999
2026-04-07T13:00:00Z,6.22
2026-04-07T14:00:00Z,7.142500249999999
2026-04-07T15:00:00Z,79.902501
2026-04-07T16:00:00Z,137.99499725
2026-04-07T17:00:00Z,185.34249875
2026-04-07T18:00:00Z,182.555004
2026-04-07T19:00:00Z,141.7675015
2026-04-07T20:00:00Z,128.33750325
2026-04-07T21:00:00Z,118.19750225
2026-04-07T22:00:00Z,107.17000025
2026-04-07T23:00:00Z,102.209999
2026-04-08T00:00:00Z,100.8199995
2026-04-08T01:00:00Z,103.49749925
2026-04-08T02:00:00Z,107.51249875
2026-04-08T03:00:00Z,116.92749775
2026-04-08T04:00:00Z,145.590002
2026-04-08T05:00:00Z,168.79749675
2026-04-08T06:00:00Z,138.5075015
2026-04-08T07:00:00Z,97.449998
2026-04-08T08:00:00Z,67.4524995
2026-04-08T09:00:00Z,36.09000025
2026-04-08T10:00:00Z,38.622499500000004
2026-04-08T11:00:00Z,37.567500249999995
2026-04-08T12:00:00Z,36.862498
2026-04-08T13:00:00Z,33.4849995
2026-04-08T14:00:00Z,41.7624995
2026-04-08T15:00:00Z,91.8749975
2026-04-08T16:00:00Z,134.2474995
2026-04-08T17:00:00Z,170.0074995
2026-04-08T18:00:00Z,160.55249800000001
2026-04-08T19:00:00Z,137.10249725
2026-04-08T20:00:00Z,121.3925
2026-04-08T21:00:00Z,109.4750005
2026-04-08T22:00:00Z,104.89749925
2026-04-08T23:00:00Z,101.102501
2026-04-09T00:00:00Z,101.09499775
2026-04-09T01:00:00Z,101.86249925
2026-04-09T02:00:00Z,104.8900015
2026-04-09T03:00:00Z,112.38000075
2026-04-09T04:00:00Z,130.59499925
2026-04-09T05:00:00Z,140.8624995
2026-04-09T06:00:00Z,128.090002
2026-04-09T07:00:00Z,99.6749995
2026-04-09T08:00:00Z,55.18
2026-04-09T09:00:00Z,7.03
2026-04-09T10:00:00Z,3.89
2026-04-09T11:00:00Z,2
2026-04-09T12:00:00Z,1.34
2026-04-09T13:00:00Z,3.8175
2026-04-09T14:00:00Z,27.8424995
2026-04-09T15:00:00Z,77.99750075
2026-04-09T16:00:00Z,106.0875015
2026-04-09T17:00:00Z,113.21749875
2026-04-09T18:00:00Z,107.3074985
2026-04-09T19:00:00Z,87.590001
2026-04-09T20:00:00Z,71.17749975000001
2026-04-09T21:00:00Z,61.19999975
2026-04-09T22:00:00Z,62.052499999999995
2026-04-09T23:00:00Z,62.227499
2026-04-10T00:00:00Z,61.84249975
2026-04-10T01:00:00Z,59.38749875
2026-04-10T02:00:00Z,65.39750025000001
2026-04-10T03:00:00Z,76.75249975
2026-04-10T04:00:00Z,104.60999875
2026-04-10T05:00:00Z,121.62249925
2026-04-10T06:00:00Z,123.0874995
2026-04-10T07:00:00Z,119.1574975
2026-04-10T08:00:00Z,109.84000025
2026-04-10T09:00:00Z,102.98999975
2026-04-10T10:00:00Z,92.09
2026-04-10T11:00:00Z,88.9375
2026-04-10T12:00:00Z,87.39999975
2026-04-10T13:00:00Z,94.017498
2026-04-10T14:00:00Z,108.7799985
2026-04-10T15:00:00Z,127.20250125
2026-04-10T16:00:00Z,150.4299965
2026-04-10T17:00:00Z,221.63999975
2026-04-10T18:00:00Z,238.1574975
2026-04-10T19:00:00Z,170.62999725
2026-04-10T20:00:00Z,142.074999
2026-04-10T21:00:00Z,125.7200015
2026-04-10T22:00:00Z,130.199999
2026-04-10T23:00:00Z,118.9799995
2026-04-11T00:00:00Z,114.3375015
2026-04-11T01:00:00Z,112.23499875
2026-04-11T02:00:00Z,110.83749975
2026-04-11T03:00:00Z,108.3600005
2026-04-11T04:00:00Z,106.6049995
2026-04-11T05:00:00Z,93.23749925
2026-04-11T06:00:00Z,70.2525015
2026-04-11T07:00:00Z,26.16749975
2026-04-11T08:00:00Z,7.2525
2026-04-11T09:00:00Z,0.8125
2026-04-11T10:00:00Z,-8
2026-04-11T11:00:00Z,-15.1725
2026-04-11T12:00:00Z,-17.2425
2026-04-11T13:00:00Z,-17.935
2026-04-11T14:00:00Z,-3.055
2026-04-11T15:00:00Z,2.14
2026-04-11T16:00:00Z,43.6975
2026-04-11T17:00:00Z,61.74249925
2026-04-11T18:00:00Z,60.1725015
2026-04-11T19:00:00Z,52.9874995
2026-04-11T20:00:00Z,51.81750025
2026-04-11T21:00:00Z,49.7575
2026-04-11T22:00:00Z,56.267499
2026-04-11T23:00:00Z,56.59500025
2026-04-12T00:00:00Z,59.56750025
2026-04-12T01:00:00Z,76.55999975
2026-04-12T02:00:00Z,85.68250075
2026-04-12T03:00:00Z,89.58499925
2026-04-12T04:00:00Z,88.9524995
2026-04-12T05:00:00Z,87.38750075
2026-04-12T06:00:00Z,76.102499
2026-04-12T07:00:00Z,53.3224995
2026-04-12T08:00:00Z,30.2325
2026-04-12T09:00:00Z,22.4150005
2026-04-12T10:00:00Z,14.975
2026-04-12T11:00:00Z,4.4625
2026-04-12T12:00:00Z,7.6475
2026-04-12T13:00:00Z,15.90499975
2026-04-12T14:00:00Z,66.91249825
2026-04-12T15:00:00Z,102.6674995
2026-04-12T16:00:00Z,131.70999925
2026-04-12T17:00:00Z,144.01750175
2026-04-12T18:00:00Z,145.75749975000002
2026-04-12T19:00:00Z,136.732502
2026-04-12T20:00:00Z,130.607498
2026-04-12T21:00:00Z,121.0075015
2026-04-12T22:00:00Z,116.17499925
2026-04-12T23:00:00Z,109.795
2026-04-13T00:00:00Z,107.31499875
2026-04-13T01:00:00Z,107.59000025
2026-04-13T02:00:00Z,110.0200005
2026-04-13T03:00:00Z,117.64250175
2026-04-13T04:00:00Z,134.925005
2026-04-13T05:00:00Z,144.3375015
2026-04-13T06:00:00Z,173.0525015
2026-04-13T07:00:00Z,160.96499649999998
2026-04-13T08:00:00Z,138.62999925
2026-04-13T09:00:00Z,116.00000025
2026-04-13T10:00:00Z,104.73499875
2026-04-13T11:00:00Z,97.3925
2026-04-13T12:00:00Z,101.69499975
2026-04-13T13:00:00Z,104.637501
2026-04-13T14:00:00Z,114.53499975
2026-04-13T15:00:00Z,122.249998
2026-04-13T16:00:00Z,135.6724965
2026-04-13T17:00:00Z,148.21249775
2026-04-13T18:00:00Z,137.04499825
2026-04-13T19:00:00Z,126.115
2026-04-13T20:00:00Z,118.41
2026-04-13T21:00:00Z,116.88500025
2026-04-13T22:00:00Z,114.022501
2026-04-13T23:00:00Z,113.66499925
2026-04-14T00:00:00Z,114.9899995
2026-04-14T01:00:00Z,113.38500025
2026-04-14T02:00:00Z,114.5649985
2026-04-14T03:00:00Z,117.76000025
2026-04-14T04:00:00Z,136.07249825
2026-04-14T05:00:00Z,162.78999725
2026-04-14T06:00:00Z,164.49499525
2026-04-14T07:00:00Z,144.32999825
2026-04-14T08:00:00Z,128.829998
2026-04-14T09:00:00Z,117.33250025
2026-04-14T10:00:00Z,109.5074995
2026-04-14T11:00:00Z,104.699999
2026-04-14T12:00:00Z,108.91000175
2026-04-14T13:00:00Z,115.567501
2026-04-14T14:00:00Z,119.99749925
2026-04-14T15:00:00Z,129.32499875000002
2026-04-14T16:00:00Z,158.7649995
2026-04-14T17:00:00Z,221.37250125
2026-04-14T18:00:00Z,232.687504
2026-04-14T19:00:00Z,165.94750225
2026-04-14T20:00:00Z,147.21749875
2026-04-14T21:00:00Z,132.9450015
2026-04-14T22:00:00Z,120.40999975
2026-04-14T23:00:00Z,116.4575005
2026-04-15T00:00:00Z,111.76749975
2026-04-15T01:00:00Z,110.0175
2026-04-15T02:00:00Z,110.84249875
2026-04-15T03:00:00Z,122.58000175
2026-04-15T04:00:00Z,148.310005
2026-04-15T05:00:00Z,159.55249775
2026-04-15T06:00:00Z,140.10000225
2026-04-15T07:00:00Z,116.3199995
2026-04-15T08:00:00Z,100.802498
2026-04-15T09:00:00Z,78.9399995
2026-04-15T10:00:00Z,61.61000075
2026-04-15T11:00:00Z,53.45749925
2026-04-15T12:00:00Z,67.2575015
2026-04-15T13:00:00Z,81.4924985
2026-04-15T14:00:00Z,99.25499925
2026-04-15T15:00:00Z,124.84000225
2026-04-15T16:00:00Z,140.63750249999998
2026-04-15T17:00:00Z,174.4375035
2026-04-15T18:00:00Z,176.755001
2026-04-15T19:00:00Z,145.38749875
2026-04-15T20:00:00Z,130.71500025
2026-04-15T21:00:00Z,116.62750075
2026-04-15T22:00:00Z,106.21500025
2026-04-15T23:00:00Z,101.39750075
2026-04-16T00:00:00Z,99.59500125
2026-04-16T01:00:00Z,98.36499975
2026-04-16T02:00:00Z,100.902502
2026-04-16T03:00:00Z,109.0999985
2026-04-16T04:00:00Z,137.50500125
2026-04-16T05:00:00Z,141.18999875
2026-04-16T06:00:00Z,133.635002
2026-04-16T07:00:00Z,110.19499975
2026-04-16T08:00:00Z,96.35250075
2026-04-16T09:00:00Z,75.6725015
2026-04-16T10:00:00Z,60.61499975
2026-04-16T11:00:00Z,49.664999
2026-04-16T12:00:00Z,56.28999875
2026-04-16T13:00:00Z,70.87000075
2026-04-16T14:00:00Z,89.75749775
2026-04-16T15:00:00Z,111.55500025
2026-04-16T16:00:00Z,131.14499875
2026-04-16T17:00:00Z,166.92749425
2026-04-16T18:00:00Z,187.31749725
2026-04-16T19:00:00Z,155.01000225
2026-04-16T20:00:00Z,138.760002
2026-04-16T21:00:00Z,127.36249725
2026-04-16T22:00:00Z,121.77250125
2026-04-16T23:00:00Z,115.522499
2026-04-17T00:00:00Z,112.5324995
2026-04-17T01:00:00Z,108.51250075
2026-04-17T02:00:00Z,111.46750075
2026-04-17T03:00:00Z,120.19249925
2026-04-17T04:00:00Z,146.567501
2026-04-17T05:00:00Z,148.5550005
2026-04-17T06:00:00Z,127.15750125
2026-04-17T07:00:00Z,102.73999975
2026-04-17T08:00:00Z,91.25749875
2026-04-17T09:00:00Z,67.6275005
2026-04-17T10:00:00Z,52.48999975
2026-04-17T11:00:00Z,47.40000075
2026-04-17T12:00:00Z,47.89249875
2026-04-17T13:00:00Z,59.9975
2026-04-17T14:00:00Z,81.819999
2026-04-17T15:00:00Z,102.3099995
2026-04-17T16:00:00Z,125.515003
2026-04-17T17:00:00Z,154.57250225
2026-04-17T18:00:00Z,154.6274985
2026-04-17T19:00:00Z,138.007498
2026-04-17T20:00:00Z,123.9299985
2026-04-17T21:00:00Z,112.71000075
2026-04-17T22:00:00Z,113.7749995
2026-04-17T23:00:00Z,108.5599995
2026-04-18T00:00:00Z,106.2925015
2026-04-18T01:00:00Z,104.42999825
2026-04-18T02:00:00Z,104.499998
2026-04-18T03:00:00Z,106.53499975
2026-04-18T04:00:00Z,108.30250175
2026-04-18T05:00:00Z,105.74250025
2026-04-18T06:00:00Z,92.28749875
2026-04-18T07:00:00Z,75.31250299999999
2026-04-18T08:00:00Z,53.644999250000005
2026-04-18T09:00:00Z,40.6399995
2026-04-18T10:00:00Z,32.10000025
2026-04-18T11:00:00Z,34.03999875
2026-04-18T12:00:00Z,34.75749975
2026-04-18T13:00:00Z,34.672499
2026-04-18T14:00:00Z,51.75749925
2026-04-18T15:00:00Z,90.80500025
2026-04-18T16:00:00Z,119.59500125
2026-04-18T17:00:00Z,131.53999725
2026-04-18T18:00:00Z,144.8899995
2026-04-18T19:00:00Z,140.2949985
2026-04-18T20:00:00Z,129.99250225
2026-04-18T21:00:00Z,125
2026-04-18T22:00:00Z,116.5599995
2026-04-18T23:00:00Z,109.95000075
2026-04-19T00:00:00Z,109.20500175
2026-04-19T01:00:00Z,106.32250025
2026-04-19T02:00:00Z,105.41500075
2026-04-19T03:00:00Z,106.54999925
2026-04-19T04:00:00Z,104.78249925
2026-04-19T05:00:00Z,100.032501
2026-04-19T06:00:00Z,96.62999925
2026-04-19T07:00:00Z,93.842499
2026-04-19T08:00:00Z,71.38499725
2026-04-19T09:00:00Z,35.62750025
2026-04-19T10:00:00Z,28.1400005
2026-04-19T11:00:00Z,22.2925005
2026-04-19T12:00:00Z,21.7899995
2026-04-19T13:00:00Z,21.9999995
2026-04-19T14:00:00Z,32.10750025
2026-04-19T15:00:00Z,73.75750025
2026-04-19T16:00:00Z,103.8549995
2026-04-19T17:00:00Z,117.35249925
2026-04-19T18:00:00Z,124.11249925
2026-04-19T19:00:00Z,121.54750075
2026-04-19T20:00:00Z,119.362501
2026-04-19T21:00:00Z,111.2325
2026-04-19T22:00:00Z,106.30750075
2026-04-19T23:00:00Z,101.11249925
2026-04-20T00:00:00Z,99.01250075
2026-04-20T01:00:00Z,99.040001
2026-04-20T02:00:00Z,102.30249975
2026-04-20T03:00:00Z,111.6000005
2026-04-20T04:00:00Z,129.38500025
2026-04-20T05:00:00Z,142.2074985
2026-04-20T06:00:00Z,134.319996
2026-04-20T07:00:00Z,110.0149995
2026-04-20T08:00:00Z,90.1975
2026-04-20T09:00:00Z,75.88749999999999
2026-04-20T10:00:00Z,51.182499750000005
2026-04-20T11:00:00Z,32.595
2026-04-20T12:00:00Z,29.56999975
2026-04-20T13:00:00Z,46.475
2026-04-20T14:00:00Z,78.32499875
2026-04-20T15:00:00Z,97.24500075
2026-04-20T16:00:00Z,112.909998
2026-04-20T17:00:00Z,123.407501
2026-04-20T18:00:00Z,127.18000025
2026-04-20T19:00:00Z,121.94000075
2026-04-20T20:00:00Z,115.97249975
2026-04-20T21:00:00Z,106.7924995
2026-04-20T22:00:00Z,98.999998
2026-04-20T23:00:00Z,98.6425
2026-04-21T00:00:00Z,98.3724975
2026-04-21T01:00:00Z,99.07499875
2026-04-21T02:00:00Z,100.1900005
2026-04-21T03:00:00Z,108.4475
2026-04-21T04:00:00Z,127.08499925
2026-04-21T05:00:00Z,135.3274975
2026-04-21T06:00:00Z,118.94750025
2026-04-21T07:00:00Z,97.30500125
2026-04-21T08:00:00Z,59.8949985
2026-04-21T09:00:00Z,20.995
2026-04-21T10:00:00Z,8.67
2026-04-21T11:00:00Z,6.2025
2026-04-21T12:00:00Z,6.3325
2026-04-21T13:00:00Z,8.545
2026-04-21T14:00:00Z,17.424999500000002
2026-04-21T15:00:00Z,69.82999875
2026-04-21T16:00:00Z,102.6450005
2026-04-21T17:00:00Z,134.1100025
2026-04-21T18:00:00Z,144.7750015
2026-04-21T19:00:00Z,129.620001
2026-04-21T20:00:00Z,119.8449995
2026-04-21T21:00:00Z,111.87250125
2026-04-21T22:00:00Z,107.09500125
2026-04-21T23:00:00Z,104.1100005
2026-04-22T00:00:00Z,104.199999
2026-04-22T01:00:00Z,104.84750175
2026-04-22T02:00:00Z,109.692499
2026-04-22T03:00:00Z,121.23250225
2026-04-22T04:00:00Z,139.84249675
2026-04-22T05:00:00Z,134.7975005
2026-04-22T06:00:00Z,113.86500375
2026-04-22T07:00:00Z,79.86250125
2026-04-22T08:00:00Z,21.59750025
2026-04-22T09:00:00Z,0.095
2026-04-22T10:00:00Z,-0.0825
2026-04-22T11:00:00Z,-0.0825
2026-04-22T12:00:00Z,-1.0525
2026-04-22T13:00:00Z,-0.2925
2026-04-22T14:00:00Z,0.8675
2026-04-22T15:00:00Z,57.40500025
2026-04-22T16:00:00Z,101.762501
2026-04-22T17:00:00Z,130.987503
2026-04-22T18:00:00Z,144.7625045
2026-04-22T19:00:00Z,121.61499975
2026-04-22T20:00:00Z,114.402502
2026-04-22T21:00:00Z,105.07749925
2026-04-22T22:00:00Z,100.13999925
2026-04-22T23:00:00Z,97.62500025
2026-04-23T00:00:00Z,96.73500075
2026-04-23T01:00:00Z,96.2075005
2026-04-23T02:00:00Z,95.85000025
2026-04-23T03:00:00Z,104.15999975
2026-04-23T04:00:00Z,119
2026-04-23T05:00:00Z,119.4000015
2026-04-23T06:00:00Z,109.697502
2026-04-23T07:00:00Z,64.82749975
2026-04-23T08:00:00Z,15.52749975
2026-04-23T09:00:00Z,4.57
2026-04-23T10:00:00Z,1.65
2026-04-23T11:00:00Z,0.175
2026-04-23T12:00:00Z,-0.0075
2026-04-23T13:00:00Z,-0.01
2026-04-23T14:00:00Z,0.35000000000000003
2026-04-23T15:00:00Z,21.99000075
2026-04-23T16:00:00Z,93.5725005
2026-04-23T17:00:00Z,113.35249875
2026-04-23T18:00:00Z,121.2975005
2026-04-23T19:00:00Z,113.2999995
2026-04-23T20:00:00Z,102.47999925
2026-04-23T21:00:00Z,99.4574985
2026-04-23T22:00:00Z,102.45499825
2026-04-23T23:00:00Z,100.12999925
2026-04-24T00:00:00Z,100.70999925
2026-04-24T01:00:00Z,101.68999875
2026-04-24T02:00:00Z,105.272501
2026-04-24T03:00:00Z,109.8775005
2026-04-24T04:00:00Z,128
2026-04-24T05:00:00Z,137.98750475
2026-04-24T06:00:00Z,117.6849975
2026-04-24T07:00:00Z,80.90499675000001
2026-04-24T08:00:00Z,22.615
2026-04-24T09:00:00Z,5.1975
2026-04-24T10:00:00Z,2.1425
2026-04-24T11:00:00Z,0.8125
2026-04-24T12:00:00Z,0.05
2026-04-24T13:00:00Z,0
2026-04-24T14:00:00Z,0
2026-04-24T15:00:00Z,50.90750025
2026-04-24T16:00:00Z,104.81749825
2026-04-24T17:00:00Z,123.5150015
2026-04-24T18:00:00Z,131.53499975
2026-04-24T19:00:00Z,119.5300005
2026-04-24T20:00:00Z,105.85750225
2026-04-24T21:00:00Z,96.9475005
2026-04-24T22:00:00Z,81.8575
2026-04-24T23:00:00Z,75.36000075
2026-04-25T00:00:00Z,70.750002
2026-04-25T01:00:00Z,60.6225005
2026-04-25T02:00:00Z,55.9975005
2026-04-25T03:00:00Z,54.1475
2026-04-25T04:00:00Z,51.64500025
2026-04-25T05:00:00Z,46.14
2026-04-25T06:00:00Z,19.35000025
2026-04-25T07:00:00Z,0.6224999999999999
2026-04-25T08:00:00Z,-1.3725
2026-04-25T09:00:00Z,-9.3725
2026-04-25T10:00:00Z,-20
2026-04-25T11:00:00Z,-31.2775
2026-04-25T12:00:00Z,-31.1700005
2026-04-25T13:00:00Z,-29.40000025
2026-04-25T14:00:00Z,-15.9975
2026-04-25T15:00:00Z,-0.9275
2026-04-25T16:00:00Z,5.375
2026-04-25T17:00:00Z,57.45500025
2026-04-25T18:00:00Z,75.420002
2026-04-25T19:00:00Z,72.00500124999999
2026-04-25T20:00:00Z,72.67749975000001
2026-04-25T21:00:00Z,69.9799995
2026-04-25T22:00:00Z,79.43999875
2026-04-25T23:00:00Z,83.595001
2026-04-26T00:00:00Z,87.0999985
2026-04-26T01:00:00Z,90.48749925
2026-04-26T02:00:00Z,94.15250025
2026-04-26T03:00:00Z,98.6399995
2026-04-26T04:00:00Z,94.1849995
2026-04-26T05:00:00Z,83.47000125
2026-04-26T06:00:00Z,55.03500175
2026-04-26T07:00:00Z,4.3525
2026-04-26T08:00:00Z,1.58
2026-04-26T09:00:00Z,1.3075
2026-04-26T10:00:00Z,0.515
2026-04-26T11:00:00Z,0.19
2026-04-26T12:00:00Z,0
2026-04-26T13:00:00Z,0.005
2026-04-26T14:00:00Z,1.605
2026-04-26T15:00:00Z,12.46749975
2026-04-26T16:00:00Z,113.097496
2026-04-26T17:00:00Z,150.28749825
2026-04-26T18:00:00Z,157.814995
2026-04-26T19:00:00Z,140.652504
2026-04-26T20:00:00Z,126.4075015
2026-04-26T21:00:00Z,122.87500025
2026-04-26T22:00:00Z,118.44750025
2026-04-26T23:00:00Z,113.02999875
2026-04-27T00:00:00Z,112.710001
2026-04-27T01:00:00Z,112.82499875
2026-04-27T02:00:00Z,116.73999975
2026-04-27T03:00:00Z,125.66749575
2026-04-27T04:00:00Z,165.56749725
2026-04-27T05:00:00Z,153.6900045
2026-04-27T06:00:00Z,126.949999
2026-04-27T07:00:00Z,98.675001
2026-04-27T08:00:00Z,74.7250025
2026-04-27T09:00:00Z,23.04999975
2026-04-27T10:00:00Z,18.51749975
2026-04-27T11:00:00Z,14.9975
2026-04-27T12:00:00Z,16.895
2026-04-27T13:00:00Z,18.4350005
2026-04-27T14:00:00Z,68.66500025
2026-04-27T15:00:00Z,107.1849995
2026-04-27T16:00:00Z,129.852499
2026-04-27T17:00:00Z,172.29999924999998
2026-04-27T18:00:00Z,188.11750025
2026-04-27T19:00:00Z,148.45999899999998
2026-04-27T20:00:00Z,125.647501
2026-04-27T21:00:00Z,115.2024995
2026-04-27T22:00:00Z,112.66000175
2026-04-27T23:00:00Z,106.90250225
2026-04-28T00:00:00Z,102.9799995
2026-04-28T01:00:00Z,102.83
2026-04-28T02:00:00Z,105.2775
2026-04-28T03:00:00Z,111.834999
2026-04-28T04:00:00Z,122.1000005
2026-04-28T05:00:00Z,121.42999825
2026-04-28T06:00:00Z,112.31500075
2026-04-28T07:00:00Z,79.77750025
2026-04-28T08:00:00Z,31.99750075
2026-04-28T09:00:00Z,14.54000025
2026-04-28T10:00:00Z,12.825
2026-04-28T11:00:00Z,11.19
2026-04-28T12:00:00Z,6.8325000000000005
2026-04-28T13:00:00Z,7.865
2026-04-28T14:00:00Z,10
2026-04-28T15:00:00Z,36.0125
2026-04-28T16:00:00Z,90.1000005
2026-04-28T17:00:00Z,117.3999995
2026-04-28T18:00:00Z,120.9725
2026-04-28T19:00:00Z,115.82750325
2026-04-28T20:00:00Z,111.29500025
2026-04-28T21:00:00Z,101.7700025
2026-04-28T22:00:00Z,98.2074985
2026-04-28T23:00:00Z,96.72499875
2026-04-29T00:00:00Z,97.9175015
2026-04-29T01:00:00Z,98.52749825
2026-04-29T02:00:00Z,100.6500015
2026-04-29T03:00:00Z,107.90500075
2026-04-29T04:00:00Z,139.79749675
2026-04-29T05:00:00Z,126.847498
2026-04-29T06:00:00Z,112.36499975
2026-04-29T07:00:00Z,72.8724995
2026-04-29T08:00:00Z,22.7925
2026-04-29T09:00:00Z,4.5225
2026-04-29T10:00:00Z,-6.3500000000000005
2026-04-29T11:00:00Z,-9.16
2026-04-29T12:00:00Z,-9.9375
2026-04-29T13:00:00Z,-15.8125
2026-04-29T14:00:00Z,-6.6775
2026-04-29T15:00:00Z,21.33500025
2026-04-29T16:00:00Z,91.11749925
2026-04-29T17:00:00Z,125.72750075
2026-04-29T18:00:00Z,145.785
2026-04-29T19:00:00Z,129.95250125
2026-04-29T20:00:00Z,115.65750125
2026-04-29T21:00:00Z,105.0975
2026-04-29T22:00:00Z,98.97250175
2026-04-29T23:00:00Z,98.3125
2026-04-30T00:00:00Z,96.80000125
2026-04-30T01:00:00Z,93.89500025
2026-04-30T02:00:00Z,93.90749925
2026-04-30T03:00:00Z,102.18999875
2026-04-30T04:00:00Z,134.41750325
2026-04-30T05:00:00Z,119.199999
2026-04-30T06:00:00Z,96.21749875
2026-04-30T07:00:00Z,46.67499975
2026-04-30T08:00:00Z,5.1125
2026-04-30T09:00:00Z,1.12
2026-04-30T10:00:00Z,-1.9825
2026-04-30T11:00:00Z,-13.9
2026-04-30T12:00:00Z,-15.9975
2026-04-30T13:00:00Z,-9.27
2026-04-30T14:00:00Z,-0.0025
2026-04-30T15:00:00Z,20.5799995
2026-04-30T16:00:00Z,92.43000025
2026-04-30T17:00:00Z,139.0874995
2026-04-30T18:00:00Z,178.619999
2026-04-30T19:00:00Z,145.84000025
2026-04-30T20:00:00Z,118.919998
2026-04-30T21:00:00Z,109.6075
2026-04-30T22:00:00Z,107.227501
2026-04-30T23:00:00Z,103.085001
2026-05-01T00:00:00Z,101.384998
2026-05-01T01:00:00Z,99.24500075
2026-05-01T02:00:00Z,97.9800015
2026-05-01T03:00:00Z,97.49500075
2026-05-01T04:00:00Z,103.7675
2026-05-01T05:00:00Z,80.33999825000001
2026-05-01T06:00:00Z,35.825001
2026-05-01T07:00:00Z,3.2775
2026-05-01T08:00:00Z,0.475
2026-05-01T09:00:00Z,-0.07250000000000001
2026-05-01T10:00:00Z,-2.22
2026-05-01T11:00:00Z,-4.375
2026-05-01T12:00:00Z,-6.7725
2026-05-01T13:00:00Z,-5.53
2026-05-01T14:00:00Z,-1.4325
2026-05-01T15:00:00Z,5.985
2026-05-01T16:00:00Z,92.52999775
2026-05-01T17:00:00Z,154.19000225
2026-05-01T18:00:00Z,173.3250045
2026-05-01T19:00:00Z,142.95000275
2026-05-01T20:00:00Z,113.222498
2026-05-01T21:00:00Z,96.982498
2026-05-01T22:00:00Z,117.42499925
2026-05-01T23:00:00Z,103.71249975
2026-05-02T00:00:00Z,99.477501
2026-05-02T01:00:00Z,93.33500125
2026-05-02T02:00:00Z,93.545
2026-05-02T03:00:00Z,93.69750025
2026-05-02T04:00:00Z,91.78000075
2026-05-02T05:00:00Z,78.01249874999999
2026-05-02T06:00:00Z,18.26999975
2026-05-02T07:00:00Z,1.415
2026-05-02T08:00:00Z,-0.52
2026-05-02T09:00:00Z,-3.1875
2026-05-02T10:00:00Z,-4.2825
2026-05-02T11:00:00Z,-5.9525
2026-05-02T12:00:00Z,-5.97
2026-05-02T13:00:00Z,-3.9775
2026-05-02T14:00:00Z,0.0325
2026-05-02T15:00:00Z,54.9449985
2026-05-02T16:00:00Z,127.1399995
2026-05-02T17:00:00Z,165.00000175
2026-05-02T18:00:00Z,195.45000075
2026-05-02T19:00:00Z,154.31999975
2026-05-02T20:00:00Z,139.960001
2026-05-02T21:00:00Z,123.865
2026-05-02T22:00:00Z,121.19500175
2026-05-02T23:00:00Z,116.03250125
2026-05-03T00:00:00Z,110.16250025
2026-05-03T01:00:00Z,108.477501
2026-05-03T02:00:00Z,106.29249975
2026-05-03T03:00:00Z,107.07250025
2026-05-03T04:00:00Z,101.70000075
2026-05-03T05:00:00Z,85.6099995
2026-05-03T06:00:00Z,79.08250050000001
2026-05-03T07:00:00Z,46.38249975
2026-05-03T08:00:00Z,26.57999925
2026-05-03T09:00:00Z,26.494999999999997
2026-05-03T10:00:00Z,29.10249975
2026-05-03T11:00:00Z,33.1475005
2026-05-03T12:00:00Z,39.997499500000004
2026-05-03T13:00:00Z,45.0075015
2026-05-03T14:00:00Z,61.555000250000006
2026-05-03T15:00:00Z,82.70750175
2026-05-03T16:00:00Z,120.57249825
2026-05-03T17:00:00Z,134.79499825
2026-05-03T18:00:00Z,140.869999
2026-05-03T19:00:00Z,137.3099975
2026-05-03T20:00:00Z,130.3775025
2026-05-03T21:00:00Z,121.115
2026-05-03T22:00:00Z,117.3550015
2026-05-03T23:00:00Z,108.40999975
2026-05-04T00:00:00Z,110.5575005
2026-05-04T01:00:00Z,106.34749975
2026-05-04T02:00:00Z,109.90749925
2026-05-04T03:00:00Z,127.4175015
2026-05-04T04:00:00Z,147.77000025
2026-05-04T05:00:00Z,151.267498
2026-05-04T06:00:00Z,134.60249925
2026-05-04T07:00:00Z,113.625002
2026-05-04T08:00:00Z,99.9900015
2026-05-04T09:00:00Z,93.0949995
2026-05-04T10:00:00Z,75.06500025
2026-05-04T11:00:00Z,69.4075015
2026-05-04T12:00:00Z,81.0775015
2026-05-04T13:00:00Z,94.0024985
2026-05-04T14:00:00Z,107.9675005
2026-05-04T15:00:00Z,115.4974975
2026-05-04T16:00:00Z,124.22000125
2026-05-04T17:00:00Z,197.88750075
2026-05-04T18:00:00Z,218.175003
2026-05-04T19:00:00Z,186.01499925
2026-05-04T20:00:00Z,153.04500225
2026-05-04T21:00:00Z,135.75749775
2026-05-04T22:00:00Z,131.3599985
2026-05-04T23:00:00Z,126.20000075
2026-05-05T00:00:00Z,122.10999875
2026-05-05T01:00:00Z,122.04499975
2026-05-05T02:00:00Z,123.89999925
2026-05-05T03:00:00Z,131.49499699999998
2026-05-05T04:00:00Z,156.42499924999998
2026-05-05T05:00:00Z,160.76499925000002
2026-05-05T06:00:00Z,147.23249825
2026-05-05T07:00:00Z,129.61000074999998
2026-05-05T08:00:00Z,114.12000075
2026-05-05T09:00:00Z,108.25749975
2026-05-05T10:00:00Z,99.09250075
2026-05-05T11:00:00Z,98.0550005
2026-05-05T12:00:00Z,97.74500075
2026-05-05T13:00:00Z,105.990002
2026-05-05T14:00:00Z,111.977499
2026-05-05T15:00:00Z,128.67000000000002
2026-05-05T16:00:00Z,144.0025025
2026-05-05T17:00:00Z,161.78499975
2026-05-05T18:00:00Z,160.95000425
2026-05-05T19:00:00Z,147.00000375
2026-05-05T20:00:00Z,132.745001
2026-05-05T21:00:00Z,115.29249975
2026-05-05T22:00:00Z,120.03499975
2026-05-05T23:00:00Z,114.22999975
2026-05-06T00:00:00Z,113.16500075
2026-05-06T01:00:00Z,112.995001
2026-05-06T02:00:00Z,113.34000025
2026-05-06T03:00:00Z,118.2249985
2026-05-06T04:00:00Z,131.13999725
2026-05-06T05:00:00Z,142.45000075000002
2026-05-06T06:00:00Z,141.5499955
2026-05-06T07:00:00Z,121.3050005
2026-05-06T08:00:00Z,108.79999925
2026-05-06T09:00:00Z,104.12000075
2026-05-06T10:00:00Z,100.09250075
2026-05-06T11:00:00Z,89.340002
2026-05-06T12:00:00Z,91.329998
2026-05-06T13:00:00Z,103.125002
2026-05-06T14:00:00Z,112.66250025
2026-05-06T15:00:00Z,125.0524995
2026-05-06T16:00:00Z,137.91
2026-05-06T17:00:00Z,154.60499975
2026-05-06T18:00:00Z,156.91500075
2026-05-06T19:00:00Z,154.6100005
2026-05-06T20:00:00Z,143.4124985
2026-05-06T21:00:00Z,128.25999825
2026-05-06T22:00:00Z,125.1525
2026-05-06T23:00:00Z,116.4850005
2026-05-07T00:00:00Z,115.2575015
2026-05-07T01:00:00Z,116.48999975
2026-05-07T02:00:00Z,119.13749875
2026-05-07T03:00:00Z,126.875004
2026-05-07T04:00:00Z,150.99999975
2026-05-07T05:00:00Z,167.2924995
2026-05-07T06:00:00Z,155.59249525
2026-05-07T07:00:00Z,136.41
2026-05-07T08:00:00Z,120.1324995
2026-05-07T09:00:00Z,113.52499775
2026-05-07T10:00:00Z,103.9224985
2026-05-07T11:00:00Z,101.915001
2026-05-07T12:00:00Z,101.7299995
2026-05-07T13:00:00Z,107.4449995
2026-05-07T14:00:00Z,117.9974995
2026-05-07T15:00:00Z,132.5599995
2026-05-07T16:00:00Z,148.704998
2026-05-07T17:00:00Z,185.4850005
2026-05-07T18:00:00Z,217.4925005
2026-05-07T19:00:00Z,182.71500025
2026-05-07T20:00:00Z,154.4350015
2026-05-07T21:00:00Z,142.75749975
2026-05-07T22:00:00Z,130.34249875
2026-05-07T23:00:00Z,120.659998
2026-05-08T00:00:00Z,118.214998
2026-05-08T01:00:00Z,116.97749875
2026-05-08T02:00:00Z,118.56500025
2026-05-08T03:00:00Z,126.1849995
2026-05-08T04:00:00Z,141.47000125
2026-05-08T05:00:00Z,147.02749649999998
2026-05-08T06:00:00Z,137.39999775
2026-05-08T07:00:00Z,115.24749975
2026-05-08T08:00:00Z,97.7475015
2026-05-08T09:00:00Z,75.8100005
2026-05-08T10:00:00Z,65.37
2026-05-08T11:00:00Z,58.7075015
2026-05-08T12:00:00Z,64.33999925
2026-05-08T13:00:00Z,79.63999925
2026-05-08T14:00:00Z,94.0625
2026-05-08T15:00:00Z,107.55500025
2026-05-08T16:00:00Z,127.81499875
2026-05-08T17:00:00Z,143.54249950000002
2026-05-08T18:00:00Z,148.87249775
2026-05-08T19:00:00Z,138.90000325
2026-05-08T20:00:00Z,127.50249875
2026-05-08T21:00:00Z,119.1399995
2026-05-08T22:00:00Z,127.692501
2026-05-08T23:00:00Z,123.40750125
2026-05-09T00:00:00Z,123.4799995
2026-05-09T01:00:00Z,124.35249875
2026-05-09T02:00:00Z,125.7374995
2026-05-09T03:00:00Z,126.4525015
2026-05-09T04:00:00Z,127.522499
2026-05-09T05:00:00Z,118.67
2026-05-09T06:00:00Z,107.6725025
2026-05-09T07:00:00Z,68.3075
2026-05-09T08:00:00Z,12.69749975
2026-05-09T09:00:00Z,4.7575
2026-05-09T10:00:00Z,3.28
2026-05-09T11:00:00Z,2.585
2026-05-09T12:00:00Z,2.75
2026-05-09T13:00:00Z,3.175
2026-05-09T14:00:00Z,27.715000000000003
2026-05-09T15:00:00Z,93.6900015
2026-05-09T16:00:00Z,123.1899985
2026-05-09T17:00:00Z,138.5075035
2026-05-09T18:00:00Z,146.965
2026-05-09T19:00:00Z,143.4850005
2026-05-09T20:00:00Z,136.299999
2026-05-09T21:00:00Z,127.08749975
2026-05-09T22:00:00Z,128.09250075
2026-05-09T23:00:00Z,125.44750025
2026-05-10T00:00:00Z,125.432501
2026-05-10T01:00:00Z,123.48249825
2026-05-10T02:00:00Z,124.1975005
2026-05-10T03:00:00Z,123.94000075
2026-05-10T04:00:00Z,115.14000125
2026-05-10T05:00:00Z,101.1674995
2026-05-10T06:00:00Z,70.83499975
2026-05-10T07:00:00Z,24.55749975
2026-05-10T08:00:00Z,19.99750025
2026-05-10T09:00:00Z,13.9125
2026-05-10T10:00:00Z,10.045
2026-05-10T11:00:00Z,6.154999999999999
2026-05-10T12:00:00Z,4.855
2026-05-10T13:00:00Z,3.8825
2026-05-10T14:00:00Z,5.342499999999999
2026-05-10T15:00:00Z,71.005
2026-05-10T16:00:00Z,110.94249925
2026-05-10T17:00:00Z,122.00000175
2026-05-10T18:00:00Z,129.31749925
2026-05-10T19:00:00Z,128.5149995
2026-05-10T20:00:00Z,124.14000125
2026-05-10T21:00:00Z,119.8374995
2026-05-10T22:00:00Z,118.78500175
2026-05-10T23:00:00Z,112.334999
2026-05-11T00:00:00Z,110.42749975
2026-05-11T01:00:00Z,112.65749925
2026-05-11T02:00:00Z,113.09249875
2026-05-11T03:00:00Z,122.13750075
2026-05-11T04:00:00Z,136.47499825
2026-05-11T05:00:00Z,154.047497
2026-05-11T06:00:00Z,150.01250075000002
2026-05-11T07:00:00Z,136.799999
2026-05-11T08:00:00Z,126.3075005
2026-05-11T09:00:00Z,113.43250075
2026-05-11T10:00:00Z,105.48500075
2026-05-11T11:00:00Z,98.78000075
2026-05-11T12:00:00Z,96.03250125
2026-05-11T13:00:00Z,96.28000075
2026-05-11T14:00:00Z,100.49
2026-05-11T15:00:00Z,116.30250175
2026-05-11T16:00:00Z,122.97999775
2026-05-11T17:00:00Z,130.71750075
2026-05-11T18:00:00Z,131.119999
2026-05-11T19:00:00Z,127.872503
2026-05-11T20:00:00Z,120.7650015
2026-05-11T21:00:00Z,108.95249925
2026-05-11T22:00:00Z,99.14250025
2026-05-11T23:00:00Z,95.2749995
2026-05-12T00:00:00Z,91.73999775
2026-05-12T01:00:00Z,89.89749925
2026-05-12T02:00:00Z,91.375
2026-05-12T03:00:00Z,94.00250075
2026-05-12T04:00:00Z,111.26250075
2026-05-12T05:00:00Z,122.5750005
2026-05-12T06:00:00Z,112.23999975
2026-05-12T07:00:00Z,94.074999
2026-05-12T08:00:00Z,79.55749875000001
2026-05-12T09:00:00Z,63.53500075
2026-05-12T10:00:00Z,45.91
2026-05-12T11:00:00Z,27.33000025
2026-05-12T12:00:00Z,25.50000075
2026-05-12T13:00:00Z,45.28249925
2026-05-12T14:00:00Z,74.40500075
2026-05-12T15:00:00Z,96.00000175
2026-05-12T16:00:00Z,114.879999
2026-05-12T17:00:00Z,136.27749825
2026-05-12T18:00:00Z,142.98499675
2026-05-12T19:00:00Z,142.7425005
2026-05-12T20:00:00Z,131.2250005
2026-05-12T21:00:00Z,118.34499925
2026-05-12T22:00:00Z,114.33000175
2026-05-12T23:00:00Z,106.217501
2026-05-13T00:00:00Z,104.3575
2026-05-13T01:00:00Z,107.43499925
2026-05-13T02:00:00Z,111.19499775
2026-05-13T03:00:00Z,119.99999975
2026-05-13T04:00:00Z,137.182499
2026-05-13T05:00:00Z,141.1224975
2026-05-13T06:00:00Z,126.70000075
2026-05-13T07:00:00Z,104.4349975
2026-05-13T08:00:00Z,95.79500025
2026-05-13T09:00:00Z,92.77499975
2026-05-13T10:00:00Z,82.45249925
2026-05-13T11:00:00Z,82.334999
2026-05-13T12:00:00Z,77.08250050000001
2026-05-13T13:00:00Z,83.27249925
2026-05-13T14:00:00Z,92.37499825
2026-05-13T15:00:00Z,112.60250075
2026-05-13T16:00:00Z,132.35500125
2026-05-13T17:00:00Z,151.49250025
2026-05-13T18:00:00Z,171.267498
2026-05-13T19:00:00Z,160.04500174999998
2026-05-13T20:00:00Z,142.20500175
2026-05-13T21:00:00Z,123.09499925
2026-05-13T22:00:00Z,130.54000275
2026-05-13T23:00:00Z,121.75000025
2026-05-14T00:00:00Z,119.22500025
2026-05-14T01:00:00Z,115.63750075
2026-05-14T02:00:00Z,112.91750175
2026-05-14T03:00:00Z,112.04500025
2026-05-14T04:00:00Z,111.40499875
2026-05-14T05:00:00Z,108.09000025
2026-05-14T06:00:00Z,99.25750175
2026-05-14T07:00:00Z,85.15000075
2026-05-14T08:00:00Z,58.6425
2026-05-14T09:00:00Z,35.5675005
2026-05-14T10:00:00Z,16.05500025
2026-05-14T11:00:00Z,7.5525
2026-05-14T12:00:00Z,5.0575
2026-05-14T13:00:00Z,17.8475
2026-05-14T14:00:00Z,66.9125
2026-05-14T15:00:00Z,94.76
2026-05-14T16:00:00Z,126
2026-05-14T17:00:00Z,141.09750375
2026-05-14T18:00:00Z,150.4474985
2026-05-14T19:00:00Z,152.0024985
2026-05-14T20:00:00Z,147.227497
2026-05-14T21:00:00Z,130.267498
2026-05-14T22:00:00Z,131.39999775
2026-05-14T23:00:00Z,125.6100005
2026-05-15T00:00:00Z,124.864998
2026-05-15T01:00:00Z,119.5599995
2026-05-15T02:00:00Z,114.5300005
2026-05-15T03:00:00Z,116.897499
2026-05-15T04:00:00Z,126.3100015
2026-05-15T05:00:00Z,125.007498
2026-05-15T06:00:00Z,123.40499875
2026-05-15T07:00:00Z,104.540001
2026-05-15T08:00:00Z,81.78250125
2026-05-15T09:00:00Z,66.81750025
2026-05-15T10:00:00Z,54.30249875
2026-05-15T11:00:00Z,40.3225005
2026-05-15T12:00:00Z,40.14750025
2026-05-15T13:00:00Z,51.0024995
2026-05-15T14:00:00Z,77.31999875
2026-05-15T15:00:00Z,105.04749875
2026-05-15T16:00:00Z,125.0424995
2026-05-15T17:00:00Z,137.949997
2026-05-15T18:00:00Z,145.87499625
2026-05-15T19:00:00Z,149.13250324999998
2026-05-15T20:00:00Z,144.685005
2026-05-15T21:00:00Z,135.512501
2026-05-15T22:00:00Z,130.00000175
2026-05-15T23:00:00Z,121.78750025
2026-05-16T00:00:00Z,117.562498
2026-05-16T01:00:00Z,116.00249825
2026-05-16T02:00:00Z,114.02000225
2026-05-16T03:00:00Z,109.34250075
2026-05-16T04:00:00Z,105.70750025
2026-05-16T05:00:00Z,100.045
2026-05-16T06:00:00Z,86.95249949999999
2026-05-16T07:00:00Z,49.52750125
2026-05-16T08:00:00Z,37.42
2026-05-16T09:00:00Z,20.15000025
2026-05-16T10:00:00Z,16.36249975
2026-05-16T11:00:00Z,11.99999975
2026-05-16T12:00:00Z,7.0325
2026-05-16T13:00:00Z,9.1975
2026-05-16T14:00:00Z,10.00000025
2026-05-16T15:00:00Z,60.09250125
2026-05-16T16:00:00Z,100.222498
2026-05-16T17:00:00Z,126.4699995
2026-05-16T18:00:00Z,139.99750125
2026-05-16T19:00:00Z,140.60749850000002
2026-05-16T20:00:00Z,135.98999775
2026-05-16T21:00:00Z,126.380001
2026-05-16T22:00:00Z,127.71750075
2026-05-16T23:00:00Z,119.0625
2026-05-17T00:00:00Z,115.56500025
2026-05-17T01:00:00Z,113.89749925
2026-05-17T02:00:00Z,109.17
2026-05-17T03:00:00Z,105.44500175
2026-05-17T04:00:00Z,98.7924975
2026-05-17T05:00:00Z,80.795
2026-05-17T06:00:00Z,53.8425005
2026-05-17T07:00:00Z,21.5125005
2026-05-17T08:00:00Z,12.1275
2026-05-17T09:00:00Z,8.035
2026-05-17T10:00:00Z,6.077500000000001
2026-05-17T11:00:00Z,5.1575
2026-05-17T12:00:00Z,5.2225
2026-05-17T13:00:00Z,14.7625
2026-05-17T14:00:00Z,52.4375005
2026-05-17T15:00:00Z,100.3149985
2026-05-17T16:00:00Z,129.387499
2026-05-17T17:00:00Z,143.06749725
2026-05-17T18:00:00Z,155.800003
2026-05-17T19:00:00Z,156.704998
2026-05-17T20:00:00Z,151.36750025
2026-05-17T21:00:00Z,142.5750045
2026-05-17T22:00:00Z,134.65750325
2026-05-17T23:00:00Z,125.97249975
2026-05-18T00:00:00Z,125.9974995
2026-05-18T01:00:00Z,126.39250175
2026-05-18T02:00:00Z,129.3599985
2026-05-18T03:00:00Z,137.022501
2026-05-18T04:00:00Z,152.51749825000002
2026-05-18T05:00:00Z,160.074997
2026-05-18T06:00:00Z,152.1049995
2026-05-18T07:00:00Z,125.8799975
2026-05-18T08:00:00Z,107.8500005
2026-05-18T09:00:00Z,100.0525
2026-05-18T10:00:00Z,94.8950005
2026-05-18T11:00:00Z,94.97749875
2026-05-18T12:00:00Z,96.77000025
2026-05-18T13:00:00Z,102.40500075
2026-05-18T14:00:00Z,113.964998
2026-05-18T15:00:00Z,134.0649985
2026-05-18T16:00:00Z,152.137501
2026-05-18T17:00:00Z,192.85250075
2026-05-18T18:00:00Z,250.89750275
2026-05-18T19:00:00Z,214.33750175
2026-05-18T20:00:00Z,160.6474995
2026-05-18T21:00:00Z,148.89500049999998
2026-05-18T22:00:00Z,148.25250225
2026-05-18T23:00:00Z,141.9424975
2026-05-19T00:00:00Z,139.3224985
2026-05-19T01:00:00Z,138.54000075
2026-05-19T02:00:00Z,141.567497
2026-05-19T03:00:00Z,146.92000174999998
2026-05-19T04:00:00Z,164.460003
2026-05-19T05:00:00Z,153.772499
2026-05-19T06:00:00Z,131.8550015
2026-05-19T07:00:00Z,108.74250025
2026-05-19T08:00:00Z,94.2649995
2026-05-19T09:00:00Z,82.08499900000001
2026-05-19T10:00:00Z,73.1450005
2026-05-19T11:00:00Z,73.73750150000001
2026-05-19T12:00:00Z,79.81000125
2026-05-19T13:00:00Z,87.56999975
2026-05-19T14:00:00Z,102.24999975
2026-05-19T15:00:00Z,127.2924995
2026-05-19T16:00:00Z,144.95000449999998
2026-05-19T17:00:00Z,172.4850005
2026-05-19T18:00:00Z,180.90250025
2026-05-19T19:00:00Z,163.63000475
2026-05-19T20:00:00Z,145.54500174999998
2026-05-19T21:00:00Z,131.8025035
2026-05-19T22:00:00Z,123.7299995
2026-05-19T23:00:00Z,114.63500025
2026-05-20T00:00:00Z,109.7525005
2026-05-20T01:00:00Z,109.97250175
2026-05-20T02:00:00Z,110.4099995
2026-05-20T03:00:00Z,117.049999
2026-05-20T04:00:00Z,131.592501
2026-05-20T05:00:00Z,136.9749985
2026-05-20T06:00:00Z,125.51249875
2026-05-20T07:00:00Z,109.0599975
2026-05-20T08:00:00Z,89.699999
2026-05-20T09:00:00Z,75.462499
2026-05-20T10:00:00Z,64.005
2026-05-20T11:00:00Z,44.999999
2026-05-20T12:00:00Z,35.065
2026-05-20T13:00:00Z,45.67249975
2026-05-20T14:00:00Z,65.00999974999999
2026-05-20T15:00:00Z,99.397501
2026-05-20T16:00:00Z,130.2125015
2026-05-20T17:00:00Z,149.567501
2026-05-20T18:00:00Z,167.92249675
2026-05-20T19:00:00Z,165.0000035
2026-05-20T20:00:00Z,150.0200005
2026-05-20T21:00:00Z,139.0024985
2026-05-20T22:00:00Z,133.02750025
2026-05-20T23:00:00Z,121.66000175
2026-05-21T00:00:00Z,116.022501
2026-05-21T01:00:00Z,113.550001
2026-05-21T02:00:00Z,116.01
2026-05-21T03:00:00Z,128.4050005
2026-05-21T04:00:00Z,142.815002
2026-05-21T05:00:00Z,143.61749650000002
2026-05-21T06:00:00Z,131.387501
2026-05-21T07:00:00Z,104.13999925
2026-05-21T08:00:00Z,81.19750125
2026-05-21T09:00:00Z,42.75250075
2026-05-21T10:00:00Z,12.1375
2026-05-21T11:00:00Z,7.369999999999999
2026-05-21T12:00:00Z,8.8125
2026-05-21T13:00:00Z,35.20000075
2026-05-21T14:00:00Z,71.70750075
2026-05-21T15:00:00Z,104.99500075
2026-05-21T16:00:00Z,135.257494
2026-05-21T17:00:00Z,163.35499950000002
2026-05-21T18:00:00Z,200.142498
2026-05-21T19:00:00Z,188.4174995
2026-05-21T20:00:00Z,166.03499975
2026-05-21T21:00:00Z,146.392498
2026-05-21T22:00:00Z,144.31500225
2026-05-21T23:00:00Z,136.9000015
2026-05-22T00:00:00Z,131.63750075000002
2026-05-22T01:00:00Z,128.94999875
2026-05-22T02:00:00Z,131.49750125
2026-05-22T03:00:00Z,135.7175025
2026-05-22T04:00:00Z,144.3549995
2026-05-22T05:00:00Z,138.17749800000001
2026-05-22T06:00:00Z,123.135
2026-05-22T07:00:00Z,91.8825015
2026-05-22T08:00:00Z,43.4175005
2026-05-22T09:00:00Z,13.6425
2026-05-22T10:00:00Z,4.890000000000001
2026-05-22T11:00:00Z,7.1274999999999995
2026-05-22T12:00:00Z,5.295
2026-05-22T13:00:00Z,20.5025005
2026-05-22T14:00:00Z,70.23999875
2026-05-22T15:00:00Z,104.1950015
2026-05-22T16:00:00Z,134.95000075000002
2026-05-22T17:00:00Z,161.22249975
2026-05-22T18:00:00Z,218.42749800000001
2026-05-22T19:00:00Z,193.66250225
2026-05-22T20:00:00Z,154.63499825
2026-05-22T21:00:00Z,140.734997
2026-05-22T22:00:00Z,136.76000025
2026-05-22T23:00:00Z,129.99999975
2026-05-23T00:00:00Z,125.86750025
2026-05-23T01:00:00Z,120.1725005
2026-05-23T02:00:00Z,115.415001
2026-05-23T03:00:00Z,112.88499825
2026-05-23T04:00:00Z,112.56499875
2026-05-23T05:00:00Z,96.03749975
2026-05-23T06:00:00Z,49.86249975
2026-05-23T07:00:00Z,1.6
2026-05-23T08:00:00Z,-0.18
2026-05-23T09:00:00Z,-2.925
2026-05-23T10:00:00Z,-3.83
2026-05-23T11:00:00Z,-10.4475
2026-05-23T12:00:00Z,-8.5775
2026-05-23T13:00:00Z,-2.7024999999999997
2026-05-23T14:00:00Z,-0.28750000000000003
2026-05-23T15:00:00Z,44.44749875
2026-05-23T16:00:00Z,112.82000175
2026-05-23T17:00:00Z,138.835003
2026-05-23T18:00:00Z,163.07500075000002
2026-05-23T19:00:00Z,171.06499875
2026-05-23T20:00:00Z,151.50500125
2026-05-23T21:00:00Z,138.19250075
2026-05-23T22:00:00Z,136.300003
2026-05-23T23:00:00Z,132.99750125
2026-05-24T00:00:00Z,128.18250075
2026-05-24T01:00:00Z,124.6500015
2026-05-24T02:00:00Z,122.7425005
2026-05-24T03:00:00Z,117.72250175
2026-05-24T04:00:00Z,108.79499825
2026-05-24T05:00:00Z,88.4624995
2026-05-24T06:00:00Z,16.3675
2026-05-24T07:00:00Z,-0.025
2026-05-24T08:00:00Z,-2.3325
2026-05-24T09:00:00Z,-12.58750025
2026-05-24T10:00:00Z,-16
2026-05-24T11:00:00Z,-25.21249975
2026-05-24T12:00:00Z,-30.0000005
2026-05-24T13:00:00Z,-21.4225
2026-05-24T14:00:00Z,-1.8225
2026-05-24T15:00:00Z,14.37499975
2026-05-24T16:00:00Z,96.37750225
2026-05-24T17:00:00Z,133.2175005
2026-05-24T18:00:00Z,151.017498
2026-05-24T19:00:00Z,153.22749725
2026-05-24T20:00:00Z,144.42000175
2026-05-24T21:00:00Z,130.44999875
2026-05-24T22:00:00Z,130.8675005
2026-05-24T23:00:00Z,125.42499925
2026-05-25T00:00:00Z,123.76500125
2026-05-25T01:00:00Z,119.61999875
2026-05-25T02:00:00Z,119.75749975
2026-05-25T03:00:00Z,123.2124995
2026-05-25T04:00:00Z,124.7000005
2026-05-25T05:00:00Z,117.8775025
2026-05-25T06:00:00Z,77.68000225
2026-05-25T07:00:00Z,5.0125
2026-05-25T08:00:00Z,-0.1525
2026-05-25T09:00:00Z,-5.085
2026-05-25T10:00:00Z,-12.37
2026-05-25T11:00:00Z,-17.53999975
2026-05-25T12:00:00Z,-25.8125
2026-05-25T13:00:00Z,-9.40750025
2026-05-25T14:00:00Z,-2.4125
2026-05-25T15:00:00Z,31.949999499999997
2026-05-25T16:00:00Z,110.30749900000001
2026-05-25T17:00:00Z,141.625
2026-05-25T18:00:00Z,162.93000425
2026-05-25T19:00:00Z,169
2026-05-25T20:00:00Z,153.4699975
2026-05-25T21:00:00Z,136.295002
2026-05-25T22:00:00Z,135.94000075
2026-05-25T23:00:00Z,125.647499
2026-05-26T00:00:00Z,120.6450005
2026-05-26T01:00:00Z,121.1800005
2026-05-26T02:00:00Z,119.52999875
2026-05-26T03:00:00Z,128.91
2026-05-26T04:00:00Z,143.1049995
2026-05-26T05:00:00Z,141.539999
2026-05-26T06:00:00Z,122.045002
2026-05-26T07:00:00Z,78.8000015
2026-05-26T08:00:00Z,7.359999999999999
2026-05-26T09:00:00Z,0.4925
2026-05-26T10:00:00Z,-1.0975
2026-05-26T11:00:00Z,-1.325
2026-05-26T12:00:00Z,-0.365
2026-05-26T13:00:00Z,-0.0075
2026-05-26T14:00:00Z,13.13000025
2026-05-26T15:00:00Z,86.24999875
2026-05-26T16:00:00Z,119.72249975
2026-05-26T17:00:00Z,133.40500075
2026-05-26T18:00:00Z,148.34000375
2026-05-26T19:00:00Z,134.08249875
2026-05-26T20:00:00Z,123.93000025
2026-05-26T21:00:00Z,113.2800005
2026-05-26T22:00:00Z,97.4975015
2026-05-26T23:00:00Z,98.1525
2026-05-27T00:00:00Z,97.397501
2026-05-27T01:00:00Z,96.89749925
2026-05-27T02:00:00Z,97.2074985
2026-05-27T03:00:00Z,100.30499825
2026-05-27T04:00:00Z,110.5
2026-05-27T05:00:00Z,116.94750025
2026-05-27T06:00:00Z,97.17000025
2026-05-27T07:00:00Z,48.19499975
2026-05-27T08:00:00Z,3.425
2026-05-27T09:00:00Z,-0.2675
2026-05-27T10:00:00Z,-1.0075
2026-05-27T11:00:00Z,-1.3825
2026-05-27T12:00:00Z,-1.085
2026-05-27T13:00:00Z,-1.1025
2026-05-27T14:00:00Z,-0.34
2026-05-27T15:00:00Z,32.2075005
2026-05-27T16:00:00Z,87.3500015
2026-05-27T17:00:00Z,118.26999875
2026-05-27T18:00:00Z,138.0149995
2026-05-27T19:00:00Z,142.59750375
2026-05-27T20:00:00Z,136.59000025
2026-05-27T21:00:00Z,128.9974995
2026-05-27T22:00:00Z,130.23500075
2026-05-27T23:00:00Z,126.90750325
2026-05-28T00:00:00Z,123.5750005
2026-05-28T01:00:00Z,122.4725015
2026-05-28T02:00:00Z,126.62749875
2026-05-28T03:00:00Z,132.97000125
2026-05-28T04:00:00Z,148.4524995
2026-05-28T05:00:00Z,138.15500075
2026-05-28T06:00:00Z,123.40250025
2026-05-28T07:00:00Z,87.5424995
2026-05-28T08:00:00Z,19.30749975
2026-05-28T09:00:00Z,0.5675
2026-05-28T10:00:00Z,0.00249999999999999
2026-05-28T11:00:00Z,-0.0075
2026-05-28T12:00:00Z,0.7675000000000001
2026-05-28T13:00:00Z,1.2975
2026-05-28T14:00:00Z,39.64500025
2026-05-28T15:00:00Z,101.25749975
2026-05-28T16:00:00Z,138.25
2026-05-28T17:00:00Z,217.60249725
2026-05-28T18:00:00Z,393.93500525
2026-05-28T19:00:00Z,368.01749825
2026-05-28T20:00:00Z,215.75
2026-05-28T21:00:00Z,159.7975005
2026-05-28T22:00:00Z,144.44249925
2026-05-28T23:00:00Z,133.92749800000001
2026-05-29T00:00:00Z,127.97499875
2026-05-29T01:00:00Z,126.192501
2026-05-29T02:00:00Z,125.27750225
2026-05-29T03:00:00Z,125.49499925
2026-05-29T04:00:00Z,131.88499825
2026-05-29T05:00:00Z,125.99500275
2026-05-29T06:00:00Z,113.5650025
2026-05-29T07:00:00Z,71.90750025
2026-05-29T08:00:00Z,17.0275
2026-05-29T09:00:00Z,0.3375
2026-05-29T10:00:00Z,-0.005
2026-05-29T11:00:00Z,0
2026-05-29T12:00:00Z,0.06999999999999999
2026-05-29T13:00:00Z,9.41
2026-05-29T14:00:00Z,51.61
2026-05-29T15:00:00Z,95.98749925
2026-05-29T16:00:00Z,133.72250175
2026-05-29T17:00:00Z,171.1850015
2026-05-29T18:00:00Z,225.5374985
2026-05-29T19:00:00Z,196.92250425
2026-05-29T20:00:00Z,160.702503
2026-05-29T21:00:00Z,144.7999995
2026-05-29T22:00:00Z,135.26500125
2026-05-29T23:00:00Z,126.177498
2026-05-30T00:00:00Z,121.58
2026-05-30T01:00:00Z,118.38999975
2026-05-30T02:00:00Z,118.574999
2026-05-30T03:00:00Z,121.9500005
2026-05-30T04:00:00Z,116.88750075
2026-05-30T05:00:00Z,107.465
2026-05-30T06:00:00Z,88.8674985
2026-05-30T07:00:00Z,36.68249925
2026-05-30T08:00:00Z,2.96
2026-05-30T09:00:00Z,-0.005
2026-05-30T10:00:00Z,0
2026-05-30T11:00:00Z,-0.07250000000000001
2026-05-30T12:00:00Z,-0.08
2026-05-30T13:00:00Z,0
2026-05-30T14:00:00Z,3.0075
2026-05-30T15:00:00Z,60.62750175
2026-05-30T16:00:00Z,102.85749975
2026-05-30T17:00:00Z,133.70249925
2026-05-30T18:00:00Z,154.262501
2026-05-30T19:00:00Z,165.61750025
2026-05-30T20:00:00Z,156.2525025
2026-05-30T21:00:00Z,138.93000025
2026-05-30T22:00:00Z,136.41249875
2026-05-30T23:00:00Z,129.10499950000002
2026-05-31T00:00:00Z,125.915001
2026-05-31T01:00:00Z,125.19750225
2026-05-31T02:00:00Z,126.9500005
2026-05-31T03:00:00Z,123.35750175
2026-05-31T04:00:00Z,115.00250075
2026-05-31T05:00:00Z,100.5600015
2026-05-31T06:00:00Z,90.437498
2026-05-31T07:00:00Z,56.28999975
2026-05-31T08:00:00Z,19.9975
2026-05-31T09:00:00Z,16.12999975
2026-05-31T10:00:00Z,18.08999975
2026-05-31T11:00:00Z,16.965
2026-05-31T12:00:00Z,19.2324995
2026-05-31T13:00:00Z,17.5474995
2026-05-31T14:00:00Z,49.0024995
2026-05-31T15:00:00Z,95.925001
2026-05-31T16:00:00Z,127.26500125
2026-05-31T17:00:00Z,141.369999
2026-05-31T18:00:00Z,152.76250075000002
2026-05-31T19:00:00Z,156.03499625
2026-05-31T20:00:00Z,153.1275025
2026-05-31T21:00:00Z,145.34749975
2026-05-31T22:00:00Z,141.0074995
2026-05-31T23:00:00Z,128.255001
2026-06-01T00:00:00Z,123.137499
2026-06-01T01:00:00Z,120.29500025
2026-06-01T02:00:00Z,124.4874975
2026-06-01T03:00:00Z,135.092501
2026-06-01T04:00:00Z,164.029999
2026-06-01T05:00:00Z,160
2026-06-01T06:00:00Z,151.7149985
2026-06-01T07:00:00Z,133.199999
2026-06-01T08:00:00Z,117.66000175
2026-06-01T09:00:00Z,108.14250025
2026-06-01T10:00:00Z,93.0825005
2026-06-01T11:00:00Z,89.90749925
2026-06-01T12:00:00Z,87.44749825
2026-06-01T13:00:00Z,95.09749975
2026-06-01T14:00:00Z,106.73499875
2026-06-01T15:00:00Z,125.24250025
2026-06-01T16:00:00Z,141.4575025
2026-06-01T17:00:00Z,226.612499
2026-06-01T18:00:00Z,355.2525025
2026-06-01T19:00:00Z,333.36750025
2026-06-01T20:00:00Z,222.50250225
2026-06-01T21:00:00Z,161.0250015
2026-06-01T22:00:00Z,142.064999
2026-06-01T23:00:00Z,131.7225
2026-06-02T00:00:00Z,125.085001
2026-06-02T01:00:00Z,120.914999
2026-06-02T02:00:00Z,120.6275005
2026-06-02T03:00:00Z,124.21500025
2026-06-02T04:00:00Z,131.02750025
2026-06-02T05:00:00Z,131.8049985
2026-06-02T06:00:00Z,121.0975
2026-06-02T07:00:00Z,105.42499925
2026-06-02T08:00:00Z,90.5300005
2026-06-02T09:00:00Z,85.22500025
2026-06-02T10:00:00Z,83.2799985
2026-06-02T11:00:00Z,85.16749949999999
2026-06-02T12:00:00Z,90.904999
2026-06-02T13:00:00Z,99.77000075
2026-06-02T14:00:00Z,112.26499925
2026-06-02T15:00:00Z,131.137501
2026-06-02T16:00:00Z,146.97750474999998
2026-06-02T17:00:00Z,167.93749624999998
2026-06-02T18:00:00Z,167.27249525
2026-06-02T19:00:00Z,152.32500075000002
2026-06-02T20:00:00Z,140.43500125
2026-06-02T21:00:00Z,125.23749925
2026-06-02T22:00:00Z,116.299999
2026-06-02T23:00:00Z,111.8949985
2026-06-03T00:00:00Z,108.01749975
2026-06-03T01:00:00Z,107.299999
2026-06-03T02:00:00Z,107.1899985
2026-06-03T03:00:00Z,113.2749995
2026-06-03T04:00:00Z,130.7374955
2026-06-03T05:00:00Z,136.82999775000002
2026-06-03T06:00:00Z,131.07750325
2026-06-03T07:00:00Z,112.16250025
2026-06-03T08:00:00Z,94.0975015
2026-06-03T09:00:00Z,80.2474995
2026-06-03T10:00:00Z,59.09000125
2026-06-03T11:00:00Z,49.617499499999994
2026-06-03T12:00:00Z,43.46999925
2026-06-03T13:00:00Z,48
2026-06-03T14:00:00Z,76.90000125
2026-06-03T15:00:00Z,95.574999
2026-06-03T16:00:00Z,122.26499775
2026-06-03T17:00:00Z,138.47249775
2026-06-03T18:00:00Z,146.2575035
2026-06-03T19:00:00Z,133.432499
2026-06-03T20:00:00Z,120.95250125
2026-06-03T21:00:00Z,99.40749925
2026-06-03T22:00:00Z,86.20499975
2026-06-03T23:00:00Z,75.48749925
2026-06-04T00:00:00Z,66.91999824999999
2026-06-04T01:00:00Z,67.47250174999999
2026-06-04T02:00:00Z,67.13749874999999
2026-06-04T03:00:00Z,66.8549995
2026-06-04T04:00:00Z,73.96999925
2026-06-04T05:00:00Z,87.08000175000001
2026-06-04T06:00:00Z,75.620001
2026-06-04T07:00:00Z,34.1775
2026-06-04T08:00:00Z,15.09
2026-06-04T09:00:00Z,8.33
2026-06-04T10:00:00Z,9.6525
2026-06-04T11:00:00Z,9.545
2026-06-04T12:00:00Z,9.295
2026-06-04T13:00:00Z,11.1975
2026-06-04T14:00:00Z,28.6974995
2026-06-04T15:00:00Z,70.1525
2026-06-04T16:00:00Z,101.50250075
2026-06-04T17:00:00Z,114.165001
2026-06-04T18:00:00Z,117.967499
2026-06-04T19:00:00Z,115.3724995
2026-06-04T20:00:00Z,111.6900005
2026-06-04T21:00:00Z,100.04999925
2026-06-04T22:00:00Z,80.6950015
2026-06-04T23:00:00Z,79.44750024999999
2026-06-05T00:00:00Z,79.5024985
2026-06-05T01:00:00Z,77.3600005
2026-06-05T02:00:00Z,78.99000000000001
2026-06-05T03:00:00Z,87.200001
2026-06-05T04:00:00Z,102.8149985
2026-06-05T05:00:00Z,112.2024995
2026-06-05T06:00:00Z,112.89500025
2026-06-05T07:00:00Z,98.30000125
2026-06-05T08:00:00Z,86.11500175
2026-06-05T09:00:00Z,70.82500075
2026-06-05T10:00:00Z,45.20499925
2026-06-05T11:00:00Z,34.177499749999996
2026-06-05T12:00:00Z,27.19999925
2026-06-05T13:00:00Z,38.00999975
2026-06-05T14:00:00Z,72.55499925000001
2026-06-05T15:00:00Z,104.25249875
2026-06-05T16:00:00Z,128.9024985
2026-06-05T17:00:00Z,150.49750125
2026-06-05T18:00:00Z,179.04499825
2026-06-05T19:00:00Z,189.35499925
2026-06-05T20:00:00Z,169.135002
2026-06-05T21:00:00Z,152.06000125
2026-06-05T22:00:00Z,148.24249650000002
2026-06-05T23:00:00Z,137.17999675
2026-06-06T00:00:00Z,134.789997
2026-06-06T01:00:00Z,116.16749925
2026-06-06T02:00:00Z,130.182499
2026-06-06T03:00:00Z,126.034998
2026-06-06T04:00:00Z,117.6900005
2026-06-06T05:00:00Z,102.3150025
2026-06-06T06:00:00Z,81.0175
2026-06-06T07:00:00Z,49.99999975
2026-06-06T08:00:00Z,37.26000075
2026-06-06T09:00:00Z,28.09999975
2026-06-06T10:00:00Z,23.66249975
2026-06-06T11:00:00Z,20.0550005
2026-06-06T12:00:00Z,21.3475
2026-06-06T13:00:00Z,30
2026-06-06T14:00:00Z,46.20500075
2026-06-06T15:00:00Z,93.28250125
2026-06-06T16:00:00Z,121.78749675
2026-06-06T17:00:00Z,133.8499985
2026-06-06T18:00:00Z,152.432499
2026-06-06T19:00:00Z,150.9225005
2026-06-06T20:00:00Z,134.3274995
2026-06-06T21:00:00Z,121.5424995
2026-06-06T22:00:00Z,110.6999985
2026-06-06T23:00:00Z,99.51249875
2026-06-07T00:00:00Z,92.20749875
2026-06-07T01:00:00Z,81.41500075
2026-06-07T02:00:00Z,67.01249899999999
2026-06-07T03:00:00Z,39.2100005
2026-06-07T04:00:00Z,5.0475
2026-06-07T05:00:00Z,0.47
2026-06-07T06:00:00Z,-0.48
2026-06-07T07:00:00Z,-4.8
2026-06-07T08:00:00Z,-6.495
2026-06-07T09:00:00Z,-1.6
2026-06-07T10:00:00Z,-3.7075
2026-06-07T11:00:00Z,-1.5325
2026-06-07T12:00:00Z,-7.9175
2026-06-07T13:00:00Z,-28.342499750000002
2026-06-07T14:00:00Z,-14.43
2026-06-07T15:00:00Z,0.49750000000000005
2026-06-07T16:00:00Z,53.667501
2026-06-07T17:00:00Z,108.00250225
2026-06-07T18:00:00Z,128.26750025
2026-06-07T19:00:00Z,137.1375045
2026-06-07T20:00:00Z,141.1875
2026-06-07T21:00:00Z,140.34249875
2026-06-07T22:00:00Z,140.43000025
2026-06-07T23:00:00Z,134.237499
2026-06-08T00:00:00Z,132.70999899999998
2026-06-08T01:00:00Z,127.669998
2026-06-08T02:00:00Z,130.17499924999998
2026-06-08T03:00:00Z,138.56249975
2026-06-08T04:00:00Z,150.67500275
2026-06-08T05:00:00Z,145.675003
2026-06-08T06:00:00Z,124.87500025
2026-06-08T07:00:00Z,102.51000025
2026-06-08T08:00:00Z,87.70500175
2026-06-08T09:00:00Z,74.364999
2026-06-08T10:00:00Z,77.0199985
2026-06-08T11:00:00Z,72.47749925
2026-06-08T12:00:00Z,74.38249975
2026-06-08T13:00:00Z,88.85750025
2026-06-08T14:00:00Z,102.58
2026-06-08T15:00:00Z,128.875
2026-06-08T16:00:00Z,151.32999825
2026-06-08T17:00:00Z,199.32250225
2026-06-08T18:00:00Z,208.9025
2026-06-08T19:00:00Z,185.75000375
2026-06-08T20:00:00Z,152.36750025
2026-06-08T21:00:00Z,128.20499825000002
2026-06-08T22:00:00Z,129.01249875
2026-06-08T23:00:00Z,122.15749925
2026-06-09T00:00:00Z,115.5
2026-06-09T01:00:00Z,111.21750075
2026-06-09T02:00:00Z,110.4750005
2026-06-09T03:00:00Z,115.81499875
2026-06-09T04:00:00Z,128.9975015
2026-06-09T05:00:00Z,134.63249775
2026-06-09T06:00:00Z,126.89750125
2026-06-09T07:00:00Z,107.00000025
2026-06-09T08:00:00Z,82.33500125
2026-06-09T09:00:00Z,60.9000025
2026-06-09T10:00:00Z,25.2150005
2026-06-09T11:00:00Z,3.84
2026-06-09T12:00:00Z,1.2075
2026-06-09T13:00:00Z,2.2075
2026-06-09T14:00:00Z,30.58499975
2026-06-09T15:00:00Z,75.72749975
2026-06-09T16:00:00Z,116.99999825
2026-06-09T17:00:00Z,133.45000075000002
2026-06-09T18:00:00Z,150
2026-06-09T19:00:00Z,155.362503
2026-06-09T20:00:00Z,144.99250024999998
2026-06-09T21:00:00Z,131.307499
2026-06-09T22:00:00Z,121.094999
2026-06-09T23:00:00Z,112.3099995
2026-06-10T00:00:00Z,108.67500125
2026-06-10T01:00:00Z,108.182501
2026-06-10T02:00:00Z,106.79999925
2026-06-10T03:00:00Z,110.9350015
2026-06-10T04:00:00Z,122.424999
2026-06-10T05:00:00Z,125.3725015
2026-06-10T06:00:00Z,121.2250025
2026-06-10T07:00:00Z,100.0474985
2026-06-10T08:00:00Z,82.35999875
2026-06-10T09:00:00Z,73.057499000000007
2026-06-10T10:00:00Z,68.6775015
2026-06-10T11:00:00Z,71.56750124999999
2026-06-10T12:00:00Z,77.824999
2026-06-10T13:00:00Z,86.62500025
2026-06-10T14:00:00Z,101.08500125
2026-06-10T15:00:00Z,119.26500125
2026-06-10T16:00:00Z,140.5250015
2026-06-10T17:00:00Z,169.78499975
2026-06-10T18:00:00Z,213.97999575
2026-06-10T19:00:00Z,204.9975015
2026-06-10T20:00:00Z,168.63499825
2026-06-10T21:00:00Z,151.75
2026-06-10T22:00:00Z,144.0200005
2026-06-10T23:00:00Z,134.63750075000002
2026-06-11T00:00:00Z,126.7924995
2026-06-11T01:00:00Z,126.05249975
2026-06-11T02:00:00Z,126.325001
2026-06-11T03:00:00Z,127.317501
2026-06-11T04:00:00Z,141.77000025
2026-06-11T05:00:00Z,142.397499
2026-06-11T06:00:00Z,130.147499
2026-06-11T07:00:00Z,107.74500075
2026-06-11T08:00:00Z,90.737501
2026-06-11T09:00:00Z,76.8325005
2026-06-11T10:00:00Z,63.3550015
2026-06-11T11:00:00Z,50.7150005
2026-06-11T12:00:00Z,41.05249875
2026-06-11T13:00:00Z,56.32500075
2026-06-11T14:00:00Z,78.5125005
2026-06-11T15:00:00Z,101.4225005
2026-06-11T16:00:00Z,129.6124995
2026-06-11T17:00:00Z,147.45500175
2026-06-11T18:00:00Z,178.567501
2026-06-11T19:00:00Z,168.6825025
2026-06-11T20:00:00Z,138.15749925
2026-06-11T21:00:00Z,115.664999
2026-06-11T22:00:00Z,115.61000075
2026-06-11T23:00:00Z,101.30249975
2026-06-12T00:00:00Z,93.602499
2026-06-12T01:00:00Z,90.700001
2026-06-12T02:00:00Z,91.4575005
2026-06-12T03:00:00Z,94.2075005
2026-06-12T04:00:00Z,113.2474995
2026-06-12T05:00:00Z,119.79999925
2026-06-12T06:00:00Z,124.3199995
2026-06-12T07:00:00Z,115.620001
2026-06-12T08:00:00Z,100.2124995
2026-06-12T09:00:00Z,89.062502
2026-06-12T10:00:00Z,79.71499800000001
2026-06-12T11:00:00Z,68.625001
2026-06-12T12:00:00Z,54.165001
2026-06-12T13:00:00Z,51.4524995
2026-06-12T14:00:00Z,52.99750025
2026-06-12T15:00:00Z,68.19500075
2026-06-12T16:00:00Z,87.9974995
2026-06-12T17:00:00Z,96.83
2026-06-12T18:00:00Z,108.035002
2026-06-12T19:00:00Z,109.83749975
2026-06-12T20:00:00Z,111.10750025
2026-06-12T21:00:00Z,100.839998
2026-06-12T22:00:00Z,86.6650005
2026-06-12T23:00:00Z,74.03499975
2026-06-13T00:00:00Z,63.8999995
2026-06-13T01:00:00Z,57.01749875
2026-06-13T02:00:00Z,39.23750025
2026-06-13T03:00:00Z,36.727501
2026-06-13T04:00:00Z,30.5475005
2026-06-13T05:00:00Z,13.655
2026-06-13T06:00:00Z,0.4125
2026-06-13T07:00:00Z,-0.4175
2026-06-13T08:00:00Z,-2.4
2026-06-13T09:00:00Z,-7.1
2026-06-13T10:00:00Z,-13.9975
2026-06-13T11:00:00Z,-21.50750025
2026-06-13T12:00:00Z,-28.95
2026-06-13T13:00:00Z,-26.3
2026-06-13T14:00:00Z,-12.61249975
2026-06-13T15:00:00Z,-2.9925
2026-06-13T16:00:00Z,0.31000000000000005
2026-06-13T17:00:00Z,28.245
2026-06-13T18:00:00Z,64.37749975
2026-06-13T19:00:00Z,78.18249899999999
2026-06-13T20:00:00Z,83.17749975
2026-06-13T21:00:00Z,75.93500125
2026-06-13T22:00:00Z,59.8500005
2026-06-13T23:00:00Z,48.44749925
2026-06-14T00:00:00Z,33.32499975
2026-06-14T01:00:00Z,27.3175005
2026-06-14T02:00:00Z,25.94749975
2026-06-14T03:00:00Z,21.25249975
2026-06-14T04:00:00Z,7.765000000000001
2026-06-14T05:00:00Z,0.465
2026-06-14T06:00:00Z,0
2026-06-14T07:00:00Z,0
2026-06-14T08:00:00Z,0
2026-06-14T09:00:00Z,0.0025
2026-06-14T10:00:00Z,-0.01
2026-06-14T11:00:00Z,-0.005
2026-06-14T12:00:00Z,-0.53
2026-06-14T13:00:00Z,-1.51
2026-06-14T14:00:00Z,-0.0125
2026-06-14T15:00:00Z,0.8300000000000001
2026-06-14T16:00:00Z,6.73749975
2026-06-14T17:00:00Z,61.397498500000005
2026-06-14T18:00:00Z,81.2299975
2026-06-14T19:00:00Z,86.9050005
2026-06-14T20:00:00Z,84.84499925
2026-06-14T21:00:00Z,74.05
2026-06-14T22:00:00Z,65.20499875
2026-06-14T23:00:00Z,57.1000005
2026-06-15T00:00:00Z,48.2524995
2026-06-15T01:00:00Z,50.02000025
2026-06-15T02:00:00Z,50.30000025
2026-06-15T03:00:00Z,59.622499500000004
2026-06-15T04:00:00Z,88.59
2026-06-15T05:00:00Z,101.63000275
2026-06-15T06:00:00Z,87.10999875
2026-06-15T07:00:00Z,58.977499
2026-06-15T08:00:00Z,21.665
2026-06-15T09:00:00Z,5.045
2026-06-15T10:00:00Z,2.025
2026-06-15T11:00:00Z,1.9
2026-06-15T12:00:00Z,1.3775
2026-06-15T13:00:00Z,1.69
2026-06-15T14:00:00Z,5.0325
2026-06-15T15:00:00Z,43.4675
2026-06-15T16:00:00Z,91.277501
2026-06-15T17:00:00Z,129.0350035
2026-06-15T18:00:00Z,148.74499525
2026-06-15T19:00:00Z,155.54000100000002
2026-06-15T20:00:00Z,153.7924995
2026-06-15T21:00:00Z,134.737503
2026-06-15T22:00:00Z,123.12000075
2026-06-15T23:00:00Z,117.34000025
2026-06-16T00:00:00Z,113.737501
2026-06-16T01:00:00Z,110.822502
2026-06-16T02:00:00Z,110.7524985
2026-06-16T03:00:00Z,114.9799975
2026-06-16T04:00:00Z,127.99250025
2026-06-16T05:00:00Z,131.69499975
2026-06-16T06:00:00Z,134.81499875
2026-06-16T07:00:00Z,111.40250025
2026-06-16T08:00:00Z,107.0249995
2026-06-16T09:00:00Z,84.0150015
2026-06-16T10:00:00Z,68.99250025
2026-06-16T11:00:00Z,56.902501
2026-06-16T12:00:00Z,53.5275005
2026-06-16T13:00:00Z,63.5625
2026-06-16T14:00:00Z,82.6950005
2026-06-16T15:00:00Z,108.897501
2026-06-16T16:00:00Z,126.7575
2026-06-16T17:00:00Z,148.00749975
2026-06-16T18:00:00Z,175.257496
2026-06-16T19:00:00Z,182.88000125
2026-06-16T20:00:00Z,164.50500475
2026-06-16T21:00:00Z,143.29249950000002
2026-06-16T22:00:00Z,141.06750449999998
2026-06-16T23:00:00Z,135.237503
2026-06-17T00:00:00Z,129.1500035
2026-06-17T01:00:00Z,127.307501
2026-06-17T02:00:00Z,127.08499925
2026-06-17T03:00:00Z,127.83499925
2026-06-17T04:00:00Z,139.35999675
2026-06-17T05:00:00Z,135.955002
2026-06-17T06:00:00Z,121.715002
2026-06-17T07:00:00Z,106.58250025
2026-06-17T08:00:00Z,93.602501
2026-06-17T09:00:00Z,82.02749825000001
2026-06-17T10:00:00Z,75.965
2026-06-17T11:00:00Z,69.1049995
2026-06-17T12:00:00Z,68.3599985
2026-06-17T13:00:00Z,76.67750175
2026-06-17T14:00:00Z,87.51250075
2026-06-17T15:00:00Z,105.71249975
2026-06-17T16:00:00Z,120.22000125
2026-06-17T17:00:00Z,142.2075005
2026-06-17T18:00:00Z,161.39250175
2026-06-17T19:00:00Z,163.1100005
2026-06-17T20:00:00Z,158.45249925000002
2026-06-17T21:00:00Z,142.5625
2026-06-17T22:00:00Z,134.80249975
2026-06-17T23:00:00Z,125.44000025
2026-06-18T00:00:00Z,121.6324995
2026-06-18T01:00:00Z,119.335001
2026-06-18T02:00:00Z,118.972498
2026-06-18T03:00:00Z,127.1799985
2026-06-18T04:00:00Z,135.6674995
2026-06-18T05:00:00Z,135.33500475
2026-06-18T06:00:00Z,118.82999975
2026-06-18T07:00:00Z,102.4350015
2026-06-18T08:00:00Z,76.89000025
2026-06-18T09:00:00Z,48.7725
2026-06-18T10:00:00Z,28.735
2026-06-18T11:00:00Z,22.53250025
2026-06-18T12:00:00Z,25.8999995
2026-06-18T13:00:00Z,48.09749975
2026-06-18T14:00:00Z,80.00499925
2026-06-18T15:00:00Z,106.05749900000001
2026-06-18T16:00:00Z,135.51750025
2026-06-18T17:00:00Z,258.550003
2026-06-18T18:00:00Z,447.57749925
2026-06-18T19:00:00Z,455.51499925
2026-06-18T20:00:00Z,270.05500025000003
2026-06-18T21:00:00Z,164.30249775
2026-06-18T22:00:00Z,148
2026-06-18T23:00:00Z,133.10249525
2026-06-19T00:00:00Z,124.43749975
2026-06-19T01:00:00Z,120.15749925
2026-06-19T02:00:00Z,117.824999
2026-06-19T03:00:00Z,120.22250175
2026-06-19T04:00:00Z,140.05999725
2026-06-19T05:00:00Z,127.7125015
2026-06-19T06:00:00Z,112.8225005
2026-06-19T07:00:00Z,98.0100005
2026-06-19T08:00:00Z,73.8125
2026-06-19T09:00:00Z,32.7600005
2026-06-19T10:00:00Z,14.99999975
2026-06-19T11:00:00Z,11.7925
2026-06-19T12:00:00Z,16.92999975
2026-06-19T13:00:00Z,45.952499
2026-06-19T14:00:00Z,84.12249975
2026-06-19T15:00:00Z,109.08000175
2026-06-19T16:00:00Z,129.312502
2026-06-19T17:00:00Z,168.58749775
2026-06-19T18:00:00Z,207.03750225
2026-06-19T19:00:00Z,189.1800005
2026-06-19T20:00:00Z,158.51250075000002
2026-06-19T21:00:00Z,137.73500225
2026-06-19T22:00:00Z,130.1775015
2026-06-19T23:00:00Z,121.11500175
2026-06-20T00:00:00Z,118.5999985
2026-06-20T01:00:00Z,116.6350005
2026-06-20T02:00:00Z,114.5424995
2026-06-20T03:00:00Z,113.7574995
2026-06-20T04:00:00Z,109.67499725
2026-06-20T05:00:00Z,101.97500025
2026-06-20T06:00:00Z,92.06499875
2026-06-20T07:00:00Z,43.57999975
2026-06-20T08:00:00Z,4.125
2026-06-20T09:00:00Z,-0.0025
2026-06-20T10:00:00Z,-0.0125
2026-06-20T11:00:00Z,-0.0175
2026-06-20T12:00:00Z,-0.0125
2026-06-20T13:00:00Z,0.25
2026-06-20T14:00:00Z,18.17999975
2026-06-20T15:00:00Z,83.65250125
2026-06-20T16:00:00Z,119.5199985
2026-06-20T17:00:00Z,145.9500025
2026-06-20T18:00:00Z,175.37000275
2026-06-20T19:00:00Z,186.517502
2026-06-20T20:00:00Z,167.7299995
2026-06-20T21:00:00Z,146.545002
2026-06-20T22:00:00Z,138.14250175
2026-06-20T23:00:00Z,128.335003
2026-06-21T00:00:00Z,126.1225015
2026-06-21T01:00:00Z,123.602501
2026-06-21T02:00:00Z,121.76499925
2026-06-21T03:00:00Z,118.75
2026-06-21T04:00:00Z,112.822502
2026-06-21T05:00:00Z,104.12000075
2026-06-21T06:00:00Z,75.88999925
2026-06-21T07:00:00Z,31.135
2026-06-21T08:00:00Z,1.3724999999999998
2026-06-21T09:00:00Z,0.065
2026-06-21T10:00:00Z,0.0225
2026-06-21T11:00:00Z,0
2026-06-21T12:00:00Z,0
2026-06-21T13:00:00Z,0.0075
2026-06-21T14:00:00Z,12.6675
2026-06-21T15:00:00Z,76.755
2026-06-21T16:00:00Z,115.3100015
2026-06-21T17:00:00Z,133.70999725
2026-06-21T18:00:00Z,149.579998
2026-06-21T19:00:00Z,150.46249775
2026-06-21T20:00:00Z,146.039997
2026-06-21T21:00:00Z,133.84750375000002
2026-06-21T22:00:00Z,128.0874975
2026-06-21T23:00:00Z,120.004999
2026-06-22T00:00:00Z,114.44750025
2026-06-22T01:00:00Z,114.4700015
2026-06-22T02:00:00Z,116.38750075
2026-06-22T03:00:00Z,123.31999775
2026-06-22T04:00:00Z,139.61999875
2026-06-22T05:00:00Z,145.7199975
2026-06-22T06:00:00Z,128.70250125
2026-06-22T07:00:00Z,108.02750025
2026-06-22T08:00:00Z,85.33749974999999
2026-06-22T09:00:00Z,57.30250075
2026-06-22T10:00:00Z,39.5175005
2026-06-22T11:00:00Z,32.33499975
2026-06-22T12:00:00Z,40.6549995
2026-06-22T13:00:00Z,63.41500075
2026-06-22T14:00:00Z,90.71500025
2026-06-22T15:00:00Z,113.59500125
2026-06-22T16:00:00Z,145.35750175
2026-06-22T17:00:00Z,197.89249425
2026-06-22T18:00:00Z,270.90750475
2026-06-22T19:00:00Z,254.959999
2026-06-22T20:00:00Z,190.7300035
2026-06-22T21:00:00Z,156.99499874999998
2026-06-22T22:00:00Z,145.987503
2026-06-22T23:00:00Z,138.86500175
2026-06-23T00:00:00Z,134.8325005
2026-06-23T01:00:00Z,135.529999
2026-06-23T02:00:00Z,137.78999725
2026-06-23T03:00:00Z,142.03250125
2026-06-23T04:00:00Z,166.65250025
2026-06-23T05:00:00Z,160.18000025
2026-06-23T06:00:00Z,135.022501
2026-06-23T07:00:00Z,112.48249825
2026-06-23T08:00:00Z,96.55249975
2026-06-23T09:00:00Z,76.47750099999999
2026-06-23T10:00:00Z,66.1500005
2026-06-23T11:00:00Z,58.28249925
2026-06-23T12:00:00Z,64.5599995
2026-06-23T13:00:00Z,77.835
2026-06-23T14:00:00Z,100.0024985
2026-06-23T15:00:00Z,121.1275005
2026-06-23T16:00:00Z,169.83000175
2026-06-23T17:00:00Z,339.560005
2026-06-23T18:00:00Z,563.37751025
2026-06-23T19:00:00Z,547.1950075
2026-06-23T20:00:00Z,342.430004
2026-06-23T21:00:00Z,201.7275045
2026-06-23T22:00:00Z,180.8499985
2026-06-23T23:00:00Z,164.19249725
2026-06-24T00:00:00Z,148.6200025
2026-06-24T01:00:00Z,145.007496
2026-06-24T02:00:00Z,146.16999825
2026-06-24T03:00:00Z,153.482498
2026-06-24T04:00:00Z,180.187496
2026-06-24T05:00:00Z,174.41
2026-06-24T06:00:00Z,150.090002
2026-06-24T07:00:00Z,118.90499875
2026-06-24T08:00:00Z,101.80249975
2026-06-24T09:00:00Z,83.71749875
2026-06-24T10:00:00Z,72.084998
2026-06-24T11:00:00Z,68.295
2026-06-24T12:00:00Z,71.24000075000001
2026-06-24T13:00:00Z,85.82750125
2026-06-24T14:00:00Z,108.460001
2026-06-24T15:00:00Z,128.93000025
2026-06-24T16:00:00Z,196.67749775
2026-06-24T17:00:00Z,467.64751425
2026-06-24T18:00:00Z,696.0400085
2026-06-24T19:00:00Z,693.119995
2026-06-24T20:00:00Z,484.12249775
2026-06-24T21:00:00Z,270.25500075
2026-06-24T22:00:00Z,169.5
2026-06-24T23:00:00Z,154.5499955
2026-06-25T00:00:00Z,144.65749725
2026-06-25T01:00:00Z,141.97749725
2026-06-25T02:00:00Z,139.822502
2026-06-25T03:00:00Z,142.03750225
2026-06-25T04:00:00Z,161.664997
2026-06-25T05:00:00Z,147.25
2026-06-25T06:00:00Z,119.17999825
2026-06-25T07:00:00Z,105.00749975
2026-06-25T08:00:00Z,84.9725
2026-06-25T09:00:00Z,65.31500075
2026-06-25T10:00:00Z,40.235
2026-06-25T11:00:00Z,31.11749925
2026-06-25T12:00:00Z,34.217499000000004
2026-06-25T13:00:00Z,66.5874995
2026-06-25T14:00:00Z,88.602499
2026-06-25T15:00:00Z,105.6674995
2026-06-25T16:00:00Z,135.73749924999998
2026-06-25T17:00:00Z,206.31999575
2026-06-25T18:00:00Z,294.29249975
2026-06-25T19:00:00Z,206.44499975
2026-06-25T20:00:00Z,188.86750025
2026-06-25T21:00:00Z,157.6100005
2026-06-25T22:00:00Z,144.36750025
2026-06-25T23:00:00Z,130.47250175
2026-06-26T00:00:00Z,122.12499975
2026-06-26T01:00:00Z,120.9500005
2026-06-26T02:00:00Z,122.71500025
2026-06-26T03:00:00Z,129.699999
2026-06-26T04:00:00Z,146.9000015
2026-06-26T05:00:00Z,137.88249975
2026-06-26T06:00:00Z,119.6099985
2026-06-26T07:00:00Z,107.9925
2026-06-26T08:00:00Z,93.1725005
2026-06-26T09:00:00Z,66.5375005
2026-06-26T10:00:00Z,46.3674995
2026-06-26T11:00:00Z,34.1850005
2026-06-26T12:00:00Z,37.06749975
2026-06-26T13:00:00Z,67.3875
2026-06-26T14:00:00Z,92.64999775
2026-06-26T15:00:00Z,110.334999
2026-06-26T16:00:00Z,150.69249725
2026-06-26T17:00:00Z,246.909996
2026-06-26T18:00:00Z,357.777504
2026-06-26T19:00:00Z,299.61249525
2026-06-26T20:00:00Z,203.022503
2026-06-26T21:00:00Z,154.85999675
2026-06-26T22:00:00Z,131.647501
2026-06-26T23:00:00Z,124.4074975
2026-06-27T00:00:00Z,117.92749975
2026-06-27T01:00:00Z,115.83
2026-06-27T02:00:00Z,115.324999
2026-06-27T03:00:00Z,114
2026-06-27T04:00:00Z,112.72500225
2026-06-27T05:00:00Z,109.272501
2026-06-27T06:00:00Z,103.53499975
2026-06-27T07:00:00Z,74.11250025
2026-06-27T08:00:00Z,36.0249995
2026-06-27T09:00:00Z,8.997499999999999
2026-06-27T10:00:00Z,4.0249999999999995
2026-06-27T11:00:00Z,4.495
2026-06-27T12:00:00Z,4.0175
2026-06-27T13:00:00Z,12.7675
2026-06-27T14:00:00Z,50.6325
2026-06-27T15:00:00Z,100.15500075
2026-06-27T16:00:00Z,127.39999775
2026-06-27T17:00:00Z,174.42749825
2026-06-27T18:00:00Z,229.125004
2026-06-27T19:00:00Z,222.659996
2026-06-27T20:00:00Z,176.94499975000002
2026-06-27T21:00:00Z,145.38750475
2026-06-27T22:00:00Z,136.90500075
2026-06-27T23:00:00Z,126.362497
2026-06-28T00:00:00Z,119.682501
2026-06-28T01:00:00Z,115.68749975
2026-06-28T02:00:00Z,114.73499875
2026-06-28T03:00:00Z,115.1224995
2026-06-28T04:00:00Z,112.0625
2026-06-28T05:00:00Z,104.4300005
2026-06-28T06:00:00Z,76.68500025
2026-06-28T07:00:00Z,35.0050005
2026-06-28T08:00:00Z,27.8075005
2026-06-28T09:00:00Z,7.2025
2026-06-28T10:00:00Z,3.7325
2026-06-28T11:00:00Z,2.0175
2026-06-28T12:00:00Z,1.5025
2026-06-28T13:00:00Z,1.62
2026-06-28T14:00:00Z,27.0950005
2026-06-28T15:00:00Z,84.057498
2026-06-28T16:00:00Z,114.2924995
2026-06-28T17:00:00Z,137.1174985
2026-06-28T18:00:00Z,154.5999985
2026-06-28T19:00:00Z,162.3125
2026-06-28T20:00:00Z,157.99999625
2026-06-28T21:00:00Z,144.54000100000002
2026-06-28T22:00:00Z,123.11750025
2026-06-28T23:00:00Z,113.664999
2026-06-29T00:00:00Z,113.01499925
2026-06-29T01:00:00Z,109.71500025
2026-06-29T02:00:00Z,114.6224995
2026-06-29T03:00:00Z,126.9525015
2026-06-29T04:00:00Z,150.52499775
2026-06-29T05:00:00Z,152.8499985
2026-06-29T06:00:00Z,143.23749925
2026-06-29T07:00:00Z,120.9474985
2026-06-29T08:00:00Z,106.925001
2026-06-29T09:00:00Z,99.0999985
2026-06-29T10:00:00Z,89.50749975
2026-06-29T11:00:00Z,82.02750025
2026-06-29T12:00:00Z,86.38500025
2026-06-29T13:00:00Z,96.70249925
2026-06-29T14:00:00Z,102.13250175
2026-06-29T15:00:00Z,113.0049995
2026-06-29T16:00:00Z,135.6725005
2026-06-29T17:00:00Z,201.60750175
2026-06-29T18:00:00Z,298.132492
2026-06-29T19:00:00Z,316.84999849999997
2026-06-29T20:00:00Z,236.17499925
2026-06-29T21:00:00Z,172.81750075
2026-06-29T22:00:00Z,163.545002
2026-06-29T23:00:00Z,146.18500125
2026-06-30T00:00:00Z,141.035
2026-06-30T01:00:00Z,141.6674995
2026-06-30T02:00:00Z,142.37000275
2026-06-30T03:00:00Z,153.5
2026-06-30T04:00:00Z,189.9175035
2026-06-30T05:00:00Z,192.290001
2026-06-30T06:00:00Z,157.27500125
2026-06-30T07:00:00Z,123.3125
2026-06-30T08:00:00Z,108.72750075
2026-06-30T09:00:00Z,101.55500225
2026-06-30T10:00:00Z,98.89999975
2026-06-30T11:00:00Z,99.50250075
2026-06-30T12:00:00Z,102.8500005
2026-06-30T13:00:00Z,114.5650005
2026-06-30T14:00:00Z,125.7374995
2026-06-30T15:00:00Z,154.2649995
2026-06-30T16:00:00Z,250.71250175
2026-06-30T17:00:00Z,470.1524885
2026-06-30T18:00:00Z,534.0999987499999
2026-06-30T19:00:00Z,415.3724975
2026-06-30T20:00:00Z,283.48749925
2026-06-30T21:00:00Z,187.4325025
2026-06-30T22:00:00Z,164.86249924999998
2026-06-30T23:00:00Z,150.0825005
2026-07-01T00:00:00Z,146.377495
2026-07-01T01:00:00Z,146.99250025
2026-07-01T02:00:00Z,150.85749825
2026-07-01T03:00:00Z,159.73999775
2026-07-01T04:00:00Z,197.130001
2026-07-01T05:00:00Z,204.72999925
2026-07-01T06:00:00Z,180.6349985
2026-07-01T07:00:00Z,146.2250005
2026-07-01T08:00:00Z,124.6849995
2026-07-01T09:00:00Z,117.92500125
2026-07-01T10:00:00Z,114.0625
2026-07-01T11:00:00Z,107.6150015
2026-07-01T12:00:00Z,99.255001
2026-07-01T13:00:00Z,96.594999
2026-07-01T14:00:00Z,98.48749925
2026-07-01T15:00:00Z,104.50250075
2026-07-01T16:00:00Z,122.40250025
2026-07-01T17:00:00Z,171.3274975
2026-07-01T18:00:00Z,236.135002
2026-07-01T19:00:00Z,249.290001
2026-07-01T20:00:00Z,202.80750275
2026-07-01T21:00:00Z,158.57000349999998
2026-07-01T22:00:00Z,161.204998
2026-07-01T23:00:00Z,144.107502
2026-07-02T00:00:00Z,131.22750125
2026-07-02T01:00:00Z,119.41000175
2026-07-02T02:00:00Z,112.670002
2026-07-02T03:00:00Z,111.7750015
2026-07-02T04:00:00Z,119.0199985
2026-07-02T05:00:00Z,110.3225
2026-07-02T06:00:00Z,88.4624995
2026-07-02T07:00:00Z,45.07250075
2026-07-02T08:00:00Z,4.91
2026-07-02T09:00:00Z,2.3925
2026-07-02T10:00:00Z,2.27
2026-07-02T11:00:00Z,2
2026-07-02T12:00:00Z,0.65
2026-07-02T13:00:00Z,-0.105
2026-07-02T14:00:00Z,-0.00249999999999999
2026-07-02T15:00:00Z,-0.015
2026-07-02T16:00:00Z,32.80999975
2026-07-02T17:00:00Z,50.81999925
2026-07-02T18:00:00Z,46.6224985
2026-07-02T19:00:00Z,51.715001
2026-07-02T20:00:00Z,36.05500025
2026-07-02T21:00:00Z,24.915
2026-07-02T22:00:00Z,74.91749875
2026-07-02T23:00:00Z,63.4574995
2026-07-03T00:00:00Z,55.01249975
2026-07-03T01:00:00Z,43.02000025
2026-07-03T02:00:00Z,40.3824995
2026-07-03T03:00:00Z,42.570001
2026-07-03T04:00:00Z,58.93499875
2026-07-03T05:00:00Z,38.455
2026-07-03T06:00:00Z,46.74499975
2026-07-03T07:00:00Z,9.03250025
2026-07-03T08:00:00Z,0.0475
2026-07-03T09:00:00Z,-0.0375
2026-07-03T10:00:00Z,-0.105
2026-07-03T11:00:00Z,-0.0875
2026-07-03T12:00:00Z,-0.09
2026-07-03T13:00:00Z,-0.0975
2026-07-03T14:00:00Z,-0.075
2026-07-03T15:00:00Z,-0.01
2026-07-03T16:00:00Z,19.822500249999997
2026-07-03T17:00:00Z,45.4375
2026-07-03T18:00:00Z,58.99499875
2026-07-03T19:00:00Z,62.129999
2026-07-03T20:00:00Z,64.30499925000001
2026-07-03T21:00:00Z,91.04500025
2026-07-03T22:00:00Z,79.2175
2026-07-03T23:00:00Z,87.72999949999999
2026-07-04T00:00:00Z,87.95250125
2026-07-04T01:00:00Z,84.83
2026-07-04T02:00:00Z,82.56999775
2026-07-04T03:00:00Z,75.9400005
2026-07-04T04:00:00Z,74.59000025
2026-07-04T05:00:00Z,65.85249999999999
2026-07-04T06:00:00Z,28.777501
2026-07-04T07:00:00Z,0.9725
2026-07-04T08:00:00Z,0
2026-07-04T09:00:00Z,-0.1275
2026-07-04T10:00:00Z,-0.395
2026-07-04T11:00:00Z,-4.8025
2026-07-04T12:00:00Z,-5.0975
2026-07-04T13:00:00Z,-2.4875
2026-07-04T14:00:00Z,-0.29500000000000004
2026-07-04T15:00:00Z,4.93749975
2026-07-04T16:00:00Z,57.079999
2026-07-04T17:00:00Z,100.602499
2026-07-04T18:00:00Z,116.00000025
2026-07-04T19:00:00Z,119.41250025
2026-07-04T20:00:00Z,120.34749975
2026-07-04T21:00:00Z,117.1875
2026-07-04T22:00:00Z,108.7874985
2026-07-04T23:00:00Z,94.875
2026-07-05T00:00:00Z,84.039999
2026-07-05T01:00:00Z,73.9975015
2026-07-05T02:00:00Z,64.04499975
2026-07-05T03:00:00Z,58.77250025
2026-07-05T04:00:00Z,35.3125
2026-07-05T05:00:00Z,20.99999975
2026-07-05T06:00:00Z,15.795000000000002
2026-07-05T07:00:00Z,1.495
2026-07-05T08:00:00Z,-0.0025
2026-07-05T09:00:00Z,-0.0125
2026-07-05T10:00:00Z,-0.1
2026-07-05T11:00:00Z,-0.6025
2026-07-05T12:00:00Z,-1.145
2026-07-05T13:00:00Z,-1.0025
2026-07-05T14:00:00Z,-0.03
2026-07-05T15:00:00Z,2.175
2026-07-05T16:00:00Z,12.24000025
2026-07-05T17:00:00Z,34.32250025
2026-07-05T18:00:00Z,79.14749900000001
2026-07-05T19:00:00Z,95
2026-07-05T20:00:00Z,100.89249775
2026-07-05T21:00:00Z,102.17000025
2026-07-05T22:00:00Z,132.71750075
2026-07-05T23:00:00Z,123.790001
2026-07-06T00:00:00Z,118.70249975
2026-07-06T01:00:00Z,114.09249875
2026-07-06T02:00:00Z,114.25
2026-07-06T03:00:00Z,120.045
2026-07-06T04:00:00Z,135.7975005
2026-07-06T05:00:00Z,140.394993
2026-07-06T06:00:00Z,135.91499925
2026-07-06T07:00:00Z,112.4900015
2026-07-06T08:00:00Z,92.98499875
2026-07-06T09:00:00Z,74.0374995
2026-07-06T10:00:00Z,43.38999975
2026-07-06T11:00:00Z,28.029999750000002
2026-07-06T12:00:00Z,22.25000025
2026-07-06T13:00:00Z,16.39749975
2026-07-06T14:00:00Z,32.2300005
2026-07-06T15:00:00Z,68.36000125
2026-07-06T16:00:00Z,101.2549995
2026-07-06T17:00:00Z,116.67999825
2026-07-06T18:00:00Z,132.085003
2026-07-06T19:00:00Z,132.71749525
2026-07-06T20:00:00Z,129.24999825
2026-07-06T21:00:00Z,121.61750025
2026-07-06T22:00:00Z,105
2026-07-06T23:00:00Z,107.94249925
2026-07-07T00:00:00Z,101.9174995
2026-07-07T01:00:00Z,97.99250025
2026-07-07T02:00:00Z,94.494999000000007
2026-07-07T03:00:00Z,96.367502
2026-07-07T04:00:00Z,101.40249825
2026-07-07T05:00:00Z,110.290001
2026-07-07T06:00:00Z,98.807501
2026-07-07T07:00:00Z,96.8175
2026-07-07T08:00:00Z,46.15250025
2026-07-07T09:00:00Z,6.465
2026-07-07T10:00:00Z,1.07
2026-07-07T11:00:00Z,1.0075
2026-07-07T12:00:00Z,-0.0125
2026-07-07T13:00:00Z,0.6925
2026-07-07T14:00:00Z,3.4525
2026-07-07T15:00:00Z,3.3675
2026-07-07T16:00:00Z,49.5299995
2026-07-07T17:00:00Z,82.19499975
2026-07-07T18:00:00Z,84.43749975
2026-07-07T19:00:00Z,88.8600005
2026-07-07T20:00:00Z,85.94750025
2026-07-07T21:00:00Z,80.00749975
2026-07-07T22:00:00Z,100.577499
2026-07-07T23:00:00Z,100.00250025
2026-07-08T00:00:00Z,99.99999975
2026-07-08T01:00:00Z,103.00249875
2026-07-08T02:00:00Z,107
2026-07-08T03:00:00Z,104.827501
2026-07-08T04:00:00Z,109.59749975
2026-07-08T05:00:00Z,110.56000125
2026-07-08T06:00:00Z,98.012499
2026-07-08T07:00:00Z,79.99749825
2026-07-08T08:00:00Z,74.63500025
2026-07-08T09:00:00Z,68.09749975
2026-07-08T10:00:00Z,47.90749925
2026-07-08T11:00:00Z,21.62
2026-07-08T12:00:00Z,12.7125
2026-07-08T13:00:00Z,14.2925
2026-07-08T14:00:00Z,39.79750025
2026-07-08T15:00:00Z,78.057499000000007
2026-07-08T16:00:00Z,96.3925
2026-07-08T17:00:00Z,125
2026-07-08T18:00:00Z,147.83499899999998
2026-07-08T19:00:00Z,160
2026-07-08T20:00:00Z,158.8675005
2026-07-08T21:00:00Z,142.00250225
2026-07-08T22:00:00Z,135.7824975
2026-07-08T23:00:00Z,132.147499
2026-07-09T00:00:00Z,127.317499
2026-07-09T01:00:00Z,124.557501
2026-07-09T02:00:00Z,124.93250075
2026-07-09T03:00:00Z,133.89000125
2026-07-09T04:00:00Z,145.107502
2026-07-09T05:00:00Z,147.26250075000002
2026-07-09T06:00:00Z,138.36250125
2026-07-09T07:00:00Z,119.00000025
2026-07-09T08:00:00Z,102.0825005
2026-07-09T09:00:00Z,90.39000125
2026-07-09T10:00:00Z,70.07249925
2026-07-09T11:00:00Z,45.879999999999995
2026-07-09T12:00:00Z,38.72000025
2026-07-09T13:00:00Z,53.542499500000005
2026-07-09T14:00:00Z,83.97750099999999
2026-07-09T15:00:00Z,108.9850005
2026-07-09T16:00:00Z,131.07249825
2026-07-09T17:00:00Z,167.17249675
2026-07-09T18:00:00Z,214.78749825
2026-07-09T19:00:00Z,217.882496
2026-07-09T20:00:00Z,185.1800005
2026-07-09T21:00:00Z,163.46750275
2026-07-09T22:00:00Z,154.050003
2026-07-09T23:00:00Z,143.55250175
2026-07-10T00:00:00Z,139.91249875
2026-07-10T01:00:00Z,138.017498
2026-07-10T02:00:00Z,138.12250125
2026-07-10T03:00:00Z,142.53250125
2026-07-10T04:00:00Z,151.29000100000002
2026-07-10T05:00:00Z,147.852501
2026-07-10T06:00:00Z,134.59
2026-07-10T07:00:00Z,122.2024975
2026-07-10T08:00:00Z,100.54999925
2026-07-10T09:00:00Z,78.23999975
2026-07-10T10:00:00Z,59.459999
2026-07-10T11:00:00Z,37.35999975
2026-07-10T12:00:00Z,40.950001
2026-07-10T13:00:00Z,62.099999749999995
2026-07-10T14:00:00Z,88.38749975
2026-07-10T15:00:00Z,114.0925005
2026-07-10T16:00:00Z,128.70000075000002
2026-07-10T17:00:00Z,165.33749775
2026-07-10T18:00:00Z,187.38999925
2026-07-10T19:00:00Z,176.984997
2026-07-10T20:00:00Z,168
2026-07-10T21:00:00Z,154.46249775
2026-07-10T22:00:00Z,150.39749925
2026-07-10T23:00:00Z,143.904999
2026-07-11T00:00:00Z,141.08250425
2026-07-11T01:00:00Z,140.6050035
2026-07-11T02:00:00Z,140.39249825000002
2026-07-11T03:00:00Z,138.89250175
2026-07-11T04:00:00Z,136.4050025
2026-07-11T05:00:00Z,124.0475005
2026-07-11T06:00:00Z,115.4525015
2026-07-11T07:00:00Z,74.1050005
2026-07-11T08:00:00Z,16.875
2026-07-11T09:00:00Z,7.155
2026-07-11T10:00:00Z,6.699999999999999
2026-07-11T11:00:00Z,5.8
2026-07-11T12:00:00Z,5.0975
2026-07-11T13:00:00Z,5.055
2026-07-11T14:00:00Z,9.5075
2026-07-11T15:00:00Z,75.1825005
2026-07-11T16:00:00Z,120.78499975
2026-07-11T17:00:00Z,141.170002
2026-07-11T18:00:00Z,151.892498
2026-07-11T19:00:00Z,156.4074975
2026-07-11T20:00:00Z,154.88749725
2026-07-11T21:00:00Z,145.60000225
2026-07-11T22:00:00Z,137.4424975
2026-07-11T23:00:00Z,131.88499825
2026-07-12T00:00:00Z,125.5700015
2026-07-12T01:00:00Z,125.09999825
2026-07-12T02:00:00Z,122.8825015
2026-07-12T03:00:00Z,119.9799995
2026-07-12T04:00:00Z,111.612501
2026-07-12T05:00:00Z,99.77499975
2026-07-12T06:00:00Z,62.15249925
2026-07-12T07:00:00Z,5.9625
2026-07-12T08:00:00Z,1.69
2026-07-12T09:00:00Z,0.1225
2026-07-12T10:00:00Z,-1.7625
2026-07-12T11:00:00Z,-0.0875
2026-07-12T12:00:00Z,-0.0825
2026-07-12T13:00:00Z,-0.7975
2026-07-12T14:00:00Z,0.2675
2026-07-12T15:00:00Z,11.7425
2026-07-12T16:00:00Z,93.347501
2026-07-12T17:00:00Z,131.827503
2026-07-12T18:00:00Z,140.749996
2026-07-12T19:00:00Z,144.48749924999998
2026-07-12T20:00:00Z,144.93000025
2026-07-12T21:00:00Z,139.31749725
2026-07-12T22:00:00Z,129.7300015
2026-07-12T23:00:00Z,124.46999725
2026-07-13T00:00:00Z,120.40999975
2026-07-13T01:00:00Z,121.2749995
2026-07-13T02:00:00Z,123.5024985
2026-07-13T03:00:00Z,133.88499825
2026-07-13T04:00:00Z,149.1950035
2026-07-13T05:00:00Z,156.682499
2026-07-13T06:00:00Z,138.98749725
2026-07-13T07:00:00Z,122.61999900000001
2026-07-13T08:00:00Z,99.915001
2026-07-13T09:00:00Z,74.000002
2026-07-13T10:00:00Z,50.325002
2026-07-13T11:00:00Z,55.95499975
2026-07-13T12:00:00Z,55.0875005
2026-07-13T13:00:00Z,62.30999925
2026-07-13T14:00:00Z,90.3374995
2026-07-13T15:00:00Z,120.40000175
2026-07-13T16:00:00Z,138.414997
2026-07-13T17:00:00Z,165.51749775000002
2026-07-13T18:00:00Z,182.5599975
2026-07-13T19:00:00Z,168.75249875
2026-07-13T20:00:00Z,159.07249825
2026-07-13T21:00:00Z,144.04500175
2026-07-13T22:00:00Z,139.58499925
2026-07-13T23:00:00Z,133.8875005
2026-07-14T00:00:00Z,127.35000025
2026-07-14T01:00:00Z,127.21749875
2026-07-14T02:00:00Z,127.65000175
2026-07-14T03:00:00Z,135.0200005
2026-07-14T04:00:00Z,146.0825005
2026-07-14T05:00:00Z,150.0249975
2026-07-14T06:00:00Z,135.58749775
2026-07-14T07:00:00Z,121.7300015
2026-07-14T08:00:00Z,106.84999825
2026-07-14T09:00:00Z,88.14250200000001
2026-07-14T10:00:00Z,59.9399995
2026-07-14T11:00:00Z,46.9175005
2026-07-14T12:00:00Z,52.045
2026-07-14T13:00:00Z,64.8499985
2026-07-14T14:00:00Z,90.99499875
2026-07-14T15:00:00Z,115.68499975
2026-07-14T16:00:00Z,136.52250275
2026-07-14T17:00:00Z,158.02000049999998
2026-07-14T18:00:00Z,181.30999775
2026-07-14T19:00:00Z,175.287506
2026-07-14T20:00:00Z,168.7649995
2026-07-14T21:00:00Z,151.519997
2026-07-14T22:00:00Z,153.41249825
2026-07-14T23:00:00Z,144.44749825
2026-07-15T00:00:00Z,138.94499975
2026-07-15T01:00:00Z,135.5374985
2026-07-15T02:00:00Z,139.54249950000002
2026-07-15T03:00:00Z,148.8875005
2026-07-15T04:00:00Z,165.42750175
2026-07-15T05:00:00Z,165.78499975
2026-07-15T06:00:00Z,155.7874985
2026-07-15T07:00:00Z,135.1050015
2026-07-15T08:00:00Z,110.78750025
2026-07-15T09:00:00Z,94.960001
2026-07-15T10:00:00Z,71.44750125
2026-07-15T11:00:00Z,60.63250075
2026-07-15T12:00:00Z,60.477499
2026-07-15T13:00:00Z,70.07499875
2026-07-15T14:00:00Z,96.48750125
2026-07-15T15:00:00Z,119
2026-07-15T16:00:00Z,144.70249925
2026-07-15T17:00:00Z,179.22500250000002
2026-07-15T18:00:00Z,205.8325005
2026-07-15T19:00:00Z,201.41
2026-07-15T20:00:00Z,188.380001
2026-07-15T21:00:00Z,171.41500075
2026-07-15T22:00:00Z,166.0324975
2026-07-15T23:00:00Z,159.20000075000002
2026-07-16T00:00:00Z,152.88749675
2026-07-16T01:00:00Z,148.95500175
2026-07-16T02:00:00Z,151.84750375
2026-07-16T03:00:00Z,159.44249725
2026-07-16T04:00:00Z,174.887501
2026-07-16T05:00:00Z,172.4974975
2026-07-16T06:00:00Z,157.8150025
2026-07-16T07:00:00Z,137.19250125
2026-07-16T08:00:00Z,118.55750275
2026-07-16T09:00:00Z,107.245001
2026-07-16T10:00:00Z,94.6000005
2026-07-16T11:00:00Z,87.27749825000001
2026-07-16T12:00:00Z,96.32750125
2026-07-16T13:00:00Z,109.52499975
2026-07-16T14:00:00Z,119.60999875
2026-07-16T15:00:00Z,140.19750025
2026-07-16T16:00:00Z,178.9699975
2026-07-16T17:00:00Z,238.42499925
2026-07-16T18:00:00Z,306.6900025
2026-07-16T19:00:00Z,259.1875
2026-07-16T20:00:00Z,206.84
2026-07-16T21:00:00Z,180.31250375
2026-07-16T22:00:00Z,170.56499875
2026-07-16T23:00:00Z,161.45000075000002
2026-07-17T00:00:00Z,151.97500225
2026-07-17T01:00:00Z,143.93999875
2026-07-17T02:00:00Z,142.89999775
2026-07-17T03:00:00Z,152.892498
2026-07-17T04:00:00Z,164.66750325
2026-07-17T05:00:00Z,165.4075015
2026-07-17T06:00:00Z,157.36249924999998
2026-07-17T07:00:00Z,135.41999825
2026-07-17T08:00:00Z,128.60499775
2026-07-17T09:00:00Z,113.83
2026-07-17T10:00:00Z,103.78750025
2026-07-17T11:00:00Z,98.19999875
2026-07-17T12:00:00Z,98.45000075
2026-07-17T13:00:00Z,105.80500025
2026-07-17T14:00:00Z,114.86000075
2026-07-17T15:00:00Z,127.7425005
2026-07-17T16:00:00Z,138.49500075
2026-07-17T17:00:00Z,152.06249975
2026-07-17T18:00:00Z,160.1025005
2026-07-17T19:00:00Z,167.41999825
2026-07-17T20:00:00Z,164.9075015
2026-07-17T21:00:00Z,158.25249875
2026-07-17T22:00:00Z,156.1900025
2026-07-17T23:00:00Z,145.36750025
2026-07-18T00:00:00Z,142
2026-07-18T01:00:00Z,135.300003
2026-07-18T02:00:00Z,132.619999
2026-07-18T03:00:00Z,124.97999975
2026-07-18T04:00:00Z,120.80000125
2026-07-18T05:00:00Z,112.14749925
2026-07-18T06:00:00Z,97.36000075
2026-07-18T07:00:00Z,44.822499750000006
2026-07-18T08:00:00Z,10.02
2026-07-18T09:00:00Z,0.315
2026-07-18T10:00:00Z,-0.035
2026-07-18T11:00:00Z,-0.7575
2026-07-18T12:00:00Z,-1.345
2026-07-18T13:00:00Z,-1.755
2026-07-18T14:00:00Z,-0.12000000000000002
2026-07-18T15:00:00Z,0.9725
2026-07-18T16:00:00Z,57.15999875
2026-07-18T17:00:00Z,105.30249975
2026-07-18T18:00:00Z,126.84499925
2026-07-18T19:00:00Z,136.00249875
2026-07-18T20:00:00Z,140.38500225
2026-07-18T21:00:00Z,138.869999
2026-07-18T22:00:00Z,138.697502
2026-07-18T23:00:00Z,130.7424985
2026-07-19T00:00:00Z,121.8999995
2026-07-19T01:00:00Z,118.879999
2026-07-19T02:00:00Z,115.05249975
2026-07-19T03:00:00Z,108.9974995
2026-07-19T04:00:00Z,100.9524995
2026-07-19T05:00:00Z,86.90500075
2026-07-19T06:00:00Z,42.36499975
2026-07-19T07:00:00Z,4.05
2026-07-19T08:00:00Z,0.0125
2026-07-19T09:00:00Z,-0.0425
2026-07-19T10:00:00Z,-0.0675
2026-07-19T11:00:00Z,-0.01
2026-07-19T12:00:00Z,-0.0375
2026-07-19T13:00:00Z,0.2525
2026-07-19T14:00:00Z,0.7925
2026-07-19T15:00:00Z,2.88
2026-07-19T16:00:00Z,48.43000125
2026-07-19T17:00:00Z,117.18749975
2026-07-19T18:00:00Z,140.6175005
2026-07-19T19:00:00Z,145.36999875
2026-07-19T20:00:00Z,143.970001
2026-07-19T21:00:00Z,136.73249825
2026-07-19T22:00:00Z,147.45250325
2026-07-19T23:00:00Z,138.48249825
2026-07-20T00:00:00Z,129.21500175
2026-07-20T01:00:00Z,123.89500025
2026-07-20T02:00:00Z,130.342499
2026-07-20T03:00:00Z,138.36499775
2026-07-20T04:00:00Z,149.3350025
2026-07-20T05:00:00Z,150.617504
2026-07-20T06:00:00Z,130.9974995
2026-07-20T07:00:00Z,92.71750075
2026-07-20T08:00:00Z,60.7349995
2026-07-20T09:00:00Z,18.63249975
2026-07-20T10:00:00Z,14.52250025
2026-07-20T11:00:00Z,3.7525
2026-07-20T12:00:00Z,6.2375
2026-07-20T13:00:00Z,6.6899999999999995
2026-07-20T14:00:00Z,21.20999975
2026-07-20T15:00:00Z,76.16499999999999
2026-07-20T16:00:00Z,120.1124955
2026-07-20T17:00:00Z,159.00250225
2026-07-20T18:00:00Z,178.3549995
2026-07-20T19:00:00Z,179.8549995
2026-07-20T20:00:00Z,174.8149985
2026-07-20T21:00:00Z,159.24250025
2026-07-20T22:00:00Z,148.24249650000002
2026-07-20T23:00:00Z,149.1299975
2026-07-21T00:00:00Z,142.83249675000002
2026-07-21T01:00:00Z,138.49999625
2026-07-21T02:00:00Z,138.96000275
2026-07-21T03:00:00Z,144.16000350000002
2026-07-21T04:00:00Z,157.47750075
2026-07-21T05:00:00Z,154.42750175
2026-07-21T06:00:00Z,145.37750075
2026-07-21T07:00:00Z,114.88249975
2026-07-21T08:00:00Z,82.2349985
2026-07-21T09:00:00Z,43.72500025
2026-07-21T10:00:00Z,10.525
2026-07-21T11:00:00Z,4.0775
2026-07-21T12:00:00Z,3.8375
2026-07-21T13:00:00Z,14.3425
2026-07-21T14:00:00Z,60.44749925
2026-07-21T15:00:00Z,101.299999
2026-07-21T16:00:00Z,135.26250075000002
2026-07-21T17:00:00Z,153.705002
2026-07-21T18:00:00Z,171.73999800000001
2026-07-21T19:00:00Z,170.39749925
2026-07-21T20:00:00Z,163.26749825000002
2026-07-21T21:00:00Z,151.4375
2026-07-21T22:00:00Z,137.24249675
2026-07-21T23:00:00Z,128.369999
2026-07-22T00:00:00Z,124.02250125
2026-07-22T01:00:00Z,119.7175005
2026-07-22T02:00:00Z,116.68000025
2026-07-22T03:00:00Z,112.43249900000001
2026-07-22T04:00:00Z,119.302498
2026-07-22T05:00:00Z,123.64000125
2026-07-22T06:00:00Z,111.7800025
2026-07-22T07:00:00Z,90.37249925
2026-07-22T08:00:00Z,67.102502
2026-07-22T09:00:00Z,32.999999
2026-07-22T10:00:00Z,12.3225
2026-07-22T11:00:00Z,2.775
2026-07-22T12:00:00Z,1.81
2026-07-22T13:00:00Z,2.1825
2026-07-22T14:00:00Z,9.91250025
2026-07-22T15:00:00Z,63.3125005
2026-07-22T16:00:00Z,107.34249875
2026-07-22T17:00:00Z,127.8324985
2026-07-22T18:00:00Z,137.529999
2026-07-22T19:00:00Z,142.375
2026-07-22T20:00:00Z,141.2075005
2026-07-22T21:00:00Z,133.272499
2026-07-22T22:00:00Z,134.48500074999998
2026-07-22T23:00:00Z,136.02000025
2026-07-23T00:00:00Z,133.1399995
2026-07-23T01:00:00Z,132.404999
2026-07-23T02:00:00Z,135.61750025
2026-07-23T03:00:00Z,137.70000475
2026-07-23T04:00:00Z,158.8675005
2026-07-23T05:00:00Z,167.744999
2026-07-23T06:00:00Z,160.00749975
2026-07-23T07:00:00Z,134.50000025
2026-07-23T08:00:00Z,103.58749975
2026-07-23T09:00:00Z,82.1499995
2026-07-23T10:00:00Z,33.53000075
2026-07-23T11:00:00Z,8.450000249999999
2026-07-23T12:00:00Z,4.9425
2026-07-23T13:00:00Z,7
2026-07-23T14:00:00Z,27.0624995
2026-07-23T15:00:00Z,96.632501
2026-07-23T16:00:00Z,142.57999975
2026-07-23T17:00:00Z,166.100002
2026-07-23T18:00:00Z,184.82749925
2026-07-23T19:00:00Z,189.999996
2026-07-23T20:00:00Z,186.5424995
2026-07-23T21:00:00Z,170.41999825
2026-07-23T22:00:00Z,161.00249875
2026-07-23T23:00:00Z,157.0974995
2026-07-24T00:00:00Z,150.817501
2026-07-24T01:00:00Z,143.80750275
2026-07-24T02:00:00Z,144.2050055
2026-07-24T03:00:00Z,150.720001
2026-07-24T04:00:00Z,159.630001
2026-07-24T05:00:00Z,162.24999624999998
2026-07-24T06:00:00Z,159.95999899999998
2026-07-24T07:00:00Z,132.86250125
2026-07-24T08:00:00Z,105.05749900000001
2026-07-24T09:00:00Z,78.7924995
2026-07-24T10:00:00Z,48.7949995
2026-07-24T11:00:00Z,23.98500025
2026-07-24T12:00:00Z,8
2026-07-24T13:00:00Z,16.79000025
2026-07-24T14:00:00Z,68.2425005
2026-07-24T15:00:00Z,112.6949995
2026-07-24T16:00:00Z,150
2026-07-24T17:00:00Z,176.72749725
2026-07-24T18:00:00Z,201.14749925
2026-07-24T19:00:00Z,204.200001
2026-07-24T20:00:00Z,194.90250025
2026-07-24T21:00:00Z,180.11499800000001
2026-07-24T22:00:00Z,166.29499825
2026-07-24T23:00:00Z,161.32
2026-07-25T00:00:00Z,159.0999985
2026-07-25T01:00:00Z,156.9799995
2026-07-25T02:00:00Z,145.10999700000002
2026-07-25T03:00:00Z,134.0075035
2026-07-25T04:00:00Z,127.61999725
2026-07-25T05:00:00Z,115.160002
2026-07-25T06:00:00Z,83.340002
2026-07-25T07:00:00Z,11.16999975
2026-07-25T08:00:00Z,-0.1175
2026-07-25T09:00:00Z,-2.6075
2026-07-25T10:00:00Z,-5.505
2026-07-25T11:00:00Z,-8
2026-07-25T12:00:00Z,-12.67
2026-07-25T13:00:00Z,-3.3275
2026-07-25T14:00:00Z,-0.3225
2026-07-25T15:00:00Z,11.3699995
2026-07-25T16:00:00Z,90.867501
2026-07-25T17:00:00Z,141.0475005
2026-07-25T18:00:00Z,156.3825
2026-07-25T19:00:00Z,168.95000075000002
2026-07-25T20:00:00Z,165.482502
2026-07-25T21:00:00Z,159.99999975
2026-07-25T22:00:00Z,152.715
2026-07-25T23:00:00Z,147.779999
2026-07-26T00:00:00Z,146.999996
2026-07-26T01:00:00Z,150.16500100000002
2026-07-26T02:00:00Z,144.68000025
2026-07-26T03:00:00Z,136.29249950000002
2026-07-26T04:00:00Z,123.864998
2026-07-26T05:00:00Z,110.07250025
2026-07-26T06:00:00Z,108.460001
2026-07-26T07:00:00Z,76.41749875
2026-07-26T08:00:00Z,11.53000025
2026-07-26T09:00:00Z,-0.0025
2026-07-26T10:00:00Z,-0.02
2026-07-26T11:00:00Z,-0.005
2026-07-26T12:00:00Z,0.24
2026-07-26T13:00:00Z,0.6275
2026-07-26T14:00:00Z,9.21750025
2026-07-26T15:00:00Z,58.79000175
2026-07-26T16:00:00Z,107.61750025
2026-07-26T17:00:00Z,137.64250175
2026-07-26T18:00:00Z,155.13999950000002
2026-07-26T19:00:00Z,152.887501
2026-07-26T20:00:00Z,148.39499675000002
2026-07-26T21:00:00Z,136.79500000000002
2026-07-26T22:00:00Z,84.09750175
2026-07-26T23:00:00Z,69.745001
2026-07-27T00:00:00Z,61.09000025
2026-07-27T01:00:00Z,61.362499
2026-07-27T02:00:00Z,70.0650005
2026-07-27T03:00:00Z,86.40000075
2026-07-27T04:00:00Z,113.1624985
2026-07-27T05:00:00Z,113.3225
2026-07-27T06:00:00Z,105.9174975
2026-07-27T07:00:00Z,74.17749875
2026-07-27T08:00:00Z,23.6525
2026-07-27T09:00:00Z,1.655
2026-07-27T10:00:00Z,0.4675
2026-07-27T11:00:00Z,0.9375
2026-07-27T12:00:00Z,-0.01
2026-07-27T13:00:00Z,-0.0325
2026-07-27T14:00:00Z,0.0275
2026-07-27T15:00:00Z,14.0875
2026-07-27T16:00:00Z,83.89250125
2026-07-27T17:00:00Z,124.385
2026-07-27T18:00:00Z,133.3449995
2026-07-27T19:00:00Z,147.58749775
2026-07-27T20:00:00Z,148.3099975
2026-07-27T21:00:00Z,145.4974975
2026-07-27T22:00:00Z,158.295002
2026-07-27T23:00:00Z,147.782501
2026-07-28T00:00:00Z,140.7975005
2026-07-28T01:00:00Z,135.107502
2026-07-28T02:00:00Z,134.8125
2026-07-28T03:00:00Z,137.60999675
2026-07-28T04:00:00Z,152.52999875
2026-07-28T05:00:00Z,150.9000015
2026-07-28T06:00:00Z,143.1949995
2026-07-28T07:00:00Z,115.41750125
2026-07-28T08:00:00Z,40.1699995
2026-07-28T09:00:00Z,3.5725
2026-07-28T10:00:00Z,0.17500000000000002
2026-07-28T11:00:00Z,1.2275
2026-07-28T12:00:00Z,1.2525
2026-07-28T13:00:00Z,3.4575
2026-07-28T14:00:00Z,44.2350005
2026-07-28T15:00:00Z,106.89000125
2026-07-28T16:00:00Z,155.4624995
2026-07-28T17:00:00Z,195.4400025
2026-07-28T18:00:00Z,215.56249975
2026-07-28T19:00:00Z,209.9275055
2026-07-28T20:00:00Z,193.95749675
2026-07-28T21:00:00Z,171.6349985
2026-07-28T22:00:00Z,152.4225045
2026-07-28T23:00:00Z,147.24000175
2026-07-29T00:00:00Z,136.720001
2026-07-29T01:00:00Z,135.00249875
2026-07-29T02:00:00Z,139.61750025
2026-07-29T03:00:00Z,147.14499675000002
2026-07-29T04:00:00Z,166.5825005
2026-07-29T05:00:00Z,159.7850035
2026-07-29T06:00:00Z,145.4074975
2026-07-29T07:00:00Z,122.02750025
2026-07-29T08:00:00Z,84.640001
2026-07-29T09:00:00Z,29.034999749999997
2026-07-29T10:00:00Z,2.8575
2026-07-29T11:00:00Z,2.0325
2026-07-29T12:00:00Z,1.4775
2026-07-29T13:00:00Z,8.56500025
2026-07-29T14:00:00Z,76.09
2026-07-29T15:00:00Z,125.00999825
2026-07-29T16:00:00Z,162.1675035
2026-07-29T17:00:00Z,242.7975045
2026-07-29T18:00:00Z,261.7950095
2026-07-29T19:00:00Z,224.397499
2026-07-29T20:00:00Z,192.92500275
2026-07-29T21:00:00Z,167.232502
2026-07-29T22:00:00Z,149.75500125
2026-07-29T23:00:00Z,142.38500225
2026-07-30T00:00:00Z,139.99750125
2026-07-30T01:00:00Z,135.210003
2026-07-30T02:00:00Z,132.4925005
2026-07-30T03:00:00Z,136.4225005
2026-07-30T04:00:00Z,147.1399995
2026-07-30T05:00:00Z,146.6900005
2026-07-30T06:00:00Z,138.342499
2026-07-30T07:00:00Z,118.54249975
2026-07-30T08:00:00Z,84.924999
2026-07-30T09:00:00Z,35.46000125
2026-07-30T10:00:00Z,6.0675
2026-07-30T11:00:00Z,4.9125
2026-07-30T12:00:00Z,17.29750075
2026-07-30T13:00:00Z,67.02249975000001
2026-07-30T14:00:00Z,99.6975
2026-07-30T15:00:00Z,126.58000175
2026-07-30T16:00:00Z,148.937496
2026-07-30T17:00:00Z,174.92000174999998
2026-07-30T18:00:00Z,197.7850035
2026-07-30T19:00:00Z,206.755001
2026-07-30T20:00:00Z,190.2975005
2026-07-30T21:00:00Z,170.829998
2026-07-30T22:00:00Z,168.16500075
2026-07-30T23:00:00Z,162.7199975
2026-07-31T00:00:00Z,154.829998
2026-07-31T01:00:00Z,153.47999975
2026-07-31T02:00:00Z,154.454998
2026-07-31T03:00:00Z,163.0949975
2026-07-31T04:00:00Z,177.61000075
2026-07-31T05:00:00Z,172.36499800000001
2026-07-31T06:00:00Z,159.1324995
2026-07-31T07:00:00Z,142.25249875
2026-07-31T08:00:00Z,123.2024975
2026-07-31T09:00:00Z,102.2875005
2026-07-31T10:00:00Z,94.11249925
2026-07-31T11:00:00Z,83.26749975
2026-07-31T12:00:00Z,86.285
2026-07-31T13:00:00Z,101.7749995
2026-07-31T14:00:00Z,119.21499825
2026-07-31T15:00:00Z,144.522503
2026-07-31T16:00:00Z,162.00250225
2026-07-31T17:00:00Z,187.43750375
2026-07-31T18:00:00Z,194.8099975
2026-07-31T19:00:00Z,196.54499825
2026-07-31T20:00:00Z,191.329998
2026-07-31T21:00:00Z,170.05249800000001
2026-07-31T22:00:00Z,169.1850015
2026-07-31T23:00:00Z,162.369999
2026-08-01T00:00:00Z,156.642498
2026-08-01T01:00:00Z,154.24500275
2026-08-01T02:00:00Z,154.0424995
2026-08-01T03:00:00Z,155.0025025
2026-08-01T04:00:00Z,154.31749725
2026-08-01T05:00:00Z,146.42250074999998
2026-08-01T06:00:00Z,140.47749725
2026-08-01T07:00:00Z,122.7675
2026-08-01T08:00:00Z,97.51999875
2026-08-01T09:00:00Z,54.55500175
2026-08-01T10:00:00Z,16.0475
2026-08-01T11:00:00Z,5
2026-08-01T12:00:00Z,3.5775
2026-08-01T13:00:00Z,4.9975
2026-08-01T14:00:00Z,43.645
2026-08-01T15:00:00Z,104.909998
2026-08-01T16:00:00Z,142.70250099999998
2026-08-01T17:00:00Z,167.45000075000002
2026-08-01T18:00:00Z,180.67250075
2026-08-01T19:00:00Z,180.467499
2026-08-01T20:00:00Z,178.5475005
2026-08-01T21:00:00Z,170
2026-08-01T22:00:00Z,169.32250225
2026-08-01T23:00:00Z,159.86999925
2026-08-02T00:00:00Z,156.77249925
2026-08-02T01:00:00Z,154.21249775
2026-08-02T02:00:00Z,153.28499975
2026-08-02T03:00:00Z,158.82749925000002
2026-08-02T04:00:00Z,151.1074985
2026-08-02T05:00:00Z,138.6775
2026-08-02T06:00:00Z,122.180002
2026-08-02T07:00:00Z,62.084999
2026-08-02T08:00:00Z,3.0599999999999996
2026-08-02T09:00:00Z,0.2725
2026-08-02T10:00:00Z,2.025
2026-08-02T11:00:00Z,2.2125
2026-08-02T12:00:00Z,2.025
2026-08-02T13:00:00Z,3.72
2026-08-02T14:00:00Z,8.3075
2026-08-02T15:00:00Z,92.8375005
2026-08-02T16:00:00Z,146.36499975
2026-08-02T17:00:00Z,176.267498
2026-08-02T18:00:00Z,185.3425025
2026-08-02T19:00:00Z,177.1150015
2026-08-02T20:00:00Z,167.0475005
2026-08-02T21:00:00Z,151.8300015
2026-08-02T22:00:00Z,138.65999975
2026-08-02T23:00:00Z,134.27750025
2026-08-03T00:00:00Z,131.23500075
2026-08-03T01:00:00Z,129.22249625
2026-08-03T02:00:00Z,132.0024985
2026-08-03T03:00:00Z,142.79750075
2026-08-03T04:00:00Z,168.22250375
2026-08-03T05:00:00Z,164.335003
2026-08-03T06:00:00Z,150
2026-08-03T07:00:00Z,134.4024985
2026-08-03T08:00:00Z,110.1875
2026-08-03T09:00:00Z,64.52750025
2026-08-03T10:00:00Z,20.89250025
2026-08-03T11:00:00Z,14.2525005
2026-08-03T12:00:00Z,21.34499975
2026-08-03T13:00:00Z,59.607501
2026-08-03T14:00:00Z,102.48749925
2026-08-03T15:00:00Z,138.51000225
2026-08-03T16:00:00Z,161.919998
2026-08-03T17:00:00Z,198.4174995
2026-08-03T18:00:00Z,203.56999575
2026-08-03T19:00:00Z,186.4375
2026-08-03T20:00:00Z,172.85749825
2026-08-03T21:00:00Z,156.22500250000002
2026-08-03T22:00:00Z,153.12000275
2026-08-03T23:00:00Z,143.80999775
2026-08-04T00:00:00Z,138.10250100000002
2026-08-04T01:00:00Z,136.300003
2026-08-04T02:00:00Z,142.299999
2026-08-04T03:00:00Z,154.59000025
2026-08-04T04:00:00Z,165.675003
2026-08-04T05:00:00Z,169.20499825000002
2026-08-04T06:00:00Z,161.49000175
2026-08-04T07:00:00Z,146.537504
2026-08-04T08:00:00Z,124.1449985
2026-08-04T09:00:00Z,103.68000025
2026-08-04T10:00:00Z,87.3125
2026-08-04T11:00:00Z,76.464998
2026-08-04T12:00:00Z,84.06250025
2026-08-04T13:00:00Z,108.675001
2026-08-04T14:00:00Z,125.9450015
2026-08-04T15:00:00Z,151.352497
2026-08-04T16:00:00Z,167.5600015
2026-08-04T17:00:00Z,226.829998
2026-08-04T18:00:00Z,239.55249775
2026-08-04T19:00:00Z,212
2026-08-04T20:00:00Z,184.67499525
2026-08-04T21:00:00Z,161.68500125
2026-08-04T22:00:00Z,154.36000075
2026-08-04T23:00:00Z,148.74499525
2026-08-05T00:00:00Z,147.192501
2026-08-05T01:00:00Z,143.345001
2026-08-05T02:00:00Z,138.07749575
2026-08-05T03:00:00Z,136.19750225
2026-08-05T04:00:00Z,138.9999965
2026-08-05T05:00:00Z,149.19499975
2026-08-05T06:00:00Z,138.92500124999998
2026-08-05T07:00:00Z,112.0375005
2026-08-05T08:00:00Z,64.7424995
2026-08-05T09:00:00Z,9.665
2026-08-05T10:00:00Z,2.67
2026-08-05T11:00:00Z,2.705
2026-08-05T12:00:00Z,2.4625000000000004
2026-08-05T13:00:00Z,0.5800000000000001
2026-08-05T14:00:00Z,7.765000000000001
2026-08-05T15:00:00Z,60.38249975
2026-08-05T16:00:00Z,119.8949985
2026-08-05T17:00:00Z,158.53000275
2026-08-05T18:00:00Z,169.09999875
2026-08-05T19:00:00Z,173.01250075000002
2026-08-05T20:00:00Z,168.07499725
2026-08-05T21:00:00Z,157.170002
2026-08-05T22:00:00Z,148.37500025
2026-08-05T23:00:00Z,141.609997
2026-08-06T00:00:00Z,127.55000125
2026-08-06T01:00:00Z,121.12999925
2026-08-06T02:00:00Z,116.82750125
2026-08-06T03:00:00Z,119.034998
2026-08-06T04:00:00Z,123.000002
2026-08-06T05:00:00Z,126.449999
2026-08-06T06:00:00Z,108.7299995
2026-08-06T07:00:00Z,84.5600005
2026-08-06T08:00:00Z,25.3000005
2026-08-06T09:00:00Z,0.39
2026-08-06T10:00:00Z,0.1075
2026-08-06T11:00:00Z,1.3525
2026-08-06T12:00:00Z,1.46
2026-08-06T13:00:00Z,0.025
2026-08-06T14:00:00Z,0.015
2026-08-06T15:00:00Z,34.642500500000004
2026-08-06T16:00:00Z,80
2026-08-06T17:00:00Z,107.57250025
2026-08-06T18:00:00Z,125.23499725
2026-08-06T19:00:00Z,128.59249875
2026-08-06T20:00:00Z,136.640003
2026-08-06T21:00:00Z,135.097504
2026-08-06T22:00:00Z,130.38750075000002
2026-08-06T23:00:00Z,128.277502
2026-08-07T00:00:00Z,128.0949975
2026-08-07T01:00:00Z,125.41250025
2026-08-07T02:00:00Z,125.2675015
2026-08-07T03:00:00Z,131.64749925
2026-08-07T04:00:00Z,142.3374975
2026-08-07T05:00:00Z,147.11999875
2026-08-07T06:00:00Z,142.875002
2026-08-07T07:00:00Z,125.99999825
2026-08-07T08:00:00Z,101.13499825
2026-08-07T09:00:00Z,66.3324985
2026-08-07T10:00:00Z,31.0024995
2026-08-07T11:00:00Z,16.747500249999998
2026-08-07T12:00:00Z,21.61499975
2026-08-07T13:00:00Z,46.53249825
2026-08-07T14:00:00Z,85.69750025
2026-08-07T15:00:00Z,115.505001
2026-08-07T16:00:00Z,140.87250125
2026-08-07T17:00:00Z,170.22999975
2026-08-07T18:00:00Z,196.39749875
2026-08-07T19:00:00Z,195.09749975
2026-08-07T20:00:00Z,178.39750275
2026-08-07T21:00:00Z,165.72249575
2026-08-07T22:00:00Z,155.23249825
2026-08-07T23:00:00Z,148.694996
2026-08-08T00:00:00Z,144.85999700000002
2026-08-08T01:00:00Z,143.6399995
2026-08-08T02:00:00Z,141.51750175
2026-08-08T03:00:00Z,144.334999
2026-08-08T04:00:00Z,146.04000075
2026-08-08T05:00:00Z,137.6974965
2026-08-08T06:00:00Z,115.0324995
2026-08-08T07:00:00Z,62.5449995
2026-08-08T08:00:00Z,4.5125
2026-08-08T09:00:00Z,1.885
2026-08-08T10:00:00Z,1.025
2026-08-08T11:00:00Z,0
2026-08-08T12:00:00Z,0.5525
2026-08-08T13:00:00Z,0.7125
2026-08-08T14:00:00Z,1.6825
2026-08-08T15:00:00Z,67.76750150000001
2026-08-08T16:00:00Z,139.1875
2026-08-08T17:00:00Z,167.2800025
2026-08-08T18:00:00Z,183.94750175
2026-08-08T19:00:00Z,179.420002
2026-08-08T20:00:00Z,170.84999475
2026-08-08T21:00:00Z,154.420002
2026-08-08T22:00:00Z,145.27499775
2026-08-08T23:00:00Z,139.34499725
2026-08-09T00:00:00Z,136.442501
2026-08-09T01:00:00Z,133.95000075000002
2026-08-09T02:00:00Z,134.02750025
2026-08-09T03:00:00Z,135.0000035
2026-08-09T04:00:00Z,131.79749875
2026-08-09T05:00:00Z,118.07250225
2026-08-09T06:00:00Z,91.59250175
2026-08-09T07:00:00Z,27.28750025
2026-08-09T08:00:00Z,0.44
2026-08-09T09:00:00Z,0.0925
2026-08-09T10:00:00Z,0.0225
2026-08-09T11:00:00Z,0
2026-08-09T12:00:00Z,-0.01
2026-08-09T13:00:00Z,-0.015
2026-08-09T14:00:00Z,3.805
2026-08-09T15:00:00Z,81.90000024999999
2026-08-09T16:00:00Z,150.5824985
2026-08-09T17:00:00Z,167.98749925
2026-08-09T18:00:00Z,175.607498
2026-08-09T19:00:00Z,174.13249625
2026-08-09T20:00:00Z,170.00000375
2026-08-09T21:00:00Z,157
2026-08-09T22:00:00Z,146.375
2026-08-09T23:00:00Z,137.6450005
2026-08-10T00:00:00Z,131.1675015
2026-08-10T01:00:00Z,126.7325
2026-08-10T02:00:00Z,127.430002
2026-08-10T03:00:00Z,143.07500075000002
2026-08-10T04:00:00Z,163.26499925
2026-08-10T05:00:00Z,164.7125015
2026-08-10T06:00:00Z,160.88500225
2026-08-10T07:00:00Z,138.88249975
2026-08-10T08:00:00Z,111.7299995
2026-08-10T09:00:00Z,79.307501
2026-08-10T10:00:00Z,39.25499975
2026-08-10T11:00:00Z,10.93750025
2026-08-10T12:00:00Z,7.5425
2026-08-10T13:00:00Z,10.165
2026-08-10T14:00:00Z,42.200001
2026-08-10T15:00:00Z,58.79999925
2026-08-10T16:00:00Z,85.21999925
2026-08-10T17:00:00Z,123.79999925
2026-08-10T18:00:00Z,135.00000375
2026-08-10T19:00:00Z,135.8174975
2026-08-10T20:00:00Z,132.4699975
2026-08-10T21:00:00Z,127.4575005
2026-08-10T22:00:00Z,111.8375015
2026-08-10T23:00:00Z,105.790001
2026-08-11T00:00:00Z,100.7000005
2026-08-11T01:00:00Z,94.727501
2026-08-11T02:00:00Z,100.01999875
2026-08-11T03:00:00Z,114.82250025
2026-08-11T04:00:00Z,127.83500275
2026-08-11T05:00:00Z,135.97750100000002
2026-08-11T06:00:00Z,129.46249975
2026-08-11T07:00:00Z,108.1000005
2026-08-11T08:00:00Z,56.75499925
2026-08-11T09:00:00Z,10.1525
2026-08-11T10:00:00Z,1.675
2026-08-11T11:00:00Z,1.6575
2026-08-11T12:00:00Z,1.62
2026-08-11T13:00:00Z,4.24
2026-08-11T14:00:00Z,42.74249925
2026-08-11T15:00:00Z,109.1450005
2026-08-11T16:00:00Z,145.57499875
2026-08-11T17:00:00Z,176.0925025
2026-08-11T18:00:00Z,200.4474985
2026-08-11T19:00:00Z,190.28999725
2026-08-11T20:00:00Z,172.18000425
2026-08-11T21:00:00Z,153.409996
2026-08-11T22:00:00Z,155.192501
2026-08-11T23:00:00Z,149.50499725
2026-08-12T00:00:00Z,143.29999925
2026-08-12T01:00:00Z,139.752502
2026-08-12T02:00:00Z,139.89999775
2026-08-12T03:00:00Z,153.4999965
2026-08-12T04:00:00Z,172.47999950000002
2026-08-12T05:00:00Z,167.54250325
2026-08-12T06:00:00Z,155.232502
2026-08-12T07:00:00Z,129.2524985
2026-08-12T08:00:00Z,87.42249975
2026-08-12T09:00:00Z,39.914999
2026-08-12T10:00:00Z,14.57
2026-08-12T11:00:00Z,13.475
2026-08-12T12:00:00Z,14.6975
2026-08-12T13:00:00Z,39.89750075
2026-08-12T14:00:00Z,96.39500025
2026-08-12T15:00:00Z,140.58750125
2026-08-12T16:00:00Z,183.6399995
2026-08-12T17:00:00Z,300
2026-08-12T18:00:00Z,300.420002
2026-08-12T19:00:00Z,229.61999875
2026-08-12T20:00:00Z,190.66249825
2026-08-12T21:00:00Z,172.10000225
2026-08-12T22:00:00Z,154.10249725
2026-08-12T23:00:00Z,147.59249875
2026-08-13T00:00:00Z,143.42250075
2026-08-13T01:00:00Z,142.72249975
2026-08-13T02:00:00Z,144.920002
2026-08-13T03:00:00Z,157.3974955
2026-08-13T04:00:00Z,174.23250175
2026-08-13T05:00:00Z,171.0975035
2026-08-13T06:00:00Z,156.79999924999998
2026-08-13T07:00:00Z,135.9900015
2026-08-13T08:00:00Z,109.55750275
2026-08-13T09:00:00Z,55.779999
2026-08-13T10:00:00Z,25.097499749999997
2026-08-13T11:00:00Z,44.695
2026-08-13T12:00:00Z,26.9674995
2026-08-13T13:00:00Z,48.73749875
2026-08-13T14:00:00Z,111.4375
2026-08-13T15:00:00Z,149.96999925
2026-08-13T16:00:00Z,203.99749775
2026-08-13T17:00:00Z,326.600006
2026-08-13T18:00:00Z,338.862503
2026-08-13T19:00:00Z,270.010002
2026-08-13T20:00:00Z,213.4824985
2026-08-13T21:00:00Z,175.04499825
2026-08-13T22:00:00Z,158.41500100000002
2026-08-13T23:00:00Z,151.3499985
2026-08-14T00:00:00Z,145.72999575
2026-08-14T01:00:00Z,142.0499955
2026-08-14T02:00:00Z,143.9074975
2026-08-14T03:00:00Z,154.6974985
2026-08-14T04:00:00Z,171.95999899999998
2026-08-14T05:00:00Z,170.0825005
2026-08-14T06:00:00Z,151.2350025
2026-08-14T07:00:00Z,137.4100015
2026-08-14T08:00:00Z,104.65000175
2026-08-14T09:00:00Z,61.50000025
2026-08-14T10:00:00Z,25.09500075
2026-08-14T11:00:00Z,13.43
2026-08-14T12:00:00Z,19.8975
2026-08-14T13:00:00Z,65.51
2026-08-14T14:00:00Z,116.3200015
2026-08-14T15:00:00Z,143.65500075
2026-08-14T16:00:00Z,180
2026-08-14T17:00:00Z,247.032501
2026-08-14T18:00:00Z,264.09000775
2026-08-14T19:00:00Z,231.56999975
2026-08-14T20:00:00Z,198
2026-08-14T21:00:00Z,177.51750175
2026-08-14T22:00:00Z,169.4474985
2026-08-14T23:00:00Z,162.39750275
2026-08-15T00:00:00Z,156.90250025
2026-08-15T01:00:00Z,156.9375
2026-08-15T02:00:00Z,154.5149955
2026-08-15T03:00:00Z,153.84249875
2026-08-15T04:00:00Z,156.98249825
2026-08-15T05:00:00Z,154.92750175
2026-08-15T06:00:00Z,150.467495
2026-08-15T07:00:00Z,129
2026-08-15T08:00:00Z,84.5350005
2026-08-15T09:00:00Z,28.88750025
2026-08-15T10:00:00Z,7.0425
2026-08-15T11:00:00Z,2.9275
2026-08-15T12:00:00Z,5.03
2026-08-15T13:00:00Z,15.0975
2026-08-15T14:00:00Z,68.5875
2026-08-15T15:00:00Z,129.1850015
2026-08-15T16:00:00Z,157.45499825
2026-08-15T17:00:00Z,179.67250425
2026-08-15T18:00:00Z,184.9900015
2026-08-15T19:00:00Z,183.3424985
2026-08-15T20:00:00Z,179.592495
2026-08-15T21:00:00Z,173.9900015
2026-08-15T22:00:00Z,174.3125
2026-08-15T23:00:00Z,168.58750125
2026-08-16T00:00:00Z,165.329998
2026-08-16T01:00:00Z,157.53499975
2026-08-16T02:00:00Z,156.9000015
2026-08-16T03:00:00Z,156.945
2026-08-16T04:00:00Z,156.5999985
2026-08-16T05:00:00Z,150.37000275
2026-08-16T06:00:00Z,146.9925005
2026-08-16T07:00:00Z,124.5425015
2026-08-16T08:00:00Z,96.90000175
2026-08-16T09:00:00Z,61.23000075
2026-08-16T10:00:00Z,43.5300005
2026-08-16T11:00:00Z,27.3375
2026-08-16T12:00:00Z,36.5575005
2026-08-16T13:00:00Z,67.70250125
2026-08-16T14:00:00Z,116.13500225
2026-08-16T15:00:00Z,145.32500275
2026-08-16T16:00:00Z,169.39250175
2026-08-16T17:00:00Z,187.97000125
2026-08-16T18:00:00Z,200.01750175
2026-08-16T19:00:00Z,205.675003
2026-08-16T20:00:00Z,206.53499975
2026-08-16T21:00:00Z,192.64750275
2026-08-16T22:00:00Z,192.12749875
2026-08-16T23:00:00Z,178.80999375
2026-08-17T00:00:00Z,163.89999774999998
2026-08-17T01:00:00Z,160.27999875
2026-08-17T02:00:00Z,159.0699995
2026-08-17T03:00:00Z,174.96749875
2026-08-17T04:00:00Z,197.39999775
2026-08-17T05:00:00Z,205.14999775
2026-08-17T06:00:00Z,208.7575035
2026-08-17T07:00:00Z,198.727501
2026-08-17T08:00:00Z,175.362499
2026-08-17T09:00:00Z,166.85249725
2026-08-17T10:00:00Z,154.2775
2026-08-17T11:00:00Z,150.17500325
2026-08-17T12:00:00Z,141.294998
2026-08-17T13:00:00Z,138.54249575
2026-08-17T14:00:00Z,139.3600005
2026-08-17T15:00:00Z,148.25500125
2026-08-17T16:00:00Z,178.674999
2026-08-17T17:00:00Z,204.6674995
2026-08-17T18:00:00Z,213.494999
2026-08-17T19:00:00Z,210.0025025
2026-08-17T20:00:00Z,197.7050015
2026-08-17T21:00:00Z,179.91999825
2026-08-17T22:00:00Z,173.5674975
2026-08-17T23:00:00Z,159.7874985
2026-08-18T00:00:00Z,150.8050005
2026-08-18T01:00:00Z,148.392498
2026-08-18T02:00:00Z,149.22000125
2026-08-18T03:00:00Z,159.03000225
2026-08-18T04:00:00Z,184.869999
2026-08-18T05:00:00Z,191.22249975
2026-08-18T06:00:00Z,185.22000125
2026-08-18T07:00:00Z,161.9375
2026-08-18T08:00:00Z,152.30249800000001
2026-08-18T09:00:00Z,145.27500125
2026-08-18T10:00:00Z,136.460003
2026-08-18T11:00:00Z,131.59
2026-08-18T12:00:00Z,130.255001
2026-08-18T13:00:00Z,132.1375045
2026-08-18T14:00:00Z,138.79000100000002
2026-08-18T15:00:00Z,153.19499975
2026-08-18T16:00:00Z,176.74999975
2026-08-18T17:00:00Z,197.69249725
2026-08-18T18:00:00Z,200.77249925
2026-08-18T19:00:00Z,198.91750325
2026-08-18T20:00:00Z,191.3849985
2026-08-18T21:00:00Z,177.142498
2026-08-18T22:00:00Z,176.5999985
2026-08-18T23:00:00Z,157.60000250000002
2026-08-19T00:00:00Z,151.412502
2026-08-19T01:00:00Z,147.29999924999998
2026-08-19T02:00:00Z,148.9950025
2026-08-19T03:00:00Z,161.61500175
2026-08-19T04:00:00Z,184.71249775
2026-08-19T05:00:00Z,192.630001
2026-08-19T06:00:00Z,190.8650015
2026-08-19T07:00:00Z,169.67499924999998
2026-08-19T08:00:00Z,152.7599985
2026-08-19T09:00:00Z,142.96000275
2026-08-19T10:00:00Z,136.08250025
2026-08-19T11:00:00Z,129.0025005
2026-08-19T12:00:00Z,127.8650015
2026-08-19T13:00:00Z,131.08250225
2026-08-19T14:00:00Z,138.56999975
2026-08-19T15:00:00Z,153.817501
2026-08-19T16:00:00Z,183.72999975
2026-08-19T17:00:00Z,207.6525
2026-08-19T18:00:00Z,209.385002
2026-08-19T19:00:00Z,206.12250125
2026-08-19T20:00:00Z,199.09749975
2026-08-19T21:00:00Z,186.5475005
2026-08-19T22:00:00Z,172.71249775
2026-08-19T23:00:00Z,162.35000250000002
2026-08-20T00:00:00Z,153.732502
2026-08-20T01:00:00Z,147.987499
2026-08-20T02:00:00Z,148.48249825
2026-08-20T03:00:00Z,159.43499775
2026-08-20T04:00:00Z,182.6124955
2026-08-20T05:00:00Z,186.387497
2026-08-20T06:00:00Z,171.7475015
2026-08-20T07:00:00Z,154.50499725
2026-08-20T08:00:00Z,135.7424985
2026-08-20T09:00:00Z,112.29000125
2026-08-20T10:00:00Z,89.29250325
2026-08-20T11:00:00Z,82.79749875
2026-08-20T12:00:00Z,84.77750225
2026-08-20T13:00:00Z,93.38250175
2026-08-20T14:00:00Z,128.369999
2026-08-20T15:00:00Z,143.9474985
2026-08-20T16:00:00Z,164.42750175
2026-08-20T17:00:00Z,193.28250125
2026-08-20T18:00:00Z,201.1524965
2026-08-20T19:00:00Z,195.6174965
2026-08-20T20:00:00Z,187.9275015
2026-08-20T21:00:00Z,173.0149955
2026-08-20T22:00:00Z,170.3499985
2026-08-20T23:00:00Z,160.4900015
2026-08-21T00:00:00Z,152.3025015
2026-08-21T01:00:00Z,151.467499
2026-08-21T02:00:00Z,153.1624985
2026-08-21T03:00:00Z,165.71500025
2026-08-21T04:00:00Z,188.87499625
2026-08-21T05:00:00Z,193.89000325
2026-08-21T06:00:00Z,192.585003
2026-08-21T07:00:00Z,167.82999775000002
2026-08-21T08:00:00Z,148.99999975
2026-08-21T09:00:00Z,138.68000025
2026-08-21T10:00:00Z,134.42499925
2026-08-21T11:00:00Z,138.66749975
2026-08-21T12:00:00Z,140.03499975
2026-08-21T13:00:00Z,146.47500225
2026-08-21T14:00:00Z,151.90749725
2026-08-21T15:00:00Z,170.80749525
2026-08-21T16:00:00Z,189.6575015
2026-08-21T17:00:00Z,204.34999825
2026-08-21T18:00:00Z,204.16999825
2026-08-21T19:00:00Z,198.715004
2026-08-21T20:00:00Z,187.38750075
2026-08-21T21:00:00Z,173.5
2026-08-21T22:00:00Z,167.66499725
2026-08-21T23:00:00Z,161.5200005
2026-08-22T00:00:00Z,158.7125015
2026-08-22T01:00:00Z,154.34249875
2026-08-22T02:00:00Z,148.21500025
2026-08-22T03:00:00Z,144.51750175
2026-08-22T04:00:00Z,153.1100005
2026-08-22T05:00:00Z,142.50500075
2026-08-22T06:00:00Z,128.13000275000002
2026-08-22T07:00:00Z,90.1949995
2026-08-22T08:00:00Z,49.66
2026-08-22T09:00:00Z,18.94250025
2026-08-22T10:00:00Z,1.5725
2026-08-22T11:00:00Z,1.3450000000000002
2026-08-22T12:00:00Z,1.235
2026-08-22T13:00:00Z,1.2275
2026-08-22T14:00:00Z,1.66
2026-08-22T15:00:00Z,29.15249925
2026-08-22T16:00:00Z,104.78249925
2026-08-22T17:00:00Z,134.8199995
2026-08-22T18:00:00Z,137.43000025
2026-08-22T19:00:00Z,130.0075015
2026-08-22T20:00:00Z,124.01500125
2026-08-22T21:00:00Z,124.02750025
2026-08-22T22:00:00Z,128.672501
2026-08-22T23:00:00Z,124.017498
2026-08-23T00:00:00Z,118.0199965
2026-08-23T01:00:00Z,115.3050005
2026-08-23T02:00:00Z,113.999998
2026-08-23T03:00:00Z,116.2075025
2026-08-23T04:00:00Z,116.22249975
2026-08-23T05:00:00Z,102.09249875
2026-08-23T06:00:00Z,49.2875005
2026-08-23T07:00:00Z,1.325
2026-08-23T08:00:00Z,0.2775
2026-08-23T09:00:00Z,0.745
2026-08-23T10:00:00Z,1.6575
2026-08-23T11:00:00Z,1.535
2026-08-23T12:00:00Z,1.11
2026-08-23T13:00:00Z,-0.0025
2026-08-23T14:00:00Z,0.4575
2026-08-23T15:00:00Z,47.9750005
2026-08-23T16:00:00Z,142.54750074999998
2026-08-23T17:00:00Z,178.85500324999998
2026-08-23T18:00:00Z,184.83749775
2026-08-23T19:00:00Z,179.6875
2026-08-23T20:00:00Z,173.942501
2026-08-23T21:00:00Z,166.39249825000002
2026-08-23T22:00:00Z,160.8899995
2026-08-23T23:00:00Z,153.10749825
2026-08-24T00:00:00Z,148.64749925
2026-08-24T01:00:00Z,148.6225015
2026-08-24T02:00:00Z,150.800003
2026-08-24T03:00:00Z,171.11500175
2026-08-24T04:00:00Z,206.170002
2026-08-24T05:00:00Z,208.3325005
2026-08-24T06:00:00Z,178.52250275
2026-08-24T07:00:00Z,143.9375055
2026-08-24T08:00:00Z,110.765003
2026-08-24T09:00:00Z,78.64249925
2026-08-24T10:00:00Z,56.7250005
2026-08-24T11:00:00Z,60.71749975
2026-08-24T12:00:00Z,65.03499875
2026-08-24T13:00:00Z,85.0500005
2026-08-24T14:00:00Z,108.14250175
2026-08-24T15:00:00Z,143.47249775
2026-08-24T16:00:00Z,183.2024995
2026-08-24T17:00:00Z,220.75000375
2026-08-24T18:00:00Z,222.75749975
2026-08-24T19:00:00Z,188.9349975
2026-08-24T20:00:00Z,171.4275015
2026-08-24T21:00:00Z,154.35250075
2026-08-24T22:00:00Z,151.8775025
2026-08-24T23:00:00Z,146.369999
2026-08-25T00:00:00Z,142.32249825
2026-08-25T01:00:00Z,139.529995
2026-08-25T02:00:00Z,141.15750125
2026-08-25T03:00:00Z,149.2075005
2026-08-25T04:00:00Z,171.7975005
2026-08-25T05:00:00Z,179.4749985
2026-08-25T06:00:00Z,170.66250250000002
2026-08-25T07:00:00Z,144.73499675
2026-08-25T08:00:00Z,112.13499825
2026-08-25T09:00:00Z,76.34999925
2026-08-25T10:00:00Z,58.6949995
2026-08-25T11:00:00Z,59.07249925
2026-08-25T12:00:00Z,69.9350005
2026-08-25T13:00:00Z,87.4799995
2026-08-25T14:00:00Z,113.7925015
2026-08-25T15:00:00Z,148.4575005
2026-08-25T16:00:00Z,179.272499
2026-08-25T17:00:00Z,209.46749875
2026-08-25T18:00:00Z,205.192501
2026-08-25T19:00:00Z,182.31000175
2026-08-25T20:00:00Z,170.390003
2026-08-25T21:00:00Z,158.08250075
2026-08-25T22:00:00Z,163.67750175
2026-08-25T23:00:00Z,156.84000375
2026-08-26T00:00:00Z,151.2249985
2026-08-26T01:00:00Z,149.07999825
2026-08-26T02:00:00Z,151.342499
2026-08-26T03:00:00Z,159.8125
2026-08-26T04:00:00Z,185.0250015
2026-08-26T05:00:00Z,195.65250025
2026-08-26T06:00:00Z,193.52000025
2026-08-26T07:00:00Z,165.7350005
2026-08-26T08:00:00Z,135.90250175
2026-08-26T09:00:00Z,117.8900015
2026-08-26T10:00:00Z,93.20000075
2026-08-26T11:00:00Z,84.64999975
2026-08-26T12:00:00Z,88.36000025
2026-08-26T13:00:00Z,100.87999925
2026-08-26T14:00:00Z,121.802498
2026-08-26T15:00:00Z,157.6000005
2026-08-26T16:00:00Z,185.442497
2026-08-26T17:00:00Z,211.32250225
2026-08-26T18:00:00Z,200.39750275
2026-08-26T19:00:00Z,178.060005
2026-08-26T20:00:00Z,163.057499
2026-08-26T21:00:00Z,150.125
2026-08-26T22:00:00Z,147.54000100000002
2026-08-26T23:00:00Z,141.27000075
2026-08-27T00:00:00Z,134.175003
2026-08-27T01:00:00Z,133.51250075000002
2026-08-27T02:00:00Z,135.5475005
2026-08-27T03:00:00Z,141.782501
2026-08-27T04:00:00Z,156.00749975
2026-08-27T05:00:00Z,169.24000175
2026-08-27T06:00:00Z,157.06250025
2026-08-27T07:00:00Z,121.60999875
2026-08-27T08:00:00Z,94.41500075
2026-08-27T09:00:00Z,48.76749975
2026-08-27T10:00:00Z,2.28
2026-08-27T11:00:00Z,1.5325
2026-08-27T12:00:00Z,1.66
2026-08-27T13:00:00Z,26.0125
2026-08-27T14:00:00Z,84.562498
2026-08-27T15:00:00Z,134.41999825
2026-08-27T16:00:00Z,151.75500075
2026-08-27T17:00:00Z,156.58999649999998
2026-08-27T18:00:00Z,146.41999825
2026-08-27T19:00:00Z,137.30000325
2026-08-27T20:00:00Z,129.61749875
2026-08-27T21:00:00Z,129.5725
2026-08-27T22:00:00Z,107.90750125
2026-08-27T23:00:00Z,110.6799985
2026-08-28T00:00:00Z,112.992502
2026-08-28T01:00:00Z,113.93000025
2026-08-28T02:00:00Z,113.70750025
2026-08-28T03:00:00Z,123.0625
2026-08-28T04:00:00Z,141.53750575
2026-08-28T05:00:00Z,153.15250025
2026-08-28T06:00:00Z,154.08749775
2026-08-28T07:00:00Z,150.95500175
2026-08-28T08:00:00Z,139.96249975
2026-08-28T09:00:00Z,125.817499
2026-08-28T10:00:00Z,115.05249975
2026-08-28T11:00:00Z,99.99000175
2026-08-28T12:00:00Z,106.12250125
2026-08-28T13:00:00Z,114.71500025
2026-08-28T14:00:00Z,117.12500175
2026-08-28T15:00:00Z,141.8274995
2026-08-28T16:00:00Z,160.27750025
2026-08-28T17:00:00Z,172.53500375
2026-08-28T18:00:00Z,176.53249725
2026-08-28T19:00:00Z,165.69750225
2026-08-28T20:00:00Z,161.25500075
2026-08-28T21:00:00Z,143.892498
2026-08-28T22:00:00Z,129.7675
2026-08-28T23:00:00Z,111.78999725
2026-08-29T00:00:00Z,99.6975
2026-08-29T01:00:00Z,92.4575005
2026-08-29T02:00:00Z,92.0949995
2026-08-29T03:00:00Z,95.72249975
2026-08-29T04:00:00Z,97.595001
2026-08-29T05:00:00Z,101.39249975
2026-08-29T06:00:00Z,60.76249825
2026-08-29T07:00:00Z,6.965
2026-08-29T08:00:00Z,2.64
2026-08-29T09:00:00Z,2.0975
2026-08-29T10:00:00Z,1.5825
2026-08-29T11:00:00Z,0.7175
2026-08-29T12:00:00Z,0.445
2026-08-29T13:00:00Z,2.0025
2026-08-29T14:00:00Z,26.310000499999997
2026-08-29T15:00:00Z,112.3425
2026-08-29T16:00:00Z,166.78999725
2026-08-29T17:00:00Z,195.39750275
2026-08-29T18:00:00Z,196.227497
2026-08-29T19:00:00Z,175.76750175
2026-08-29T20:00:00Z,161.74500275
2026-08-29T21:00:00Z,144.37749875
2026-08-29T22:00:00Z,117.0149995
2026-08-29T23:00:00Z,102.297501
2026-08-30T00:00:00Z,86.89749900000001
2026-08-30T01:00:00Z,78.50250274999999
2026-08-30T02:00:00Z,70.0149995
2026-08-30T03:00:00Z,74.20999925000001
2026-08-30T04:00:00Z,73.16749924999999
2026-08-30T05:00:00Z,63.32750025
2026-08-30T06:00:00Z,50.0549995
2026-08-30T07:00:00Z,12.6825
2026-08-30T08:00:00Z,14.05
2026-08-30T09:00:00Z,16.2375
2026-08-30T10:00:00Z,15.77499975
2026-08-30T11:00:00Z,14.2525
2026-08-30T12:00:00Z,13.345
2026-08-30T13:00:00Z,4.91
2026-08-30T14:00:00Z,7.545
2026-08-30T15:00:00Z,62.372499500000004
2026-08-30T16:00:00Z,162.11500175
2026-08-30T17:00:00Z,184.05250175
2026-08-30T18:00:00Z,193.13750075
2026-08-30T19:00:00Z,192.85749425
2026-08-30T20:00:00Z,181.209999
2026-08-30T21:00:00Z,168.46250125
2026-08-30T22:00:00Z,174.2150005
2026-08-30T23:00:00Z,161.99999975
2026-08-31T00:00:00Z,151.30249775
2026-08-31T01:00:00Z,144.50000025
2026-08-31T02:00:00Z,138.880001
2026-08-31T03:00:00Z,141.12499624999998
2026-08-31T04:00:00Z,153.80499625
2026-08-31T05:00:00Z,165.81750075
2026-08-31T06:00:00Z,162.37249775
2026-08-31T07:00:00Z,131.54999924999998
2026-08-31T08:00:00Z,95.62750075
2026-08-31T09:00:00Z,35.510000250000004
2026-08-31T10:00:00Z,29.08999975
2026-08-31T11:00:00Z,26.1674995
2026-08-31T12:00:00Z,19.00999975
2026-08-31T13:00:00Z,21.88
2026-08-31T14:00:00Z,51.77999875
2026-08-31T15:00:00Z,92.76249875
2026-08-31T16:00:00Z,158.79750075
2026-08-31T17:00:00Z,184.98249825
2026-08-31T18:00:00Z,190.54499825
2026-08-31T19:00:00Z,182.2474975
2026-08-31T20:00:00Z,171.41749575
2026-08-31T21:00:00Z,153.38500225
2026-08-31T22:00:00Z,149.2225
2026-08-31T23:00:00Z,141.57249825
2026-09-01T00:00:00Z,137.4400025
2026-09-01T01:00:00Z,140.34
2026-09-01T02:00:00Z,144.9749985
2026-09-01T03:00:00Z,156.06249975
2026-09-01T04:00:00Z,187.49250025
2026-09-01T05:00:00Z,204.54750075
2026-09-01T06:00:00Z,192.492504
2026-09-01T07:00:00Z,149.52000025
2026-09-01T08:00:00Z,120.0275005
2026-09-01T09:00:00Z,89.99749975
2026-09-01T10:00:00Z,52.80000025
2026-09-01T11:00:00Z,40.79749975
2026-09-01T12:00:00Z,46.06250025
2026-09-01T13:00:00Z,54.27750025
2026-09-01T14:00:00Z,94.085
2026-09-01T15:00:00Z,139
2026-09-01T16:00:00Z,174.76000225
2026-09-01T17:00:00Z,214.05500025
2026-09-01T18:00:00Z,214.262501
2026-09-01T19:00:00Z,217.975002
2026-09-01T20:00:00Z,199.14249825
2026-09-01T21:00:00Z,178.762497
2026-09-01T22:00:00Z,156.36000074999998
2026-09-01T23:00:00Z,149.49750125
2026-09-02T00:00:00Z,145.00500125
2026-09-02T01:00:00Z,143.19500349999998
2026-09-02T02:00:00Z,140.70000075000002
2026-09-02T03:00:00Z,143.08250425
2026-09-02T04:00:00Z,168.42250075
2026-09-02T05:00:00Z,185.8899995
2026-09-02T06:00:00Z,174.30750625000002
2026-09-02T07:00:00Z,161.12250125
2026-09-02T08:00:00Z,128.6749955
2026-09-02T09:00:00Z,109.130001
2026-09-02T10:00:00Z,102.3725015
2026-09-02T11:00:00Z,91.260002
2026-09-02T12:00:00Z,100.2525005
2026-09-02T13:00:00Z,112.2775
2026-09-02T14:00:00Z,135.36750225
2026-09-02T15:00:00Z,159.6875
2026-09-02T16:00:00Z,197.18000025
2026-09-02T17:00:00Z,241.1324995
2026-09-02T18:00:00Z,244.86249925
2026-09-02T19:00:00Z,214.5274965
2026-09-02T20:00:00Z,194.5949975
2026-09-02T21:00:00Z,164.6775015
2026-09-02T22:00:00Z,177.505001
2026-09-02T23:00:00Z,169.8550035
2026-09-03T00:00:00Z,155.0374985
2026-09-03T01:00:00Z,145.16499725
2026-09-03T02:00:00Z,141.75000375
2026-09-03T03:00:00Z,145.4850005
2026-09-03T04:00:00Z,172.9450035
2026-09-03T05:00:00Z,189.010002
2026-09-03T06:00:00Z,180.084999
2026-09-03T07:00:00Z,149.58250049999998
2026-09-03T08:00:00Z,118.18499775
2026-09-03T09:00:00Z,86.772499
2026-09-03T10:00:00Z,53.38500025
2026-09-03T11:00:00Z,32.2124995
2026-09-03T12:00:00Z,36.34749975
2026-09-03T13:00:00Z,36.56
2026-09-03T14:00:00Z,65.5424985
2026-09-03T15:00:00Z,113.7874985
2026-09-03T16:00:00Z,147.89000349999998
2026-09-03T17:00:00Z,164.65250025
2026-09-03T18:00:00Z,167.8950005
2026-09-03T19:00:00Z,158.02749625
2026-09-03T20:00:00Z,150.914997
2026-09-03T21:00:00Z,135.6775015
2026-09-03T22:00:00Z,106.08000175
2026-09-03T23:00:00Z,114.0549985
2026-09-04T00:00:00Z,113.080002
2026-09-04T01:00:00Z,116.4974995
2026-09-04T02:00:00Z,113.8575
2026-09-04T03:00:00Z,121.30750075
2026-09-04T04:00:00Z,146.31999975
2026-09-04T05:00:00Z,163.95749675
2026-09-04T06:00:00Z,157.005001
2026-09-04T07:00:00Z,146.3224985
2026-09-04T08:00:00Z,115.2299995
2026-09-04T09:00:00Z,73.62500025
2026-09-04T10:00:00Z,61.1475
2026-09-04T11:00:00Z,49.65250025
2026-09-04T12:00:00Z,51.892501
2026-09-04T13:00:00Z,51.72749975
2026-09-04T14:00:00Z,57.1125
2026-09-04T15:00:00Z,65.44999975
2026-09-04T16:00:00Z,104.7074985
2026-09-04T17:00:00Z,125.762501
2026-09-04T18:00:00Z,125.7574995
2026-09-04T19:00:00Z,116.79500175
2026-09-04T20:00:00Z,99.70000075
2026-09-04T21:00:00Z,74.69750025
2026-09-04T22:00:00Z,51.2175
2026-09-04T23:00:00Z,48.6900005
2026-09-05T00:00:00Z,54.352501
2026-09-05T01:00:00Z,52.65499975
2026-09-05T02:00:00Z,48.2975005
2026-09-05T03:00:00Z,51.2124995
2026-09-05T04:00:00Z,51.41500125
2026-09-05T05:00:00Z,57.85000025
2026-09-05T06:00:00Z,30.94500025
2026-09-05T07:00:00Z,-0.0225
2026-09-05T08:00:00Z,0.065
2026-09-05T09:00:00Z,-0.03
2026-09-05T10:00:00Z,0
2026-09-05T11:00:00Z,-0.035
2026-09-05T12:00:00Z,-0.0325
2026-09-05T13:00:00Z,-0.0275
2026-09-05T14:00:00Z,0.68
2026-09-05T15:00:00Z,-0.0125
2026-09-05T16:00:00Z,12.9975005
2026-09-05T17:00:00Z,69.879999
2026-09-05T18:00:00Z,86.58749975
2026-09-05T19:00:00Z,77.30000125
2026-09-05T20:00:00Z,78.00250075
2026-09-05T21:00:00Z,74.4799995
2026-09-05T22:00:00Z,62.92750075
2026-09-05T23:00:00Z,71.69750049999999
2026-09-06T00:00:00Z,76.85000025
2026-09-06T01:00:00Z,89.915001
2026-09-06T02:00:00Z,112.70000075
2026-09-06T03:00:00Z,137.29999924999998
2026-09-06T04:00:00Z,141.40000175
2026-09-06T05:00:00Z,132.62249775
2026-09-06T06:00:00Z,107.05499825
2026-09-06T07:00:00Z,40.1375
2026-09-06T08:00:00Z,0.8099999999999999
2026-09-06T09:00:00Z,0
2026-09-06T10:00:00Z,0.92
2026-09-06T11:00:00Z,1.125
2026-09-06T12:00:00Z,0.1
2026-09-06T13:00:00Z,0.0175
2026-09-06T14:00:00Z,19.9850005
2026-09-06T15:00:00Z,122.82999925
2026-09-06T16:00:00Z,193.68750375
2026-09-06T17:00:00Z,221.8650015
2026-09-06T18:00:00Z,227.6550025
2026-09-06T19:00:00Z,206.15499875
2026-09-06T20:00:00Z,189.3849985
2026-09-06T21:00:00Z,169.3924945
2026-09-06T22:00:00Z,155.41
2026-09-06T23:00:00Z,150.7525025
2026-09-07T00:00:00Z,148.1924975
2026-09-07T01:00:00Z,148.07500075000002
2026-09-07T02:00:00Z,151.81499875
2026-09-07T03:00:00Z,172.5825005
2026-09-07T04:00:00Z,206.854996
2026-09-07T05:00:00Z,219.945
2026-09-07T06:00:00Z,212.30749875
2026-09-07T07:00:00Z,177.0074995
2026-09-07T08:00:00Z,142.1775015
2026-09-07T09:00:00Z,115.93250075
2026-09-07T10:00:00Z,78.50750075
2026-09-07T11:00:00Z,41.98250025
2026-09-07T12:00:00Z,32.00249975
2026-09-07T13:00:00Z,63.31500075
2026-09-07T14:00:00Z,107.49749775
2026-09-07T15:00:00Z,158.76749975
2026-09-07T16:00:00Z,206.317501
2026-09-07T17:00:00Z,240.73499675
2026-09-07T18:00:00Z,233.28749475
2026-09-07T19:00:00Z,204.59499725
2026-09-07T20:00:00Z,186.53250125
2026-09-07T21:00:00Z,169.0550005
2026-09-07T22:00:00Z,178.18999875
2026-09-07T23:00:00Z,165.920002
2026-09-08T00:00:00Z,153.57250225
2026-09-08T01:00:00Z,150.59000025
2026-09-08T02:00:00Z,151.1550025
2026-09-08T03:00:00Z,167.34999875
2026-09-08T04:00:00Z,203.01250075
2026-09-08T05:00:00Z,223.819996
2026-09-08T06:00:00Z,200.734997
2026-09-08T07:00:00Z,148.8224985
2026-09-08T08:00:00Z,95.104999
2026-09-08T09:00:00Z,42.8775005
2026-09-08T10:00:00Z,4.9
2026-09-08T11:00:00Z,3.21
2026-09-08T12:00:00Z,10.70000025
2026-09-08T13:00:00Z,37.7875
2026-09-08T14:00:00Z,75.29000175
2026-09-08T15:00:00Z,159.647501
2026-09-08T16:00:00Z,202.4675025
2026-09-08T17:00:00Z,242.5899925
2026-09-08T18:00:00Z,259.8524935
2026-09-08T19:00:00Z,219.135002
2026-09-08T20:00:00Z,195.67749425
2026-09-08T21:00:00Z,177.237499
2026-09-08T22:00:00Z,149.87999725
2026-09-08T23:00:00Z,145.32749925
2026-09-09T00:00:00Z,142.517498
2026-09-09T01:00:00Z,138.77750375
2026-09-09T02:00:00Z,137.56749725
2026-09-09T03:00:00Z,141.682499
2026-09-09T04:00:00Z,173.97499825
2026-09-09T05:00:00Z,199.05749525
2026-09-09T06:00:00Z,197.64749925
2026-09-09T07:00:00Z,158.98249425
2026-09-09T08:00:00Z,120.6849975
2026-09-09T09:00:00Z,99.6725005
2026-09-09T10:00:00Z,87.42249875
2026-09-09T11:00:00Z,66.67500025
2026-09-09T12:00:00Z,60.98999975
2026-09-09T13:00:00Z,70.43249975
2026-09-09T14:00:00Z,94.51500125
2026-09-09T15:00:00Z,121.132498
2026-09-09T16:00:00Z,150.2874985
2026-09-09T17:00:00Z,163.52999875
2026-09-09T18:00:00Z,163.824997
2026-09-09T19:00:00Z,156.98250174999998
2026-09-09T20:00:00Z,144.15999975
2026-09-09T21:00:00Z,140.00250225
2026-09-09T22:00:00Z,153.50500499999998
2026-09-09T23:00:00Z,152.234997
2026-09-10T00:00:00Z,159.185005
2026-09-10T01:00:00Z,162.217499
2026-09-10T02:00:00Z,167.77749975
2026-09-10T03:00:00Z,183.85750175
2026-09-10T04:00:00Z,210.28250125
2026-09-10T05:00:00Z,231.83750125
2026-09-10T06:00:00Z,222.04499825
2026-09-10T07:00:00Z,184.96999725
2026-09-10T08:00:00Z,145.58749975
2026-09-10T09:00:00Z,105.15999825
2026-09-10T10:00:00Z,77.41750125
2026-09-10T11:00:00Z,70.624998
2026-09-10T12:00:00Z,92.3724995
2026-09-10T13:00:00Z,118.46749875
2026-09-10T14:00:00Z,150.39999975
2026-09-10T15:00:00Z,187.60249725
2026-09-10T16:00:00Z,249.41500075
2026-09-10T17:00:00Z,471.76750225
2026-09-10T18:00:00Z,436.859993
2026-09-10T19:00:00Z,254.72250025
2026-09-10T20:00:00Z,225.0499995
2026-09-10T21:00:00Z,199.330002
2026-09-10T22:00:00Z,184.20750025
2026-09-10T23:00:00Z,180.7175025
2026-09-11T00:00:00Z,171.36500525
2026-09-11T01:00:00Z,164.5149995
2026-09-11T02:00:00Z,167.1575015
2026-09-11T03:00:00Z,175.8149985
2026-09-11T04:00:00Z,201.952503
2026-09-11T05:00:00Z,222.60749825
2026-09-11T06:00:00Z,213.6124955
2026-09-11T07:00:00Z,194.0475005
2026-09-11T08:00:00Z,178.205002
2026-09-11T09:00:00Z,149.432499
2026-09-11T10:00:00Z,134.50499925
2026-09-11T11:00:00Z,134.46249775
2026-09-11T12:00:00Z,147.647499
2026-09-11T13:00:00Z,160.76750175
2026-09-11T14:00:00Z,181.54999525
2026-09-11T15:00:00Z,209.28499975
2026-09-11T16:00:00Z,248.48500075
2026-09-11T17:00:00Z,310.074997
2026-09-11T18:00:00Z,289.310005
2026-09-11T19:00:00Z,245.1274985
2026-09-11T20:00:00Z,224.96499675
2026-09-11T21:00:00Z,204.58000175
2026-09-11T22:00:00Z,205.20000075
2026-09-11T23:00:00Z,199.03500375
2026-09-12T00:00:00Z,196.385002
2026-09-12T01:00:00Z,189.300003
2026-09-12T02:00:00Z,184.23249825
2026-09-12T03:00:00Z,186.68749625
2026-09-12T04:00:00Z,193.16999825
2026-09-12T05:00:00Z,193.6100005
2026-09-12T06:00:00Z,174.0999985
2026-09-12T07:00:00Z,144.647501
2026-09-12T08:00:00Z,88.47500025000001
2026-09-12T09:00:00Z,32.5125
2026-09-12T10:00:00Z,1.7999999999999998
2026-09-12T11:00:00Z,0.5825
2026-09-12T12:00:00Z,0.94
2026-09-12T13:00:00Z,2.6075
2026-09-12T14:00:00Z,34.09999975
2026-09-12T15:00:00Z,117.45500025
2026-09-12T16:00:00Z,178.4349975
2026-09-12T17:00:00Z,203.79499825
2026-09-12T18:00:00Z,210.19250075
2026-09-12T19:00:00Z,201.38999925
2026-09-12T20:00:00Z,188.0024985
2026-09-12T21:00:00Z,182.772503
2026-09-12T22:00:00Z,177.8274995
2026-09-12T23:00:00Z,167.5949975
2026-09-13T00:00:00Z,163.0275
2026-09-13T01:00:00Z,161.72999575
2026-09-13T02:00:00Z,164.055004
2026-09-13T03:00:00Z,168.02999875
2026-09-13T04:00:00Z,174.17999650000002
2026-09-13T05:00:00Z,178.057499
2026-09-13T06:00:00Z,168.0774995
2026-09-13T07:00:00Z,148.167503
2026-09-13T08:00:00Z,128.5899985
2026-09-13T09:00:00Z,114.7975005
2026-09-13T10:00:00Z,110.4799995
2026-09-13T11:00:00Z,106.4225005
2026-09-13T12:00:00Z,106.04249925
2026-09-13T13:00:00Z,119.52999875
2026-09-13T14:00:00Z,152.85500324999998
2026-09-13T15:00:00Z,189.33999675
2026-09-13T16:00:00Z,209.95500175
2026-09-13T17:00:00Z,230.01000225
2026-09-13T18:00:00Z,233.83000175
2026-09-13T19:00:00Z,232.369999
2026-09-13T20:00:00Z,227.45999925
2026-09-13T21:00:00Z,210.5875015
2026-09-13T22:00:00Z,201.704998
2026-09-13T23:00:00Z,187.89250175
2026-09-14T00:00:00Z,184.1725005
2026-09-14T01:00:00Z,183.86750425
2026-09-14T02:00:00Z,183.755001
2026-09-14T03:00:00Z,202.10250475
2026-09-14T04:00:00Z,244.21999725
2026-09-14T05:00:00Z,303.51750175
2026-09-14T06:00:00Z,297.8324965
2026-09-14T07:00:00Z,250.9575005
2026-09-14T08:00:00Z,211.89999775
2026-09-14T09:00:00Z,196.89249775
2026-09-14T10:00:00Z,180.7125015
2026-09-14T11:00:00Z,165.862499
2026-09-14T12:00:00Z,161.34000375
2026-09-14T13:00:00Z,164.9000015
2026-09-14T14:00:00Z,180.607502
2026-09-14T15:00:00Z,234.452507
2026-09-14T16:00:00Z,412.52001175
2026-09-14T17:00:00Z,738.1774905
2026-09-14T18:00:00Z,545.965004
2026-09-14T19:00:00Z,303.8150025
2026-09-14T20:00:00Z,243.1450005
2026-09-14T21:00:00Z,203.5024985
2026-09-14T22:00:00Z,208.79750075
2026-09-14T23:00:00Z,198.01499925
2026-09-15T00:00:00Z,188.29750075
2026-09-15T01:00:00Z,185.6550025
2026-09-15T02:00:00Z,183.5499995
2026-09-15T03:00:00Z,195.6725005
2026-09-15T04:00:00Z,217.1974985
2026-09-15T05:00:00Z,229.70999925
2026-09-15T06:00:00Z,233.11249575
2026-09-15T07:00:00Z,196.244999
2026-09-15T08:00:00Z,145.95999925
2026-09-15T09:00:00Z,77.73249925
2026-09-15T10:00:00Z,43.4825
2026-09-15T11:00:00Z,34.46750025
2026-09-15T12:00:00Z,44.035
2026-09-15T13:00:00Z,102.13249875
2026-09-15T14:00:00Z,153.21999775
2026-09-15T15:00:00Z,204.1549985
2026-09-15T16:00:00Z,214.085003
2026-09-15T17:00:00Z,244.902504
2026-09-15T18:00:00Z,245.347496
2026-09-15T19:00:00Z,222.32249825
2026-09-15T20:00:00Z,198.87749875
2026-09-15T21:00:00Z,182.4474945
2026-09-15T22:00:00Z,176.41750324999998
2026-09-15T23:00:00Z,171.175003
2026-09-16T00:00:00Z,168.545002
2026-09-16T01:00:00Z,168.54999924999998
2026-09-16T02:00:00Z,169.4850005
2026-09-16T03:00:00Z,189.39000325
2026-09-16T04:00:00Z,215.670002
2026-09-16T05:00:00Z,228.954998
2026-09-16T06:00:00Z,224.9924965
2026-09-16T07:00:00Z,188.5374985
2026-09-16T08:00:00Z,168.2800025
2026-09-16T09:00:00Z,139.005001
2026-09-16T10:00:00Z,111.78000275
2026-09-16T11:00:00Z,96.89250025
2026-09-16T12:00:00Z,102.10750025
2026-09-16T13:00:00Z,120.6274985
2026-09-16T14:00:00Z,154.54999925
2026-09-16T15:00:00Z,195.70000075
2026-09-16T16:00:00Z,230.81750475
2026-09-16T17:00:00Z,254.1450005
2026-09-16T18:00:00Z,244.1749955
2026-09-16T19:00:00Z,220.199997
2026-09-16T20:00:00Z,188.462498
2026-09-16T21:00:00Z,179.244999
2026-09-16T22:00:00Z,170.602501
2026-09-16T23:00:00Z,163.9900015
2026-09-17T00:00:00Z,161.48500075
2026-09-17T01:00:00Z,155.34499725
2026-09-17T02:00:00Z,159.13249975
2026-09-17T03:00:00Z,160.43000025
2026-09-17T04:00:00Z,173.11999550000002
2026-09-17T05:00:00Z,181.00249875
2026-09-17T06:00:00Z,196.49750125
2026-09-17T07:00:00Z,163.1275005
2026-09-17T08:00:00Z,110.49
2026-09-17T09:00:00Z,35.36750025
2026-09-17T10:00:00Z,13.0575
2026-09-17T11:00:00Z,10.2825
2026-09-17T12:00:00Z,13.23999975
2026-09-17T13:00:00Z,27.68499975
2026-09-17T14:00:00Z,72.59249825
2026-09-17T15:00:00Z,109.0699995
2026-09-17T16:00:00Z,159.58750175
2026-09-17T17:00:00Z,193.8549995
2026-09-17T18:00:00Z,198.7400015
2026-09-17T19:00:00Z,189.06999975
2026-09-17T20:00:00Z,177.13999925000002
2026-09-17T21:00:00Z,165.02750025
2026-09-17T22:00:00Z,132.867504
2026-09-17T23:00:00Z,127.2975025
2026-09-18T00:00:00Z,124.052502
2026-09-18T01:00:00Z,119.5199985
2026-09-18T02:00:00Z,116.9225005
2026-09-18T03:00:00Z,114.99499900000001
2026-09-18T04:00:00Z,130.090002
2026-09-18T05:00:00Z,159.24250425
2026-09-18T06:00:00Z,167.02499775
2026-09-18T07:00:00Z,149.5
2026-09-18T08:00:00Z,95.1499985
2026-09-18T09:00:00Z,41.86500075
2026-09-18T10:00:00Z,6.16
2026-09-18T11:00:00Z,0.2425
2026-09-18T12:00:00Z,0.2175
2026-09-18T13:00:00Z,2.9575
2026-09-18T14:00:00Z,29.59500025
2026-09-18T15:00:00Z,86.9775005
2026-09-18T16:00:00Z,138.20000075000002
2026-09-18T17:00:00Z,147.992504
2026-09-18T18:00:00Z,150.999996
2026-09-18T19:00:00Z,141.94499975
2026-09-18T20:00:00Z,132.3524975
2026-09-18T21:00:00Z,113.98999975
2026-09-18T22:00:00Z,49.72999925
2026-09-18T23:00:00Z,29.9
2026-09-19T00:00:00Z,17.74000025
2026-09-19T01:00:00Z,6.66
2026-09-19T02:00:00Z,5.4725
2026-09-19T03:00:00Z,5.0175
2026-09-19T04:00:00Z,5.4125
2026-09-19T05:00:00Z,6.4425
2026-09-19T06:00:00Z,7.01
2026-09-19T07:00:00Z,6.075
2026-09-19T08:00:00Z,0.09
2026-09-19T09:00:00Z,-0.18
2026-09-19T10:00:00Z,-0.19
2026-09-19T11:00:00Z,-0.0825
2026-09-19T12:00:00Z,-1.1675
2026-09-19T13:00:00Z,-1
2026-09-19T14:00:00Z,0.03
2026-09-19T15:00:00Z,6.8549999999999995
2026-09-19T16:00:00Z,49.989999999999995
2026-09-19T17:00:00Z,74.727501
2026-09-19T18:00:00Z,80.98750100000001
2026-09-19T19:00:00Z,76.334999
2026-09-19T20:00:00Z,60.0824995
2026-09-19T21:00:00Z,39.91749925
2026-09-19T22:00:00Z,8.015
2026-09-19T23:00:00Z,6.24
2026-09-20T00:00:00Z,5.625
2026-09-20T01:00:00Z,5.42
2026-09-20T02:00:00Z,5.105
2026-09-20T03:00:00Z,4.6975
2026-09-20T04:00:00Z,3.575
2026-09-20T05:00:00Z,6.44
2026-09-20T06:00:00Z,7.5175
2026-09-20T07:00:00Z,3.5725
2026-09-20T08:00:00Z,4.336808689942018e-19
2026-09-20T09:00:00Z,-0.07
2026-09-20T10:00:00Z,-1.145
2026-09-20T11:00:00Z,-1.28
2026-09-20T12:00:00Z,-0.9275
2026-09-20T13:00:00Z,-0.5700000000000001
2026-09-20T14:00:00Z,0.9925
2026-09-20T15:00:00Z,5.827500000000001
2026-09-20T16:00:00Z,24.995
2026-09-20T17:00:00Z,39.1699995
2026-09-20T18:00:00Z,42.86500075
2026-09-20T19:00:00Z,32.46499975
2026-09-20T20:00:00Z,29.99249975
2026-09-20T21:00:00Z,19.3974995
2026-09-20T22:00:00Z,10.9675
2026-09-20T23:00:00Z,9.885
2026-09-21T00:00:00Z,8.8325
2026-09-21T01:00:00Z,9.9325
2026-09-21T02:00:00Z,13.50500025
2026-09-21T03:00:00Z,30.5825
2026-09-21T04:00:00Z,92.4000005
2026-09-21T05:00:00Z,122.25249875
2026-09-21T06:00:00Z,124.11749875
2026-09-21T07:00:00Z,52.88999975
2026-09-21T08:00:00Z,11.395
2026-09-21T09:00:00Z,2.2699999999999996
2026-09-21T10:00:00Z,2.45
2026-09-21T11:00:00Z,2.5725
2026-09-21T12:00:00Z,2.5225
2026-09-21T13:00:00Z,3.925
2026-09-21T14:00:00Z,13.78749975
2026-09-21T15:00:00Z,97.09749925
2026-09-21T16:00:00Z,206.29249975
2026-09-21T17:00:00Z,238.282501
2026-09-21T18:00:00Z,241.02499775
2026-09-21T19:00:00Z,217.619999
2026-09-21T20:00:00Z,205.59750375
2026-09-21T21:00:00Z,185.08750525
2026-09-21T22:00:00Z,181.20750025
2026-09-21T23:00:00Z,175.9450035
2026-09-22T00:00:00Z,173.35750224999998
2026-09-22T01:00:00Z,171.42000174999998
2026-09-22T02:00:00Z,174.0925025
2026-09-22T03:00:00Z,190.8875045
2026-09-22T04:00:00Z,238.42499925
2026-09-22T05:00:00Z,292.7350005
2026-09-22T06:00:00Z,249.0224995
2026-09-22T07:00:00Z,205.604996
2026-09-22T08:00:00Z,172.77999525
2026-09-22T09:00:00Z,149.27499775
2026-09-22T10:00:00Z,126.13000125
2026-09-22T11:00:00Z,120.94750025
2026-09-22T12:00:00Z,124.2475015
2026-09-22T13:00:00Z,136.5424995
2026-09-22T14:00:00Z,175.074997
2026-09-22T15:00:00Z,224.7099955
2026-09-22T16:00:00Z,380.18999875
2026-09-22T17:00:00Z,609.65249625
2026-09-22T18:00:00Z,439.26499175
2026-09-22T19:00:00Z,290.68749225
2026-09-22T20:00:00Z,247.00000025
2026-09-22T21:00:00Z,212.98999800000001
2026-09-22T22:00:00Z,188.8149985
2026-09-22T23:00:00Z,177.262497
2026-09-23T00:00:00Z,176.25499725
2026-09-23T01:00:00Z,176.29499425
2026-09-23T02:00:00Z,175.43000025
2026-09-23T03:00:00Z,199.7174985
2026-09-23T04:00:00Z,312.44000625
2026-09-23T05:00:00Z,356.387497
2026-09-23T06:00:00Z,232.09249875
2026-09-23T07:00:00Z,182.197506
2026-09-23T08:00:00Z,143.4625015
2026-09-23T09:00:00Z,125.749998
2026-09-23T10:00:00Z,123.27000025
2026-09-23T11:00:00Z,119.3950005
2026-09-23T12:00:00Z,115.77499975
2026-09-23T13:00:00Z,116.91999825
2026-09-23T14:00:00Z,155.23500074999998
2026-09-23T15:00:00Z,194.99000175
2026-09-23T16:00:00Z,227.15999975
2026-09-23T17:00:00Z,258.20000475
2026-09-23T18:00:00Z,236.5300025
2026-09-23T19:00:00Z,193.84000375
2026-09-23T20:00:00Z,167.662502
2026-09-23T21:00:00Z,151.20500199999998
2026-09-23T22:00:00Z,113.6225015
2026-09-23T23:00:00Z,101.6350005
2026-09-24T00:00:00Z,106.18249875
2026-09-24T01:00:00Z,94.999998
2026-09-24T02:00:00Z,92.76250075
2026-09-24T03:00:00Z,108.794998
2026-09-24T04:00:00Z,136.90749925
2026-09-24T05:00:00Z,152.9249955
2026-09-24T06:00:00Z,157.14749925
2026-09-24T07:00:00Z,144.75
2026-09-24T08:00:00Z,125.39749925
2026-09-24T09:00:00Z,98.85999875
2026-09-24T10:00:00Z,75.994999000000007
2026-09-24T11:00:00Z,73.4500005
2026-09-24T12:00:00Z,94.2300015
2026-09-24T13:00:00Z,105.13000125
2026-09-24T14:00:00Z,121.40499875
2026-09-24T15:00:00Z,177.557499
2026-09-24T16:00:00Z,223.74250025
2026-09-24T17:00:00Z,266.95499775
2026-09-24T18:00:00Z,259.99999625
2026-09-24T19:00:00Z,225.6974985
2026-09-24T20:00:00Z,204.59249525
2026-09-24T21:00:00Z,187.75999825
2026-09-24T22:00:00Z,181.897499
2026-09-24T23:00:00Z,172.1225015
2026-09-25T00:00:00Z,165.500004
2026-09-25T01:00:00Z,167.119999
2026-09-25T02:00:00Z,170.11000075
2026-09-25T03:00:00Z,188.37499975
2026-09-25T04:00:00Z,241.522499
2026-09-25T05:00:00Z,268.11499425
2026-09-25T06:00:00Z,253.99750125000003
2026-09-25T07:00:00Z,195.97750075
2026-09-25T08:00:00Z,157.96500375
2026-09-25T09:00:00Z,115.34500125
2026-09-25T10:00:00Z,101.06499825
2026-09-25T11:00:00Z,94.09500125
2026-09-25T12:00:00Z,85.20249725
2026-09-25T13:00:00Z,96.9174995
2026-09-25T14:00:00Z,152.9500025
2026-09-25T15:00:00Z,197.15999975
2026-09-25T16:00:00Z,240.50749975
2026-09-25T17:00:00Z,303.96749875
2026-09-25T18:00:00Z,252.10500325
2026-09-25T19:00:00Z,224.0300025
2026-09-25T20:00:00Z,206.137501
2026-09-25T21:00:00Z,185.550003
2026-09-25T22:00:00Z,195.9449995
2026-09-25T23:00:00Z,183.7775
2026-09-26T00:00:00Z,174.66499725
2026-09-26T01:00:00Z,163.0200005
2026-09-26T02:00:00Z,160.2599985
2026-09-26T03:00:00Z,159.994999
2026-09-26T04:00:00Z,178.19250125
2026-09-26T05:00:00Z,193.8899995
2026-09-26T06:00:00Z,191.87999725
2026-09-26T07:00:00Z,156.44249725
2026-09-26T08:00:00Z,112.115
2026-09-26T09:00:00Z,53.9399995
2026-09-26T10:00:00Z,17.4825005
2026-09-26T11:00:00Z,11.7525
2026-09-26T12:00:00Z,18.56
2026-09-26T13:00:00Z,52.415001
2026-09-26T14:00:00Z,127.027504
2026-09-26T15:00:00Z,187.665001
2026-09-26T16:00:00Z,214.0600015
2026-09-26T17:00:00Z,236.7875025
2026-09-26T18:00:00Z,226.3600005
2026-09-26T19:00:00Z,208.48749925
2026-09-26T20:00:00Z,199.3099975
2026-09-26T21:00:00Z,186
2026-09-26T22:00:00Z,183.03499975
2026-09-26T23:00:00Z,178.25499725
2026-09-27T00:00:00Z,171.34000025
2026-09-27T01:00:00Z,166.432499
2026-09-27T02:00:00Z,161.567501
2026-09-27T03:00:00Z,158.66999825
2026-09-27T04:00:00Z,159.102497
2026-09-27T05:00:00Z,150.585003
2026-09-27T06:00:00Z,127.86249925
2026-09-27T07:00:00Z,56.102499
2026-09-27T08:00:00Z,15.255000249999998
2026-09-27T09:00:00Z,1.5775
2026-09-27T10:00:00Z,1.7225
2026-09-27T11:00:00Z,0.9925
2026-09-27T12:00:00Z,0.0375
2026-09-27T13:00:00Z,0
2026-09-27T14:00:00Z,13.115
2026-09-27T15:00:00Z,112.19249725
2026-09-27T16:00:00Z,167.41999800000002
2026-09-27T17:00:00Z,161.98500074999998
2026-09-27T18:00:00Z,149.99999975
2026-09-27T19:00:00Z,139.94249725
2026-09-27T20:00:00Z,136.290001
2026-09-27T21:00:00Z,135.6525
2026-09-27T22:00:00Z,148.005001
2026-09-27T23:00:00Z,148.852497
2026-09-28T00:00:00Z,150.3425025
2026-09-28T01:00:00Z,153.86499800000001
2026-09-28T02:00:00Z,160.4699975
2026-09-28T03:00:00Z,174.7424965
2026-09-28T04:00:00Z,211.1324995
2026-09-28T05:00:00Z,240.8075025
2026-09-28T06:00:00Z,237.9325025
2026-09-28T07:00:00Z,199.31999575
2026-09-28T08:00:00Z,171.03250125
2026-09-28T09:00:00Z,147.045002
2026-09-28T10:00:00Z,134.90499875
2026-09-28T11:00:00Z,133.1025005
2026-09-28T12:00:00Z,141.13000125000002
2026-09-28T13:00:00Z,150.630001
2026-09-28T14:00:00Z,186.107502
2026-09-28T15:00:00Z,236.66999825
2026-09-28T16:00:00Z,310.92000175
2026-09-28T17:00:00Z,342.21249375
2026-09-28T18:00:00Z,277.30749525
2026-09-28T19:00:00Z,229
2026-09-28T20:00:00Z,203.35000225
2026-09-28T21:00:00Z,181.02999875
2026-09-28T22:00:00Z,182.93249875
2026-09-28T23:00:00Z,173.40250025
2026-09-29T00:00:00Z,168.35250075
2026-09-29T01:00:00Z,164.5250055
2026-09-29T02:00:00Z,160.0149995
2026-09-29T03:00:00Z,165.122505
2026-09-29T04:00:00Z,216.72000125
2026-09-29T05:00:00Z,226.93500525
2026-09-29T06:00:00Z,214.83000175
2026-09-29T07:00:00Z,182.43000025
2026-09-29T08:00:00Z,157.1674995
2026-09-29T09:00:00Z,129.045002
2026-09-29T10:00:00Z,102.5249995
2026-09-29T11:00:00Z,82.39999975
2026-09-29T12:00:00Z,82.21749875
2026-09-29T13:00:00Z,112.08000375
2026-09-29T14:00:00Z,153.90999825
2026-09-29T15:00:00Z,198.00749975
2026-09-29T16:00:00Z,219.9474985
2026-09-29T17:00:00Z,217.70249925
2026-09-29T18:00:00Z,192.22750075
2026-09-29T19:00:00Z,166.442501
2026-09-29T20:00:00Z,146.17000225
2026-09-29T21:00:00Z,126.5300025
2026-09-29T22:00:00Z,101.575001
2026-09-29T23:00:00Z,98.1149995
2026-09-30T00:00:00Z,91.42
2026-09-30T01:00:00Z,81.4350015
2026-09-30T02:00:00Z,82.23249849999999
2026-09-30T03:00:00Z,90.830002
2026-09-30T04:00:00Z,117.34000025
2026-09-30T05:00:00Z,162.56999975
2026-09-30T06:00:00Z,174.9975015
2026-09-30T07:00:00Z,154.279999
2026-09-30T08:00:00Z,114.86999875
2026-09-30T09:00:00Z,75.7425005
2026-09-30T10:00:00Z,36.27249975
2026-09-30T11:00:00Z,15.0125
2026-09-30T12:00:00Z,33.53500025
2026-09-30T13:00:00Z,83.7699995
2026-09-30T14:00:00Z,141.2750015
2026-09-30T15:00:00Z,184.07999825
2026-09-30T16:00:00Z,211.6299975
2026-09-30T17:00:00Z,215.2225
2026-09-30T18:00:00Z,190.03499975
2026-09-30T19:00:00Z,163.9974975
2026-09-30T20:00:00Z,150.7425005
2026-09-30T21:00:00Z,146.56000125
2026-09-30T22:00:00Z,142.82749925000002
2026-09-30T23:00:00Z,142.99499525
2026-10-01T00:00:00Z,142.93000025
2026-10-01T01:00:00Z,144.875
2026-10-01T02:00:00Z,148.35250075
2026-10-01T03:00:00Z,156.18750025
2026-10-01T04:00:00Z,193.66249875
2026-10-01T05:00:00Z,220.34999875
2026-10-01T06:00:00Z,219.42499925
2026-10-01T07:00:00Z,203.0999985
2026-10-01T08:00:00Z,174.68000024999998
2026-10-01T09:00:00Z,153.3799975
2026-10-01T10:00:00Z,152.9524995
2026-10-01T11:00:00Z,149.3375015
2026-10-01T12:00:00Z,144.6324995
2026-10-01T13:00:00Z,155.04500175
2026-10-01T14:00:00Z,189.182499
2026-10-01T15:00:00Z,232.22249975
2026-10-01T16:00:00Z,274.6900025
2026-10-01T17:00:00Z,300.54250325
2026-10-01T18:00:00Z,257.51249325
2026-10-01T19:00:00Z,226.42499925
2026-10-01T20:00:00Z,204.9974975
2026-10-01T21:00:00Z,186.42750175
2026-10-01T22:00:00Z,174.6524965
2026-10-01T23:00:00Z,163.447502
2026-10-02T00:00:00Z,160.67249675
2026-10-02T01:00:00Z,159.807499
2026-10-02T02:00:00Z,162.897499
2026-10-02T03:00:00Z,177.867504
2026-10-02T04:00:00Z,222.03250125
2026-10-02T05:00:00Z,260.41500475
2026-10-02T06:00:00Z,263.189995
2026-10-02T07:00:00Z,223.46750275
2026-10-02T08:00:00Z,184.04499825
2026-10-02T09:00:00Z,167.20750425
2026-10-02T10:00:00Z,152.5599975
2026-10-02T11:00:00Z,140.5
2026-10-02T12:00:00Z,140.41249825
2026-10-02T13:00:00Z,148.875
2026-10-02T14:00:00Z,176.7525025
2026-10-02T15:00:00Z,225.2400015
2026-10-02T16:00:00Z,266.61999875
2026-10-02T17:00:00Z,319.137497
2026-10-02T18:00:00Z,268.107502
2026-10-02T19:00:00Z,229.95750025
2026-10-02T20:00:00Z,211.5024985
2026-10-02T21:00:00Z,194.697502
2026-10-02T22:00:00Z,191.4575005
2026-10-02T23:00:00Z,177.477501
2026-10-03T00:00:00Z,173.5125045
2026-10-03T01:00:00Z,169.10749825
2026-10-03T02:00:00Z,166.07249825
2026-10-03T03:00:00Z,169.89749925
2026-10-03T04:00:00Z,182.78250475
2026-10-03T05:00:00Z,197.96500025
2026-10-03T06:00:00Z,187.3600005
2026-10-03T07:00:00Z,168.6299975
2026-10-03T08:00:00Z,146.67499924999998
2026-10-03T09:00:00Z,120.62249725
2026-10-03T10:00:00Z,83.459999
2026-10-03T11:00:00Z,54.7349995
2026-10-03T12:00:00Z,68.282499
2026-10-03T13:00:00Z,113.85750025
2026-10-03T14:00:00Z,157.317501
2026-10-03T15:00:00Z,194.1875
2026-10-03T16:00:00Z,227.675003
2026-10-03T17:00:00Z,237.10749825
2026-10-03T18:00:00Z,223.1324995
2026-10-03T19:00:00Z,215.1850015
2026-10-03T20:00:00Z,208.42250075
2026-10-03T21:00:00Z,194.960003
2026-10-03T22:00:00Z,193.76000225
2026-10-03T23:00:00Z,188.43500125
2026-10-04T00:00:00Z,182.6725005
2026-10-04T01:00:00Z,179.59749975
2026-10-04T02:00:00Z,176.5600015
2026-10-04T03:00:00Z,180.80249775
2026-10-04T04:00:00Z,189.0699995
2026-10-04T05:00:00Z,195.53750225
2026-10-04T06:00:00Z,186.69000225
2026-10-04T07:00:00Z,168.97500225000002
2026-10-04T08:00:00Z,141.3999995
2026-10-04T09:00:00Z,109.31999975
2026-10-04T10:00:00Z,81.01000024999999
2026-10-04T11:00:00Z,51.33250075
2026-10-04T12:00:00Z,55.96249975
2026-10-04T13:00:00Z,89.999998
2026-10-04T14:00:00Z,148.3950005
2026-10-04T15:00:00Z,196.74000175
2026-10-04T16:00:00Z,223.48749925
2026-10-04T17:00:00Z,238.69249725
2026-10-04T18:00:00Z,229.8824995
2026-10-04T19:00:00Z,216.577503
2026-10-04T20:00:00Z,209.1624985
2026-10-04T21:00:00Z,172.892498
2026-10-04T22:00:00Z,156.22000125
2026-10-04T23:00:00Z,142.729996
2026-10-05T00:00:00Z,134.76499925000002
2026-10-05T01:00:00Z,134.1674995
2026-10-05T02:00:00Z,134.79999925
2026-10-05T03:00:00Z,137.78499975
2026-10-05T04:00:00Z,162.4900015
2026-10-05T05:00:00Z,202.0074995
2026-10-05T06:00:00Z,211.42000175
2026-10-05T07:00:00Z,168.16250225
2026-10-05T08:00:00Z,142.56999975
2026-10-05T09:00:00Z,92.48750025
2026-10-05T10:00:00Z,60
2026-10-05T11:00:00Z,7.94
2026-10-05T12:00:00Z,35.8074995
2026-10-05T13:00:00Z,70.4449985
2026-10-05T14:00:00Z,110.9799995
2026-10-05T15:00:00Z,150
2026-10-05T16:00:00Z,189.0024985
2026-10-05T17:00:00Z,204.69249725
2026-10-05T18:00:00Z,162.0625
2026-10-05T19:00:00Z,156.14500049999998
2026-10-05T20:00:00Z,150.774998
2026-10-05T21:00:00Z,149.49249675
2026-10-05T22:00:00Z,143.00249875
2026-10-05T23:00:00Z,147.28249725
2026-10-06T00:00:00Z,149.842499
2026-10-06T01:00:00Z,149.352497
2026-10-06T02:00:00Z,151.0374985
2026-10-06T03:00:00Z,164.55249775
2026-10-06T04:00:00Z,205.95750025
2026-10-06T05:00:00Z,238.829998
2026-10-06T06:00:00Z,249.29249575
2026-10-06T07:00:00Z,209.47750075
2026-10-06T08:00:00Z,174.70500199999998
2026-10-06T09:00:00Z,146.53499975
2026-10-06T10:00:00Z,137.170002
2026-10-06T11:00:00Z,132.39750275
2026-10-06T12:00:00Z,139.56750125
2026-10-06T13:00:00Z,154.44500325
2026-10-06T14:00:00Z,189.2450025
2026-10-06T15:00:00Z,248.4974975
2026-10-06T16:00:00Z,338.3600005
2026-10-06T17:00:00Z,381.34249875
2026-10-06T18:00:00Z,296.09500125
2026-10-06T19:00:00Z,248.357502
2026-10-06T20:00:00Z,225.3774985
2026-10-06T21:00:00Z,209.330002
2026-10-06T22:00:00Z,197.915001
2026-10-06T23:00:00Z,184.8099975
2026-10-07T00:00:00Z,178.65749775
2026-10-07T01:00:00Z,180.9174995
2026-10-07T02:00:00Z,185.1324995
2026-10-07T03:00:00Z,187.60000225
2026-10-07T04:00:00Z,244.547497
2026-10-07T05:00:00Z,273.84500125
2026-10-07T06:00:00Z,253.57250575
2026-10-07T07:00:00Z,224.27249525
2026-10-07T08:00:00Z,184.84999875
2026-10-07T09:00:00Z,159.7524985
2026-10-07T10:00:00Z,140.2625005
2026-10-07T11:00:00Z,135.66499725
2026-10-07T12:00:00Z,141.06000125
2026-10-07T13:00:00Z,158.64250149999998
2026-10-07T14:00:00Z,181.14749925
2026-10-07T15:00:00Z,228.88750075
2026-10-07T16:00:00Z,250.0625
2026-10-07T17:00:00Z,239.040001
2026-10-07T18:00:00Z,204.56499875
2026-10-07T19:00:00Z,175.07000349999998
2026-10-07T20:00:00Z,172.922497
2026-10-07T21:00:00Z,147.31250025
2026-10-07T22:00:00Z,150.91249825
2026-10-07T23:00:00Z,133.329996
2026-10-08T00:00:00Z,125.67750175
2026-10-08T01:00:00Z,125.74500075
2026-10-08T02:00:00Z,126.275
2026-10-08T03:00:00Z,126.46750225
2026-10-08T04:00:00Z,142.11000074999998
2026-10-08T05:00:00Z,166.08750525
2026-10-08T06:00:00Z,183.8724975
2026-10-08T07:00:00Z,166.04249950000002
2026-10-08T08:00:00Z,143.48250174999998
2026-10-08T09:00:00Z,128.897501
2026-10-08T10:00:00Z,110.7824995
2026-10-08T11:00:00Z,101.7074985
2026-10-08T12:00:00Z,95.947498
2026-10-08T13:00:00Z,101.3600005
2026-10-08T14:00:00Z,113.8600005
2026-10-08T15:00:00Z,140.07750125
2026-10-08T16:00:00Z,148.86499775
2026-10-08T17:00:00Z,152.09000025
2026-10-08T18:00:00Z,140.27000025
2026-10-08T19:00:00Z,129.00000025
2026-10-08T20:00:00Z,114.130001
2026-10-08T21:00:00Z,97.1525
2026-10-08T22:00:00Z,95.324999
2026-10-08T23:00:00Z,84.39250175000001
2026-10-09T00:00:00Z,83.48500075
2026-10-09T01:00:00Z,80.93250125
2026-10-09T02:00:00Z,81
2026-10-09T03:00:00Z,90.7650015
2026-10-09T04:00:00Z,112.51250075
2026-10-09T05:00:00Z,138.26249675000005
2026-10-09T06:00:00Z,145.57000374999998
2026-10-09T07:00:00Z,115.500002
2026-10-09T08:00:00Z,103.24
2026-10-09T09:00:00Z,81.25250225
2026-10-09T10:00:00Z,50.63749975
2026-10-09T11:00:00Z,38.2875
2026-10-09T12:00:00Z,36.17749975
2026-10-09T13:00:00Z,36.7949995
2026-10-09T14:00:00Z,57.2350015
2026-10-09T15:00:00Z,84.59500125
2026-10-09T16:00:00Z,107.06750125
2026-10-09T17:00:00Z,112.540001
2026-10-09T18:00:00Z,93.8925
2026-10-09T19:00:00Z,80.69750025
2026-10-09T20:00:00Z,69.84000025
2026-10-09T21:00:00Z,42.74249925
2026-10-09T22:00:00Z,13.88250025
2026-10-09T23:00:00Z,13.747499999999999
2026-10-10T00:00:00Z,13.985
2026-10-10T01:00:00Z,14.6575
2026-10-10T02:00:00Z,16.0475
2026-10-10T03:00:00Z,13.715
2026-10-10T04:00:00Z,22.1850005
2026-10-10T05:00:00Z,38.665
2026-10-10T06:00:00Z,50.77500075
2026-10-10T07:00:00Z,41.61499975
2026-10-10T08:00:00Z,21.41499975
2026-10-10T09:00:00Z,5.4875
2026-10-10T10:00:00Z,0.27
2026-10-10T11:00:00Z,-0.495
2026-10-10T12:00:00Z,1.4575
2026-10-10T13:00:00Z,1.795
2026-10-10T14:00:00Z,13.885
2026-10-10T15:00:00Z,90.00500050000001
2026-10-10T16:00:00Z,137.76249875
2026-10-10T17:00:00Z,166.67499924999998
2026-10-10T18:00:00Z,144.1100005
2026-10-10T19:00:00Z,125.72749925
2026-10-10T20:00:00Z,126.63750075
2026-10-10T21:00:00Z,115.25
2026-10-10T22:00:00Z,113.99499900000001
2026-10-10T23:00:00Z,103.06999975
2026-10-11T00:00:00Z,100.5300005
2026-10-11T01:00:00Z,99.67499925
2026-10-11T02:00:00Z,102.05249975
2026-10-11T03:00:00Z,101.01000025
2026-10-11T04:00:00Z,104.762499
2026-10-11T05:00:00Z,124.0374985
2026-10-11T06:00:00Z,133.74749775
2026-10-11T07:00:00Z,120.29750050000001
2026-10-11T08:00:00Z,91.249999
2026-10-11T09:00:00Z,60.00000125
2026-10-11T10:00:00Z,57.7649995
2026-10-11T11:00:00Z,38.9799995
2026-10-11T12:00:00Z,33.5150005
2026-10-11T13:00:00Z,67.44000075
2026-10-11T14:00:00Z,114.81999975
2026-10-11T15:00:00Z,196.33749775
2026-10-11T16:00:00Z,228.0374985
2026-10-11T17:00:00Z,234.7874985
2026-10-11T18:00:00Z,229.00500475
2026-10-11T19:00:00Z,214.2524985
2026-10-11T20:00:00Z,198.3849985
2026-10-11T21:00:00Z,182.04500224999998
